,Smiles,Label,Weight,logP(o/w)
224,O1[C@H](C)[C@H](O)[C@H](O)[C@@H](O)[C@@H]1O[C@H]1CC[C@]2([C@@H](CC[C@@]3([C@@H]2C=C[C@]24OC[C@]5([C@H]2CC(CC5)(C)C)[C@H](O)C[C@@]34C)C)[C@@]1(CO)C)C,0,618.85199,4.3769999
20,O[C@H]1CC[C@]2([C@@H](CC[C@@]3([C@@H]2CC[C@@H]2[C@@H]4[C@@](CC[C@]23C)(CC[C@H]4C(C)=C)CO)C)C1(C)C)C,0,442.728,6.9120002000000005
119,o1cccc1\C=C\C(=O)Nc1c(n(nc1CCC)C)C(=O)N,0,302.33398,0.271
46,O1[C@H](CO)[C@@H](O)[C@H](OC(=O)C)[C@@H](O)[C@@H]1O[C@H]1[C@@H](O)[C@H](O[C@@H](O[C@H]2CC[C@]3([C@@H](CC[C@@]4([C@@H]3C=C[C@]35OC[C@]6([C@H]3CC(CC6)(C)C)[C@@H](O)C[C@@]45C)C)[C@@]2(CO)C)C)[C@@H]1O)C,0,823.02997,3.05
231,Clc1cccc(Cl)c1\C=C\C(=O)\C=C\c1ccccc1Oc1ncnc2c1cc(cc2)C,1,461.34799000000004,7.293000200000001
63,O1CC=2[C@@H]3CCc4c(ccc(C(C)C)c4O)[C@]3(CCC=2C1=O)C,0,312.409,3.7079998999999995
182,Fc1ccccc1CCNc1ncnc2c1c(OC)c(OC)c(OC)c2,1,357.38498,2.44348
112,Ic1cc2c(ncnc2SCCCC)cc1,0,344.22,4.5830002
60,O1c2c(C=C(C3=NN(C(=O)C[NH2+]CC(C)C)C(C3)c3ccccc3)C1=O)cccc2,1,404.48999,4.4840002
66,Brc1cc(Br)cc(C2N(N=C(C2)C)C(=O)CCc2ccccc2)c1O,0,466.173,5.2069998
274,S(=O)(=O)(N1N=C(CC1c1ccccc1)C1=Cc2c(OC1=O)cccc2)c1ccc([N+](=O)[O-])cc1,0,475.48099,4.5349998
238,Clc1n(nc(C)c1\C=C\C(=O)\C=C\c1ccc(Oc2ncnc3c2cccc3)cc1)C,0,430.89499000000006,5.0089998
170,Fc1ccc(Nc2ncnc3c2cc(OC)c(OC)c3OC)cc1,0,329.33099,2.3044801
190,O(c1ccc(cc1)\C=C\C(=O)\C=C\c1cc(OC)ccc1OC)c1ncnc2c1cccc2,1,438.483,5.7270002
65,Oc1cc2c(cc1O)[C@@]1([C@@H](CC2=O)C(C)=C(CC1)C)C,0,272.34398999999996,2.2809999
128,O1c2c(C=C(C3=NN(C(=O)C[NH+](CC)CC)C(C3)c3ccccc3)C1=O)cccc2,1,404.48999,4.1209998
61,O1c2c(C=C(C3=NN(C(=O)C[NH2+]C(C)C)C(C3)c3ccccc3)C1=O)cccc2,1,390.46297999999996,3.9739999999999998
105,O1c2c(C=C(C3=NN(C(=O)C[NH+]4CCCCC4CC)C(C3)c3ccccc3)C1=O)cccc2,1,444.55499000000003,5.4889998
110,S(CCCC)CC(=O)N1N=C(C[C@@H]1c1ccccc1)C1=Cc2c(OC1=O)cccc2,1,420.53299000000004,5.513
96,Oc1ccccc1C1N(N=C(C1)C)C(=O)c1ccc([N+](=O)[O-])cc1,0,325.32401,3.2980001000000003
24,O[C@H]1CC[C@]2([C@@H](CC[C@@]3([C@@H]2CC[C@@H]2[C@@H]4[C@@](CC[C@]23C)(CC[C@H]4C(C)=C)COC(=O)CCC(=O)N2CCCC2)C)C1(C)C)C,1,595.909,7.4070000999999985
212,Clc1ccccc1C(=O)N1CC[NH+](CC1)CCOC(=O)[C@]12[C@H](C3=CC[C@H]4[C@](CC[C@@H]5[C@@]4(CC[C@H](O)C5(C)C)C)(C)[C@@]3(CC1)C)[C@@H](C)[C@@H](CC2)C,1,708.448,7.918000200000001
260,O1c2c(C=C(C3=NN(C(=O)C[NH2+]C4CCCCC4)C(C3)c3ccccc3)C1=O)cccc2,0,430.52797999999996,5.1500001
169,Clc1ccc(Nc2ncnc3c2cc(OC)c(OC)c3OC)cc1,0,345.78598,2.74348
271,O1c2c(C=C(C3=NN(C(=O)c4ccccc4)C(C3)c3ccccc3)C1=O)cccc2,0,394.42999,5.3499999
114,O1c2c(C=C(C3=NN(C(=O)C[NH2+]CCC)C(C3)c3ccccc3)C1=O)cccc2,0,390.46297999999996,4.1259999
126,Oc1ccccc1C1N(N=C(C1)C)C(=O)C[NH+](CC)CC,0,290.38698999999997,2.1340001
10,O=C1CC[C@]2([C@@H](CC[C@@]3([C@@H]2CC[C@@H]2[C@@H]4[C@@](CC[C@]23C)(CC[C@H]4C(C)=C)C(OCC[NH+]2CCCC2)=O)C)C1(C)C)C,0,552.86401,6.788000099999999
168,Brc1cc(Cl)c(Nc2ncnc3c2cc(OC)c(OC)c3OC)cc1,0,424.68201,3.5764799
197,O(c1ccc(cc1)\C=C\C(=O)\C=C\c1ccccc1OC)c1ncnc2c1cccc2,1,408.457,5.7340002
175,Clc1cc(Nc2ncnc3c2cc(OC)c(OC)c3OC)ccc1,0,345.78598,2.7804799
193,O1[C@@H](C)[C@H](O)[C@@H]([NH3+])C[C@@H]1O[C@@H]1c2c(C[C@](O)(C1)C(=O)CO)c(O)c1c(C(=O)c3c(cccc3OC)C1=O)c2O,0,544.53296,0.50700003
251,Clc1cc(Cl)ccc1\C=C\C(=O)\C=C\c1ccc(Oc2ncnc3c2cccc3)cc1,0,447.32097999999996,6.999000099999999
40,S(CC=C)c1ncnc2c1cccc2,0,202.28101,2.6210001
237,Clc1n(nc(C)c1\C=C\C(=O)\C=C\c1ccc(Oc2ncnc3c2cccc3C)cc1)C,0,444.92199999999997,5.3049998
184,o1c2cc(OC)c(Nc3ncnc4c3cc(OC)c(OC)c4OC)cc2c2c1cccc2,1,431.44800000000004,3.8814800000000003
155,O1c2c(C(=O)C(OCC(=O)N\N=C\c3occc3)=C1c1cc(OC)c(OC)c(OC)c1)c(OC)cc(OC)c2,1,538.50897,3.1764801
35,O1[C@H]2[C@@H](CC\C(=C/CC[C@]3(O[C@@H]23)C)\COC(=O)\C=C\c2ccccc2OC)C(=C)C1=O,1,424.49298,3.9930000000000003
29,O1[C@H]2[C@@H](CC\C(=C/CC[C@]3(O[C@@H]23)C)\COC(=O)\C=C\c2c(OC)cccc2OC)C(=C)C1=O,1,454.51898,3.947
47,O1[C@H](CO)[C@@H](O)[C@H](O)[C@@H](OC(=O)C)[C@@H]1O[C@H]1[C@@H](O)[C@H](O[C@@H](O[C@H]2CC[C@]3([C@@H](CC[C@@]4([C@@H]3C=CC3=C5CC(CC[C@]5(CO)[C@H](O)C[C@]34C)(C)C)C)[C@@]2(CO)C)C)[C@@H]1O)C,0,823.02997,1.55374
153,Fc1ccccc1\C=N\NC(=O)COC1=C(Oc2c(C1=O)c(OC)cc(OC)c2)c1cc(OC)c(OC)c(OC)c1,1,566.53796,4.6124802
235,Fc1ccc(cc1)\C=C\C(=O)\C=C\c1ccc(Oc2ncnc3c2cccc3C)cc1,1,410.44800000000004,6.2290000999999995
42,O(c1ccc(cc1)\C=C\C(=O)C)c1ncnc2c1cccc2,0,290.32198999999997,3.4739999999999998
203,O1[C@@H]2[C@H]([C@H](C)[C@H]1CC[C@@H](C[NH+]1CCCC1)C)[C@@]1([C@H]([C@H]3[C@H](CC1)[C@@]1([C@@H](C[C@@H](OCc4ccccc4)CC1)CC3)C)C2)C,0,562.90302,9.753000300000002
26,O1CCN(CC1)C(=O)CCC(OC[C@]12[C@@H]([C@H]3CC[C@H]4[C@](CC[C@@H]5[C@@]4(CC[C@H](O)C5(C)C)C)(C)[C@@]3(CC1)C)[C@@H](CC2)C(C)=C)=O,1,611.90796,6.441
172,O(C)c1c(OC)c2ncnc(Nc3ccc([N+](=O)[O-])cc3)c2cc1OC,0,356.33797999999996,2.0864799
258,FC(F)(F)c1ccccc1C1N(N=C(C1)C1=Cc2c(OC1=O)cccc2)C(=O)C[NH+]1CCOCC1,0,486.47,3.9377601
97,Clc1ccccc1C(=O)N1N=C(CC1c1ccccc1O)C,0,314.772,3.9530001000000006
57,O1c2c(C=C(C3=NN(C(=O)C[NH+]4CCN(CC4)C(OC(C)(C)C)=O)C(C3)c3ccccc3)C1=O)cccc2,0,517.6060200000001,4.033
102,Brc1cc(C2N(N=C(C2)C)C(=O)CC)c(O)cc1,0,311.17899,3.0109999
132,Clc1c(cccc1Cl)\C=C\C(=O)\C=C\c1ccc(OCC(OCC)=O)cc1,1,405.27698,5.7067399000000005
259,S1CC[NH+](CC1)CC(=O)N1N=C(CC1c1ccccc1C(F)(F)F)C1=Cc2c(OC1=O)cccc2,1,502.53699000000006,4.57376
125,O1c2c(C=C(C3=NN(C(=O)C[NH+]4CCC([NH+](CC)CC)CC4)C(C3)c3ccccc3)C1=O)cccc2,0,488.63199000000003,4.651
16,Fc1cc(ccc1)C(=O)N1CC[NH+](CC1)CCOC(=O)[C@]12[C@@H]([C@H]3CC[C@H]4[C@](CC[C@@H]5[C@@]4(CCC(=O)C5(C)C)C)(C)[C@@]3(CC1)C)[C@@H](CC2)C(C)=C,1,689.97699,7.205999900000001
143,O(C)c1c2c([C@@]3(C(CC2)=C(C)C(=O)CC3)C)c(O)cc1C(C)C,1,314.42499,4.3140000999999994
239,O1c2c(C=C(C3=NN(C(=O)C[NH+]4CCC(CC4)C(=O)N)C(C3)c3ccccc3)C1=O)cccc2,0,459.526,2.687
166,O(C)c1c(OC)c2ncnc(N[C@H](C)c3ccccc3)c2cc1OC,0,339.39499,2.6664801
15,Fc1cc(ccc1F)C(=O)N1CC[NH+](CC1)CCOC(=O)[C@]12[C@@H]([C@H]3CC[C@H]4[C@](CC[C@@H]5[C@@]4(CCC(=O)C5(C)C)C)(C)[C@@]3(CC1)C)[C@@H](CC2)C(C)=C,1,707.96698,7.356999900000001
262,S(Cc1occc1)CC(=O)N1N=C(C[C@@H]1c1ccccc1C(F)(F)F)C1=Cc2c(OC1=O)cccc2,0,512.508,5.5517601999999995
185,O(C)c1cc(ccc1OC)C(=O)N1CC[NH+](CC1)CCOC(=O)[C@]12[C@H](C3=CC[C@H]4[C@](CC[C@@H]5[C@@]4(CC[C@H](O)C5(C)C)C)(C)[C@@]3(CC1)C)[C@@H](C)[C@@H](CC2)C,0,734.0549900000001,7.0267401
51,O(C(=O)C)c1ccccc1C1N(N=C(C1)C)C(=O)C[NH+]1CCC(CC1)C(=O)C,0,386.47198,1.851
206,Clc1ccc(cc1)CC(=O)N1CC[NH+](CC1)CCOC(=O)[C@]12[C@H](C3=CC[C@H]4[C@](CC[C@@H]5[C@@]4(CC[C@H](O)C5(C)C)C)(C)[C@@]3(CC1)C)[C@@H](C)[C@@H](CC2)C,1,722.47498,8.0080004
134,O1CC2=C(C=C3N(Cc4c3nc3c(cc(O)cc3)c4)C2=O)[C@@](O)(CC)C1=O,0,364.35699,2.033
183,Brc1cc(Nc2ncnc3c2cc(OC)c(OC)c3)ccc1,0,360.211,3.3197400999999997
208,Clc1cccc(F)c1C(=O)N1CC[NH+](CC1)CCOC(=O)[C@]12[C@H](C3=CC[C@H]4[C@](CC[C@@H]5[C@@]4(CC[C@H](O)C5(C)C)C)(C)[C@@]3(CC1)C)[C@@H](C)[C@@H](CC2)C,1,726.43799,8.069000200000001
123,O=C1NC(=Nc2c1n(nc2CCC)C)\C=C\c1ccccc1,0,294.358,2.335
148,S(c1ncnc2c1cccc2)c1oc(nn1)-c1cc(OC)c(OC)c(OC)c1,0,396.42699999999996,3.3114800000000004
25,O[C@H]1CC[C@]2([C@@H](CC[C@@]3([C@@H]2CC[C@@H]2[C@@H]4[C@@](CC[C@]23C)(CC[C@H]4C(C)=C)COC(=O)CCC(=O)N2CCCCC2)C)C1(C)C)C,1,609.93597,7.849
70,Brc1cc(C2N(N=C(C2)C)C(=O)CCl)c(O)cc1,0,331.59698,2.964
87,S1CC[NH+](CC1)CC(=O)N1N=C(CC1c1ccccc1O)C,0,320.43698,1.6540000000000001
204,O[C@H]1CC[C@]2([C@@H](CC[C@@]3([C@@H]2CC=C2[C@@H]4[C@@H](C)[C@@H](CC[C@@]4(CC[C@]23C)C(=O)[O-])C)C)C1(C)C)C,0,455.70300000000003,6.547999900000001
59,O=C1C2=C([C@@]3([C@@H](CC2)[C@](CO)(C)C(=O)CC3)C)C(=O)C=C1C(C)C,0,330.42398,1.2970001
187,O1[C@@H]2[C@H]([C@H](C)[C@H]1CC[C@@H](C[NH+]1CC[NH2+]CC1)C)[C@@]1([C@H]([C@H]3[C@H](CC1)[C@@]1([C@@H](C[C@@H](OCc4ccc(OC)cc4)CC1)CC3)C)C2)C,1,608.9519700000001,8.434
151,O1c2c(C(=O)C(OCC(=O)N\N=C\c3ccc(cc3)C)=C1c1cc(OC)c(OC)c(OC)c1)c(OC)cc(OC)c2,1,562.5750099999999,4.75948
107,FC(F)(F)c1ccccc1C1N(N=C(C1)C1=Cc2c(OC1=O)cccc2)C(=O)C[NH+](CCCCCC)CCCCCC,0,584.703,8.9337597
36,O1[C@H]2[C@@H](CC\C(=C/CC[C@]3(O[C@@H]23)C)\COC(=O)\C=C\c2ccccc2OCC)C(=C)C1=O,1,438.51999000000006,4.3340001
220,O1[C@H](CO)[C@@H](O)[C@H](O)[C@@H](O)[C@@H]1O[C@H]1[C@@H](O)[C@H](O[C@@H](O[C@H]2CC[C@]3([C@@H](CC[C@@]4([C@@H]3C=C[C@]35OC[C@]6([C@H]3CC(CC6)(C)C)C(=O)C[C@@]45C)C)[C@@]2(CO)C)C)[C@@H]1O)C,0,778.97699,1.85
177,Fc1cc(Nc2ncnc3c2cc(OC)c(OC)c3OC)ccc1,0,329.33099,2.34148
118,O=C(N)c1n(nc(CCC)c1NC(=O)\C=C\c1ccccc1)C,0,312.37299,1.556
133,Ic1cc2c(ncnc2SCC)cc1,0,316.16598999999997,3.6989998999999996
171,O(C)c1c(OC)c2ncnc(Nc3ccc(O)cc3)c2cc1OC,0,327.34,1.84348
138,Brc1cc(Br)cc([C@@H]2N(N=C(C2)C)C(=O)CSCC(OC)=O)c1O,1,480.17699999999996,3.5660000000000003
236,O[C@H]1CC[C@]2([C@@H](CC[C@@]3([C@@H]2CC=C2[C@@H]4[C@@H](C)[C@@H](CC[C@@]4(CC[C@]23C)C(OCC[NH+]2CCN(CC2)C(=O)c2ccccc2C)=O)C)C)C1(C)C)C,1,688.02997,7.624000099999999
147,Ic1cc2c(ncnc2Sc2sc(nn2)-c2cc(OC)c(OC)c(OC)c2)cc1,0,538.39001,5.353479900000001
5,O=C1CC[C@]2([C@@H](CC[C@@]3([C@@H]2CC[C@@H]2[C@@H]4[C@@](CC[C@]23C)(CC[C@H]4C(C)=C)C(OCCC[NH+](CC)CC)=O)C)C1(C)C)C,1,568.90698,7.380000099999999
199,O(C)c1ccccc1C1N(N=C(C1)C)C(=O)C[NH+]1CCC(OC)CC1,0,346.45099,2.2869999
156,s1ccc(C)c1\C=N\NC(=O)COC1=C(Oc2c(C1=O)c(OC)cc(OC)c2)c1cc(OC)c(OC)c(OC)c1,1,568.60297,4.287479900000001
263,Brc1ccc(SCC(=O)N2N=C(C[C@@H]2c2ccc(cc2)C(F)(F)F)C2=Cc3c(OC2=O)cccc3)cc1,1,587.41602,7.5027599
95,Oc1ccccc1C1N(N=C(C1)C)C(=O)c1ccc(cc1)C,1,294.35400000000004,3.661
136,O1c2c(C=C(C3=NN(C(=O)C[NH+]4CC[NH+](CC4)C)C(C3)c3ccccc3)C1=O)cccc2,0,432.52399,2.964
218,O1[C@H](C)[C@H](O)[C@H](O)[C@@H](O)[C@@H]1O[C@H]1CC[C@]2([C@@H](CC[C@@]3([C@@H]2C=CC2=C4CC(CC[C@]4(CO)[C@@H](O)C[C@]23C)(C)C)C)[C@@]1(CO)C)C,0,618.85199,3.1289999
72,Oc1ccccc1C1N(N=C(C1)C)C(=O)C[NH+](CC(C)C)CC(C)C,0,346.495,4.078000100000001
150,O(C)c1c(OC)cc(Nc2ncnc3c2cc(OC)c(OC)c3OC)cc1OC,0,401.41898,1.59296
111,S(CCCC)CC(=O)N1N=C(C[C@@H]1c1ccccc1C(F)(F)F)C1=Cc2c(OC1=O)cccc2,1,488.53,6.445759799999999
201,Fc1ccc(cc1)CO[C@H]1CC[C@]2([C@@H](C1)CC[C@@H]1[C@@H]2CC[C@@]2([C@@H]3[C@@H](O[C@H](CC[C@@H](C[NH+]4CCCC4)C)[C@H]3C)C[C@@H]12)C)C,1,580.89301,9.906000099999998
93,Brc1cc(Br)cc([C@@H]2N(N=C(C2)C)C(=O)CSc2sc3c(n2)cccc3)c1O,1,541.2880200000001,6.0780001
92,Brc1cc(Br)cc([C@@H]2N(N=C(C2)C)C(=O)CSc2ncccc2)c1O,0,485.19998,4.6240001
31,O1[C@H]2[C@@H](CC\C(=C/CC[C@]3(O[C@@H]23)C)\COC(=O)\C=C\c2cc(OC)ccc2OC)C(=C)C1=O,1,454.51898,3.9860001000000005
270,S(CC(=O)N1N=C(C[C@@H]1c1ccccc1C(F)(F)F)C1=Cc2c(OC1=O)cccc2)c1ncccn1,1,510.496,4.6937599
181,O(C)c1cc2c(CC[C@@H]3[C@@]2(CCC(C(=O)[O-])=C3C)C)c(O)c1C(C)C,0,343.44299,4.0339998999999995
12,O=C1CC[C@]2([C@@H](CC[C@@]3([C@@H]2CC[C@@H]2[C@@H]4[C@@](CC[C@]23C)(CC[C@H]4C(C)=C)C(OCC[NH+]2CCN(CC2)C(=O)\C=C\c2ccccc2)=O)C)C1(C)C)C,1,698.02496,7.6599998
56,O1c2c(C=C(C3=NN(C(=O)C[NH2+]C(C)(C)C)C(C3)c3ccccc3)C1=O)cccc2,0,404.48999,4.381
44,O1[C@H](COC(=O)C)[C@@H](O)[C@H](O)[C@@H](O)[C@@H]1O[C@H]1[C@@H](O)[C@H](O[C@@H](O[C@H]2CC[C@]3([C@@H](CC[C@@]4([C@@H]3C=C[C@]35OC[C@]6([C@H]3CC(CC6)(C)C)[C@H](O)C[C@@]45C)C)[C@@]2(CO)C)C)[C@@H]1O)C,0,823.02997,3.05
117,O(C)c1c(OC)cc(cc1OC)\C=C\C(=O)Nc1c(n(nc1CCC)C)C(=O)N,0,402.45099,0.99747998
209,Fc1ccc(cc1)C(=O)N1CC[NH+](CC1)CCOC(=O)[C@]12[C@H](C3=CC[C@H]4[C@](CC[C@@H]5[C@@]4(CC[C@H](O)C5(C)C)C)(C)[C@@]3(CC1)C)[C@@H](C)[C@@H](CC2)C,1,691.99298,7.480999900000001
194,O1[C@@H](C)[C@@H](O)[C@@H]([NH3+])C[C@@H]1O[C@@H]1c2c(C[C@](O)(C1)C(=O)CO)c(O)c1c(C(=O)c3c(cccc3OC)C1=O)c2O,1,544.53296,0.50700003
261,S(Cc1occc1)CC(=O)N1N=C(C[C@@H]1c1ccc(cc1)C(F)(F)F)C1=Cc2c(OC1=O)cccc2,0,512.508,5.5537601
90,Brc1cc(Br)cc([C@@H]2N(N=C(C2)C)C(=O)CSc2ccc(Br)cc2)c1O,1,563.10797,6.2490001
109,S(CCCC)CC(=O)N1N=C(C[C@@H]1c1ccc(cc1)C(F)(F)F)C1=Cc2c(OC1=O)cccc2,1,488.53,6.447760099999999
129,O1c2c(C(=O)C(OCCC[NH+](CC)CC)=C1c1cc(OC)c(OC)c(OC)c1)c(OC)cc(OC)c2,0,502.58398,3.8474801
91,Brc1cc(Br)cc([C@@H]2N(N=C(C2)C)C(=O)CSc2ccccc2)c1O,0,484.21200999999996,5.4510002
38,Brc1cc(C2N(N=C(C2)C)C(=O)C[NH+](CC=C)CC=C)c(O)cc1,1,393.30499,3.6110001000000005
249,Clc1c(cccc1Cl)\C=C\C(=O)\C=C\c1ccc(Oc2ncnc3c2cc(Cl)cc3)cc1,0,481.76599000000004,7.589000200000001
180,O(C)c1c(OC)c2ncnc(Nc3ccccc3[N+](=O)[O-])c2cc1OC,0,356.33797999999996,2.08448
179,Fc1ccccc1Nc1ncnc2c1cc(OC)c(OC)c2OC,0,329.33099,2.30248
268,S(CC(=O)N1N=C(C[C@@H]1c1ccccc1)C1=Cc2c(OC1=O)cccc2)c1ccccc1,0,440.52297999999996,5.77
252,Clc1cccc(Cl)c1\C=C\C(=O)\C=C\c1ccccc1Oc1ncnc2c1cc(Cl)cc2,0,481.76599000000004,7.586999900000001
162,O1c2c(C(=O)C(OCCC[NH+]3CC[NH+](CC3)C)=C1c1cc(OC)c(OC)c(OC)c1)c(OC)cc(OC)c2,0,530.61798,2.69048
244,Fc1ccc(cc1)\C=C\C(=O)\C=C\c1ccc(Oc2ncnc3c2cccc3)cc1,1,396.42099,5.933000099999999
55,O(C(=O)C)c1ccccc1C1N(N=C(C1)C)C(=O)C[NH+]1CCCCC1C,0,358.46201,3.1289999
76,ClC1CC[NH+](CC1)CC(=O)N1N=C(CC1c1ccccc1O)C,0,336.84299,2.6589999
1,O=C1CC[C@]2([C@@H](CC[C@@]3([C@@H]2CC[C@@H]2[C@@H]4[C@@](CC[C@]23C)(CC[C@H]4C(C)=C)C(OCCCC[NH+](CC)CC)=O)C)C1(C)C)C,1,582.93396,7.822
217,O1[C@H](CO)[C@H](O)[C@H](O)[C@@H](O[C@@H]2O[C@H](CO)[C@@H](O)[C@H](O)[C@H]2O)[C@@H]1O[C@H]1CC[C@]2([C@H](C1)CC[C@@H]1[C@@H]2CC[C@@]2([C@@H]3[C@@H](O[C@@]4(OC[C@H](CC4)C)[C@H]3C)C[C@@H]12)C)C,1,740.9279799999999,3.10974
30,O1[C@H]2[C@@H](CC\C(=C/CC[C@]3(O[C@@H]23)C)\COC(=O)\C=C\c2cc(OC)c(OC)c(OC)c2)C(=C)C1=O,1,484.54498,3.4804800000000005
221,O1[C@H](CO)[C@@H](O)[C@H](O)[C@@H](O)[C@@H]1O[C@H]1[C@@H](O)[C@H](O[C@@H](O[C@H]2CC[C@]3([C@@H](CC[C@@]4([C@@H]3C=C[C@]35OC[C@]6([C@H]3CC(CC6)(C)C)[C@@H](O)C[C@@]45C)C)C2(C)C)C)[C@@H]1O)C,0,764.99396,3.668
88,Brc1cc(Br)cc(C2N(N=C(C2)C)C(=O)COc2ccc(Cl)cc2)c1O,0,502.59,5.407000099999999
127,O(C(=O)C)c1ccccc1C1N(N=C(C1)C)C(=O)C[NH+](CC)CC,0,332.42398,2.375
104,Oc1ccccc1C1N(N=C(C1)C)C(=O)C[NH+]1CCCCC1CC,0,330.452,3.5020001000000005
141,O1c2c(C(=O)C(OC)=C1c1cc(O)c3OC(C=Cc3c1)(C)C)c(O)cc1OC(C)(C)[C@@H](O)Cc12,0,466.48599,4.355
85,Oc1ccccc1C1N(N=C(C1)C)C(=O)C[NH+]1CCN(CC1)C(OC(C)(C)C)=O,1,403.50299,2.046
74,FC(F)(F)C1CC[NH+](CC1)CC(=O)N1N=C(CC1c1ccccc1O)C,1,370.39499,3.0337601000000003
189,O(c1ccc(cc1)\C=C\C(=O)\C=C\c1cc(OC)ccc1OC)c1ncnc2c1cccc2C,1,452.50998,6.0229998
135,O(C)c1ccccc1C1N(N=C(C1)C)C(=O)C[N+](CC)(CC)C,1,318.44097999999997,2.0769999
195,O1[C@@H](C)[C@@H](O)[C@@H]([NH3+])C[C@@H]1O[C@@H]1c2c(C[C@](O)(C1)C(=O)CO)c(O)c1c(C(=O)c3c(cccc3OC)C1=O)c2O,1,544.53296,0.50700003
241,Clc1cc(ccc1Cl)\C=C\C(=O)\C=C\c1ccccc1Oc1ncnc2c1cc(Cl)cc2,0,481.76599000000004,7.625999900000001
266,S(CC(=O)N1N=C(C[C@@H]1c1ccc(cc1)C(F)(F)F)C1=Cc2c(OC1=O)cccc2)c1ccc([N+](=O)[O-])cc1,0,553.51697,6.639760000000001
247,Clc1cc(ccc1Cl)\C=C\C(=O)\C=C\c1ccc(Oc2ncnc3c2cc(Cl)cc3)cc1,0,481.76599000000004,7.6279997999999996
113,Brc1cc(C2N(N=C(C2)C)C(=O)C[NH+](CCC)CCC)c(O)cc1,0,397.33701,4.197
67,Brc1cc(C2N(N=C(C2)C)C(=O)CCc2ccccc2)c(O)cc1,0,387.27698,4.3740001
2,O=C1CC[C@]2([C@@H](CC[C@@]3([C@@H]2CC[C@@H]2[C@@H]4[C@@](CC[C@]23C)(CC[C@H]4C(C)=C)C(OCCCC[NH+]2CCCC2)=O)C)C1(C)C)C,1,580.91797,7.671999900000001
11,O=C1CC[C@]2([C@@H](CC[C@@]3([C@@H]2CC[C@@H]2[C@@H]4[C@@](CC[C@]23C)(CC[C@H]4C(C)=C)C(OCC[NH+]2CCCCC2)=O)C)C1(C)C)C,0,566.89099,7.23
256,ClC1CC[NH+](CC1)CC(=O)N1N=C(CC1c1ccccc1)C1=Cc2c(OC1=O)cccc2,0,450.94597999999996,4.6459999000000005
81,Oc1ccccc1C1N(N=C(C1)C)C(=O)C[NH+]1CCCCC1,0,302.39797999999996,2.4260001
83,Oc1ccccc1C1N(N=C(C1)C)C(=O)C[NH+]1CCCCC1C,0,316.42499,2.888
69,Brc1cc(Br)cc(C2N(N=C(C2)C)C(=O)CCl)c1O,0,410.49298,3.7969998999999994
200,O(C)c1ccccc1C1N(N=C(C1)C)C(=O)C[N+]1(CCCC1)C,1,316.42499,1.9269999999999998
121,O(C)c1cc(OC)c(OC)cc1C(=O)Nc1c(n(nc1CCC)C)C(=O)N,0,376.41299,0.6017399999999999
232,Clc1ccc([N+](=O)[O-])cc1\C=C\C(=O)\C=C\c1ccc(Oc2ncnc3c2cccc3C)cc1,1,471.89999000000006,6.638
53,O(C(=O)C)c1ccccc1C1N(N=C(C1)C)C(=O)C[NH+]1CCCC1,1,330.40799,2.2249999
207,Clc1cccc(Cl)c1C(=O)N1CC[NH+](CC1)CCOC(=O)[C@]12[C@H](C3=CC[C@H]4[C@](CC[C@@H]5[C@@]4(CC[C@H](O)C5(C)C)C)(C)[C@@]3(CC1)C)[C@@H](C)[C@@H](CC2)C,1,742.89301,8.5080004
8,O1CC[NH+](CC1)CCCOC(=O)[C@]12[C@@H]([C@H]3CC[C@H]4[C@](CC[C@@H]5[C@@]4(CCC(=O)C5(C)C)C)(C)[C@@]3(CC1)C)[C@@H](CC2)C(C)=C,1,582.89001,6.2639999
144,S(c1ncnc2c1cc(OC)c(OC)c2OC)c1oc(nn1)-c1cc(OC)c(OC)c(OC)c1,0,486.505,2.7139599
130,O1[C@@H]2[C@H]([C@H](C)[C@H]1CC[C@@H](C[NH+](CC)CC)C)[C@@]1([C@H]([C@H]3[C@H](CC1)[C@@]1([C@@H](C[C@@H](OCc4ccc(OC)cc4)CC1)CC3)C)C2)C,0,594.9450099999999,9.859000199999999
6,O=C1CC[C@]2([C@@H](CC[C@@]3([C@@H]2CC[C@@H]2[C@@H]4[C@@](CC[C@]23C)(CC[C@H]4C(C)=C)C(OCCC[NH+]2CCCC2)=O)C)C1(C)C)C,1,566.89099,7.23
240,Clc1ccc([N+](=O)[O-])cc1\C=C\C(=O)\C=C\c1ccccc1Oc1ncnc2c1cc(Cl)cc2,1,492.31799,6.968999900000001
28,O1[C@H]2[C@@H](CC\C(=C\CC[C@]3(O[C@@H]23)C)\C)C(=C)C1=O,1,248.32199,1.964
94,Brc1cc(C2N(N=C(C2)C)C(=O)c2ccc(cc2)C)c(O)cc1,0,373.25,4.4959998
80,Oc1ccccc1C1N(N=C(C1)C)C(=O)C[NH+]1CCCC1,1,288.371,1.984
161,O1c2c(C(=O)C(OCCC[NH+]3CCCCC3)=C1c1cc(OC)c(OC)c(OC)c1)c(OC)cc(OC)c2,1,514.59497,4.1394801
146,Ic1cc2c(ncnc2Sc2oc(nn2)-c2cc(OC)c(OC)c(OC)c2)cc1,0,522.323,4.538479799999999
233,Clc1ccc(cc1)\C=C\C(=O)\C=C\c1ccc(Oc2ncnc3c2cccc3C)cc1,0,426.90297999999996,6.668000200000001
264,Brc1ccc(SCC(=O)N2N=C(C[C@@H]2c2ccccc2)C2=Cc3c(OC2=O)cccc3)cc1,0,519.41901,6.567999799999999
48,O1[C@H](CO)[C@@H](O)[C@H](O)[C@@H](OC(=O)C)[C@@H]1O[C@H]1[C@@H](O)[C@H](O[C@@H](O[C@H]2CC[C@]3([C@@H](CC[C@@]4([C@@H]3C=C[C@]35OC[C@]6([C@H]3CC(CC6)(C)C)[C@@H](O)C[C@@]45C)C)[C@@]2(CO)C)C)[C@@H]1O)C,0,823.02997,2.8017399
192,S(c1cc(OC)ccc1)c1ncnc2c1cccc2,0,268.34,3.6059998999999996
41,O(c1ccc(cc1)\C=C\C(=O)C)c1ncnc2c1cccc2C,0,304.349,3.77
160,O1c2c(C(=O)C(OCCCC[NH+]3CCOCC3)=C1c1cc(OC)c(OC)c(OC)c1)c(OC)cc(OC)c2,1,530.5939900000001,3.17348
223,O1[C@H](CO)[C@@H](O)[C@H](O)[C@@H](O)[C@@H]1O[C@H]1[C@@H](O)[C@H](O[C@@H](O[C@H]2CC[C@]3([C@@H](CC[C@@]4([C@@H]3C=C[C@]35OC[C@]6([C@H]3CC(CC6)(C)C)[C@@H](O)C[C@@]45C)C)[C@@]2(CO)C)C)[C@@H]1O)C,0,780.99298,2.461
149,s1c(nnc1Sc1ncnc2c1cccc2)-c1cc(OC)c(OC)c(OC)c1,0,412.49399,4.1264801
77,Oc1ccccc1C1N(N=C(C1)C)C(=O)C[NH+]1CCC(O)CC1,0,318.397,1.411
52,O(C(=O)C)c1ccccc1C1N(N=C(C1)C)C(=O)C[NH+]1CCC(O)CC1,1,360.43399,1.652
213,O[C@H]1CC[C@]2([C@@H](CC[C@@]3([C@@H]2CC=C2[C@@H]4[C@@H](C)[C@@H](CC[C@@]4(CC[C@]23C)C(OCC[NH+]2CC[NH2+]CC2)=O)C)C)C1(C)C)C,1,570.90302,5.8249998
116,Ic1cc2c(ncnc2SCCC)cc1,0,330.19299,4.1409998
137,O1c2c(C=C(C3=NN(C(=O)C[NH2+]C)C(C3)c3ccccc3)C1=O)cccc2,1,362.409,3.1710000000000003
32,O1[C@H]2[C@@H](CC\C(=C/CC[C@]3(O[C@@H]23)C)\COC(=O)\C=C\c2ccc(OC)cc2OC)C(=C)C1=O,1,454.51898,3.9860001000000005
75,Oc1ccccc1C1N(N=C(C1)C)C(=O)C[NH+]1CCC(CC1)C,1,316.42499,2.7839999
7,O=C1CC[C@]2([C@@H](CC[C@@]3([C@@H]2CC[C@@H]2[C@@H]4[C@@](CC[C@]23C)(CC[C@H]4C(C)=C)C(OCCC[NH+]2CCCCC2)=O)C)C1(C)C)C,1,580.91797,7.671999900000001
18,O=C1CC[C@]2([C@@H](CC[C@@]3([C@@H]2CC[C@@H]2[C@@H]4[C@@](CC[C@]23C)(CC[C@H]4C(C)=C)C(OCC[NH+]2CCN(CC2)C(=O)c2ccccc2C)=O)C)C1(C)C)C,1,686.01398,7.311999799999999
34,FC(F)(F)c1ccccc1\C=C\C(OC/C/1=C/CC[C@]2(O[C@H]2[C@H]2OC(=O)C([C@@H]2CC\1)=C)C)=O,1,462.46399,4.9717598
19,O1CC[NH+](CC1)CCOC(=O)[C@]12[C@@H]([C@H]3CC[C@H]4[C@](CC[C@@H]5[C@@]4(CCC(=O)C5(C)C)C)(C)[C@@]3(CC1)C)[C@@H](CC2)C(C)=C,1,568.86298,5.822
163,O1c2c(C(=O)C(OCCC[NH+]3CCOCC3)=C1c1cc(OC)c(OC)c(OC)c1)c(OC)cc(OC)c2,1,516.5670200000001,2.7314799
9,O=C1CC[C@]2([C@@H](CC[C@@]3([C@@H]2CC[C@@H]2[C@@H]4[C@@](CC[C@]23C)(CC[C@H]4C(C)=C)C(OCC[NH+](CC)CC)=O)C)C1(C)C)C,0,554.88,6.938000200000001
73,Oc1ccccc1C1N(N=C(C1)C)C(=O)C[NH+]1CC(CC(C1)C)C,0,330.452,3.142
62,O[C@H]1CC[C@]2([C@@H](CC[C@@]3([C@@H]2CC=C2[C@@H]4[C@@H](C)[C@@H](CC[C@@]4(CC[C@]23C)C(OCC[NH+]2CCN(CC2)C(=O)c2ccc(cc2)C(C)C)=O)C)C)C1(C)C)C,0,716.08398,8.470999699999998
211,FC(F)(F)c1ccccc1C(=O)N1CC[NH+](CC1)CCOC(=O)[C@]12[C@H](C3=CC[C@H]4[C@](CC[C@@H]5[C@@]4(CC[C@H](O)C5(C)C)C)(C)[C@@]3(CC1)C)[C@@H](C)[C@@H](CC2)C,0,742.0,8.260760300000001
37,O1[C@H](CO)[C@H](O)[C@H](O)[C@@H](O[C@@H]2O[C@H](CO)[C@@H](O)[C@H](O)[C@H]2O)[C@@H]1O[C@H]1CC[C@]2([C@H](C1)CC[C@@H]1[C@@H]2CC[C@@]2([C@@H]3[C@@H](O[C@@]4(OCC(CC4)=C)[C@H]3C)C[C@@H]12)C)C,1,738.9119900000001,2.5357399
120,O(C)c1c(OC)cc(cc1OC)C(=O)Nc1c(n(nc1CCC)C)C(=O)N,0,376.41299,0.35348001
265,Brc1ccc(SCC(=O)N2N=C(C[C@@H]2c2ccccc2C(F)(F)F)C2=Cc3c(OC2=O)cccc3)cc1,0,587.41602,7.5007601
98,Brc1cc(C2N(S(=O)(=O)c3ccc(cc3)C)N=C(C2)C)c(O)cc1,0,409.30399,3.7460001000000003
248,Clc1ccc(cc1[N+](=O)[O-])\C=C\C(=O)\C=C\c1ccc(Oc2ncnc3c2cc(Cl)cc3)cc1,0,492.31799,6.971000200000001
219,O1[C@H](C)[C@H](O)[C@H](O)[C@@H](O)[C@@H]1O[C@H]1CC[C@]2([C@@H](CC[C@@]3([C@@H]2C=CC2=C4CC(CC[C@]4(CO)[C@H](O)C[C@]23C)(C)C)C)[C@@]1(CO)C)C,0,618.85199,3.1289999
165,O(C)c1c(OC)c2ncnc(N[C@@H](C)c3ccccc3)c2cc1OC,0,339.39499,2.6664801
103,O1c2c(C=C(C3=NN(C(=O)CC)C(C3)c3ccccc3)C1=O)cccc2,0,346.38599,4.1630001000000005
108,O1c2c(C=C(C3=NN(C(=O)C[NH+](CCCC)CCCC)C(C3)c3ccccc3)C1=O)cccc2,1,460.59799000000004,6.2329998
198,O(C)c1ccccc1C1N(N=C(C1)C)C(=O)C[NH+](C(C)C)C(C)C,0,332.46799,3.322
242,Clc1ccc(cc1[N+](=O)[O-])\C=C\C(=O)\C=C\c1ccccc1Oc1ncnc2c1cc(Cl)cc2,0,492.31799,6.968999900000001
145,s1c(nnc1Sc1ncnc2c1cc(OC)c(OC)c2OC)-c1cc(OC)c(OC)c(OC)c1,0,502.57199,3.5289599999999997
245,Clc1cccc(Cl)c1\C=C\C(=O)\C=C\c1ccc(Oc2ncnc3c2cc(Cl)cc3)cc1,0,481.76599000000004,7.589000200000001
164,O(C)c1c(OC)c2N=CNC(=NCc3ccccc3)c2cc1OC,0,325.36798,2.54948
191,S(c1cc(OC)ccc1)c1ncnc2c1cc(OC)c(OC)c2OC,0,358.418,3.0084801
255,BrC1CC[NH+](CC1)CC(=O)N1N=C(CC1c1ccccc1)C1=Cc2c(OC1=O)cccc2,1,495.397,4.8520002
22,O[C@H]1CC[C@]2([C@@H](CC[C@@]3([C@@H]2CC[C@@H]2[C@@H]4[C@@](CC[C@]23C)(CC[C@H]4C(C)=C)COC(=O)\C=C\C(=O)[O-])C)C1(C)C)C,0,539.77698,7.645
106,O[C@H]1CC[C@]2([C@@H](CC[C@@]3([C@@H]2CC=C2[C@@H]4[C@@H](C)[C@@H](CC[C@@]4(CC[C@]23C)C(OCC[NH+]2CCN(CC2)C(=O)C(CCCC)CC)=O)C)C)C1(C)C)C,1,696.0939900000001,8.2790003
152,O1c2c(C(=O)C(OCC(=O)N\N=C\c3[nH]ccc3)=C1c1cc(OC)c(OC)c(OC)c1)c(OC)cc(OC)c2,1,537.52496,3.1924801
101,Brc1cc(Br)cc(C2N(N=C(C2)C)C(=O)CC)c1O,0,390.07498,3.8440001000000006
154,O1c2c(C(=O)C(OCC(=O)N\N=C\c3ncccc3)=C1c1cc(OC)c(OC)c(OC)c1)c(OC)cc(OC)c2,0,549.5360099999999,3.19048
68,Oc1ccccc1C1N(N=C(C1)C)C(=O)CCc1ccccc1,0,308.38097999999997,3.5389999999999997
159,O1c2c(C(=O)C(OCCCC[NH+]3CC[NH+](CC3)C)=C1c1cc(OC)c(OC)c(OC)c1)c(OC)cc(OC)c2,1,544.64496,3.1324799
45,O1[C@H](C)[C@H](O)[C@H](O)[C@@H](O)[C@@H]1O[C@H]1CC[C@]2([C@@H](CC[C@@]3([C@@H]2C=C[C@]24OC[C@]5([C@H]2CC(CC5)(C)C)[C@@H](O)C[C@@]34C)C)[C@@]1(COC(=O)C)C)C,0,660.88898,4.9660001
100,O1c2c(C=C(C3=NN(C(=O)C[NH+]4CCC(CC4)C)C(C3)c3ccccc3)C1=O)cccc2,1,430.52797999999996,4.7709999000000005
178,O(C)c1c(OC)c2ncnc(Nc3cc([N+](=O)[O-])ccc3)c2cc1OC,0,356.33797999999996,2.1234801
228,O1c2c(C=C(C3=NN(C(=O)c4ccc(cc4)C)C(C3)c3ccccc3)C1=O)cccc2,0,408.457,5.6479998
246,Clc1ccc([N+](=O)[O-])cc1\C=C\C(=O)\C=C\c1ccc(Oc2ncnc3c2cc(Cl)cc3)cc1,1,492.31799,6.971000200000001
257,O1c2c(C=C(C3N(N=C(C3)c3ccccc3)C(=O)C[NH+]3CCCCC3)C1=O)cccc2,1,416.50097999999997,4.4130001
122,O(C)c1c(OC)cc(cc1OC)\C=C\C=1NC(=O)c2n(nc(c2N=1)CCC)C,0,384.436,1.7764799999999998
131,O1c2c(C=C(C3=NN(C(=O)C[NH2+]CC)C(C3)c3ccccc3)C1=O)cccc2,1,376.436,3.5120001000000003
250,Clc1ccc([N+](=O)[O-])cc1\C=C\C(=O)\C=C\c1ccc(Oc2ncnc3c2cccc3)cc1,1,457.87299,6.3420000000000005
234,Clc1cc(Cl)ccc1\C=C\C(=O)\C=C\c1ccc(Oc2ncnc3c2cccc3C)cc1,0,461.34799000000004,7.295000099999999
49,ClCC(=O)N1N=C(CC1c1ccccc1OC(=O)C)C,1,294.73801000000003,2.3699999
229,o1cccc1\C=C\C(=O)\C=C\c1ccccc1OCc1ccc(cc1)C,1,344.41,5.4640002
243,Clc1ccc(cc1)\C=C\C(=O)\C=C\c1ccc(Oc2ncnc3c2cccc3)cc1,0,412.87597999999997,6.3720002000000004
