,Smiles,Label,Weight,logP(o/w)
255,Brc1ccccc1C(=O)\C=C\c1cc(OCc2ccccc2)ccc1,1,393.28,6.642000200000001
89,S(=O)(=O)(C(C)C)c1ccccc1Nc1nc(nc2[nH]ccc12)Nc1ccc(N2CCC(O)CC2)cc1OC,1,536.65698,3.688
232,Clc1ccc(S(=O)(=O)N([C@H](CCC(F)(F)F)C(=O)N)Cc2ccc(cc2F)-c2ncon2)cc1,0,520.89099,2.9707601
148,Clc1cc2C=C(S(=O)(=O)Nc3ccc(OC)cc3)C(Oc2cc1)=O,0,365.793,3.5880001000000004
219,O=C/1Nc2c(nccc2)\C\1=C\c1c2c(n(c1)C)cccc2,0,275.311,2.7239999999999998
267,O=C([O-])c1ccc(cc1C1CCCC1)-c1c2cc(cnc2[nH]c1)-c1ccccc1,0,381.45499,6.4089999
172,O=C1N(c2c(N1C)c[nH+]c1c2nc(cc1)-c1c2c([nH]nc2)ccc1)C1CCN(CC1)C(=O)[C@@H](O)C,1,472.52899,2.1515299999999997
129,O(C)c1ncc(cc1)-c1nc2c3N(C4CCC(O)CC4)C(=O)N(c3c[nH+]c2cc1)C,1,406.466,2.6365298999999998
205,O(CC(=O)N)C1CCC(N2c3nc(nc(c3C=C(c3cn[nH]c3)C2=O)C)N)CC1,1,397.439,0.193
39,O1[C@H](C[C@H]2O[C@](O)([C@@H](OC(=O)\C=C\C=C\CCC)/C(/C2)=C/C(OC)=O)C(\C=C\[C@@H]2O[C@@H](C\C(\C2)=C\C(OC)=O)C[C@@]2(O[C@@H](C[C@H](OC(=O)C)C2(C)C)C[C@@H](O)CC1=O)O)(C)C)[C@H](O)C,1,905.04401,6.0949998
261,Brc1ccccc1CC=1NC(=O)N(N=1)CC(=O)NNC(=O)C1=Cc2c(OC1=O)c(Cl)cc(Cl)c2,1,567.1829799999999,4.211
224,Fc1cc(cc(N2CCOCC2)c1)C1=N\C(\NC=C1)=N/c1ccc(-n2nc(nc2)N2CCOCC2)cc1,1,502.55399000000006,1.409
263,Ic1cc(Cl)c(Nc2c(F)c(F)ccc2C(=O)NOCC2CC2)cc1,0,478.664,5.665
19,O1[C@@H]2C[C@H](O)[C@@]3([C@H]([C@H](OC(=O)c4ccccc4)[C@]4(O)C[C@H](OC(=O)[C@H](O)[C@@H](NC(OC(C)(C)C)=O)c5ccccc5)C(=C([C@@H](O)C3=O)C4(C)C)C)[C@]2(OC(=O)C)C1)C,1,807.88995,3.5799999
245,Oc1c(O)c(O)ccc1\C=C\C(=O)c1ccccc1O,0,272.25597999999997,2.825
121,O(CC(=O)[O-])C1CCC(N2c3nc(nc(c3C=C(c3ccc(OC)nc3)C2=O)C)N)CC1,1,438.46399,1.7469999999999999
100,S(=O)(=O)(\C=C\c1c(OC)cc(OC)cc1OC)Cc1cc(O)c(OC)cc1,1,394.444,2.8710001
249,Clc1ccc(cc1)C(=O)\C=C\c1cc(OCc2ccccc2)ccc1,0,348.82898,6.4380002
216,O(CO)C1CCC(N2c3nc(nc(c3C=C(c3cn(nc3)C)C2=O)C)N)CC1,1,384.44,0.384
22,O=C1N(c2nc(ncc2C(C)=C1C(=O)C)Nc1ncc(N2CC[NH2+]CC2)cc1)C1CCCC1,0,448.55099,1.161
88,Fc1cccc(F)c1NC(=O)c1cc(ccc1)-c1nc2n(C=CC=C2)c1-c1nc(ncc1)Nc1ccc(N2CCC([NH+]3CCCCC3)CC2)cc1OC,1,715.82898,6.825530099999999
4,Clc1cc(/C(=N/NC(=O)c2cc(S(=O)(=O)N3CCOCC3)ccc2)/C)c(O)cc1,1,437.90399,2.2869999
271,Brc1cc2c(nc3c(c2-c2ccccc2F)C(=O)CC(C3)C(F)(F)F)cc1,0,438.21799000000004,5.7817602
247,Brc1ccc(cc1)C(=O)\C=C\c1cc(OCc2ccccc2)ccc1,1,393.28,6.644000099999999
183,O=C(Nc1cc2cc[nH]c2nc1)c1cc(cc2c1nc(nc2N)C)C,1,332.36699999999996,1.5700001000000001
242,Fc1c(F)c(F)ccc1\C=C\C(=O)c1ccccc1O,0,278.22900000000004,4.2080002
174,OC1(CC(C1)c1nc(c2n1C=C[NH+]=C2N)-c1cc2nc(ccc2cc1)-c1ccccc1)C,0,422.51199,3.8819999999999997
258,Brc1ccc(cc1)CC=1NC(=O)N(N=1)CC(=O)NNC(=O)C1=Cc2c(OC1=O)c(Cl)cc(Cl)c2,1,567.1829799999999,4.2129997999999995
91,S(=O)(=O)(C(C)C)c1ccccc1Nc1nc(nc2[nH]ccc12)Nc1ccc(N2CCOCC2)cc1OC,1,522.63,3.2950001
7,O=C([O-])C[C@H]1[C@@H]2CC[C@H]([C@@H](CCCC(C)C)C)[C@]2(CC[C@@H]1C(CCCCC#N)=C)C,1,414.65398999999996,7.126999900000001
164,O(CO)C1CCC(N2c3nc(nc(c3C=C(c3cnc(OC)nc3)C2=O)C)N)CC1,1,412.44998,0.354
58,O=C1N(N(CC)CC)c2nc(nc(c2C=C1c1cn[nH]c1)C)N,1,313.36499,0.075999998
51,O1C[C@H]2O[C@H](OCCCCCCCC)[C@H](O)[C@@H](O)[C@@H]2OC1c1ccccc1,0,380.48098999999996,3.7030001000000006
163,O(CC(=O)N)C1CCC(N2c3nc(nc(c3C=C(c3cnc(OC)nc3)C2=O)C)N)CC1,1,439.47598,-0.29100001
62,S(=O)(=O)(Nc1cc(N)c(F)cc1)C1=Cc2c(OC1=O)c(OCC)ccc2,0,378.38,2.8139998999999998
236,S1SC[C@H](NC(=O)[C@@H](NC(=O)CNC(=O)[C@@H](NC(=O)[C@@H](NC(=O)CNC(=O)CNC(=O)CNC(=O)[C@@H](NC(=O)[C@@H](NC(=O)[C@@H](NC(=O)C[NH3+])CO)CO)CCCCNC(=O)c2cc3c(cc2)C2(OC3=O)c3c(Oc4c2ccc(O)c4)cc(O)cc3)C1)CCC[NH+]=C(N)N)CC(=O)[O-])C(=O)[O-],0,1439.4619,-5.441
196,O=C(Nc1ccc(nc1)C)c1c2nc(nc(N)c2ccc1)C,1,293.32999,1.0039999
64,O(C)c1ccc(OC)cc1CC(=O)Nc1[nH+]c(OCC)c(C#N)c(N)c1,0,357.38998,2.1199999
181,O=C(Nc1[nH]ncc1)c1cc(cc2c1nc(nc2N)C)C,1,282.30701,1.186
52,O1[C@H](CO)[C@@H](O)[C@H](OCc2ccccc2)[C@@H](OCc2ccccc2)[C@H]1OCCCCCCCC,0,472.62198,5.148479900000001
248,Clc1c(Cl)c(Cl)ccc1C(=O)\C=C\c1cc(OCc2ccccc2)ccc1,1,417.71898999999996,7.616000200000001
256,O=C(\C=C\c1ccccc1)c1ccccc1,0,208.25999,4.065000100000001
74,S=C(N(NC(=O)CC(=O)NN(C(=S)c1ccccc1)C)C)c1ccccc1,1,400.52701,0.71799999
45,O1C[C@H]2O[C@@H](OCCCCCCCC)[C@H](O)[C@@H](O)[C@@H]2OC1c1ccccc1,0,380.48098999999996,3.7030001000000006
96,S(=O)(=O)(\C=C\c1c(OC)cc(OC)cc1OC)Cc1ccc(O)cc1,0,364.418,2.8800001
24,Oc1c2c(C(=O)C=C([C@H](O)CC=C(C)C)C2=O)c(O)cc1,1,288.29898,1.2770000000000001
69,[NH2+]=C(N(C)C)NC(=[NH2+])N,0,131.183,-0.44100001
155,O1[C@@H](C[NH+](C[C@@H]1C)Cc1ccc(cc1)\C=C\c1n[nH]c2c1ccc(c2)[C@@H]1C[C@]12c1cc(OC)ccc1NC2=O)C,1,535.66797,6.1469998
36,Clc1ccc(cc1)C=1CCC(CC=1C[NH+]1CCN(CC1)c1ccc(cc1)C(=O)N=S(=O)([O-])c1cc(S(=O)(=O)C(F)(F)F)c(N[C@H](CC[NH+]2CCOCC2)CSc2ccccc2)cc1)(C)C,1,975.6389800000001,8.848759699999999
33,S(=O)(=O)(CC(O)(C(=O)Nc1cc(C(F)(F)F)c(cc1)C#N)C)c1ccc(F)cc1,0,430.37799,2.50176
279,O=C1Nc2c(N1C1CC[NH+](CC1)Cc1ccc(cc1)-c1nc3c(nc1-c1ccccc1)cc1nc[nH]c1c3)cccc2,1,552.6619900000001,5.5485301
61,Brc1ccc(NS(=O)(=O)C2=Cc3c(OC2=O)c(OCC)ccc3)cc1,0,424.27099999999996,4.0960002
212,O(CO)C1CCC(N2c3nc(nc(c3C=C(c3cc4c(nc3)cccc4)C2=O)C)N)CC1,1,431.496,2.6470001
239,FC1(F)[C@H](O)[C@H](O[C@H]1N1C=CC(=NC1=O)N)CO,1,263.19998,-0.93808001
85,O=C1C=2N3C[C@@H]4[NH2+][C@@H]4[C@]3(OC)[C@@H](C=2C(=O)C(N)=C1C)COC(=O)N,1,335.34,-1.5290000000000001
92,Clc1cc(Cl)c(OC)cc1Nc1c2cc(OC)c(OCCC[NH+]3CC[NH+](CC3)C)cc2[nH+]cc1C#N,0,533.47998,4.26474
201,O=C1N(c2nc(nc(c2C=C1c1cn[nH]c1)C)N)C1CCC1,1,296.33398,0.94099998
145,S(=O)(=O)(\C=C\c1ccccc1OC)Cc1ccc(OC)cc1,1,318.39301,3.1600001
225,Fc1cc(F)ccc1-c1nc2c(nccc2)c-2c1Cc1c-2cccc1,0,330.33701,5.577529900000001
262,Ic1cnc(nc1NCCCNC(=O)c1sccc1)Nc1cc(NC(=O)N2CCCC2)ccc1,0,591.47797,3.1059999
260,Clc1cc(Cl)cc2C=C(C(=O)NNC(=O)CN3N=C(NC3=O)Cc3ccc(Cl)cc3)C(Oc12)=O,1,522.73199,4.007
289,[nH+]1ccc(Nc2ccc(NCCc3c4c([nH]c3)cccc4)cc2)cc1,0,329.42699999999996,4.110000100000001
125,O1C[C@@H](N(CC1)c1nc(nc2nc(ccc12)-c1cc(CO)c(OC)cc1)N1CCOC[C@@H]1C)C,1,465.55399000000006,1.99
136,S(=O)(=O)(\C=C\c1c(OC)cc(OC)cc1OC)Cc1ccc(OC)cc1,1,378.44501,3.1440001
54,O(C)c1cc(cc(OC)c1)-c1cc2c(nc1NC(=O)NC(C)(C)C)nc(nc2)NCCCC[NH+](CC)CC,0,524.69,3.9679998999999997
276,O=C1c2c(-c3c1cccc3)c1ncccc1nc2-c1ccccc1,0,308.34,4.703529799999999
81,S(CC[C@H](NC(=O)c1ccc(NC[C@@H]([NH3+])CS)cc1-c1ccccc1)C(OC)=O)C,0,448.63199000000003,3.3889998999999995
50,O1C[C@H]2O[C@H](OCCCCCCCC)[C@H](O)[C@@H](O)[C@@H]2OC(=O)CC[C@H]2O[C@@H]2CCC1=O,0,444.52099999999996,2.2869999
112,Clc1cc(Nc2ncnc3c2cc(OCCC[NH+]2CCOCC2)c(OC)c3)ccc1F,1,447.918,3.14974
120,O(C)c1ncc(cc1)C1=Cc2c(nc(nc2C)N)N(C1=O)C1CCC(O)CC1,1,381.436,1.5089999
0,S1C[C@H](N(C(=O)C#C)C1c1ccccc1)C(OCC)=O,1,289.35501,2.339
197,S(=O)(=O)(N)c1cc(Nc2nc(N(C)c3cc4nn(C)c(c4cc3)C)ccn2)ccc1C,0,437.52797999999996,1.865
138,S(=O)(=O)(\C=C\c1cc(OC)c(OC)c(OC)c1)Cc1cc(O)c(OC)cc1,1,394.444,2.37448
210,O(CO)C1CCC(N2c3nc(nc(c3C=C(c3cc4c(nc3)cccc4)C2=O)C)N)CC1,1,431.496,2.6470001
67,O1CCOc2c1cc(cc2)-c1c([nH]nc1C)-c1cc(CC)c(O)cc1O,0,352.38998,4.295000099999999
147,S(=O)(=O)(Nc1ccc(OC)cc1)\C=C\c1c(OC)cc(OC)cc1OC,1,379.43298,2.9070001
32,S(=O)(=O)(c1ccccc1C(C)(C)C)c1ccc(NC(=O)c2cc(Cc3ccccc3C(C)C)c(O)c(O)c2O)cc1,1,573.7099599999999,7.501999900000001
287,O(c1cc2CCCc2cc1)c1nc(N[C@@H](Cc2ccccc2)CO)c2ncn(c2n1)Cc1ccc(cc1)-c1ccccc1,0,567.69299,7.6280599
283,S(CCCCCOC1=COC(=CC1=O)C[NH+]1CCOCC1)c1c2c(ncc1)cc(cc2)C(F)(F)F,0,509.569,4.1817598
270,s1cccc1\C=C\1/CC\C(=C/c2sccc2)\C/1=O,0,272.392,3.4289998999999995
257,O=C(Nc1ccccc1)CCCCCCC(=O)N[O-],1,263.31699,2.3150001000000002
68,FC(F)(F)c1cc2nc([nH]c2cc1)C[NH+]1CCN(CC1)c1ncncc1CC,0,391.42099,2.15576
60,Clc1cc2cc([nH]c2cc1)C(=O)N[C@@H](Cc1cc2c(cc1)cccc2)C(=O)N[C@@H](Cc1n[n-]nn1)C(=O)N[C@@H](CCC(OCC)=O)C(=O)Nc1ccc(OC(F)(F)F)cc1,0,847.23096,5.5257602
175,O=C(N)c1c2[nH]c(nc2ccc1)[C@@]1([NH2+]CCC1)C,0,245.30599999999998,0.93900001
16,O=C(NCC1CCC(CC1)c1nc(c2n1C=C[NH+]=C2N)-c1[nH]c2c(c1)cccc2)C,1,403.50998,2.7095301
119,O(CO)C1CCC(N2c3nc(nc(c3C=C(c3ccc(OC)nc3)C2=O)C)N)CC1,1,411.46201,1.5369999
282,S1c2c(Sc3c1cccc3)cccc2C=1OC(N2CCOCC2)=CC(=O)C=1,0,395.50299,4.0450001
71,Clc1cc(Nc2ncnc3c2cc(NC(=O)\C=C\C[NH+](C)C)c(O[C@H]2CCOC2)c3)ccc1F,1,486.95499,3.372
160,S(=O)(=O)(C(C)C)c1ccccc1Nc1nc(nc2[nH]ccc12)Nc1ccccc1OC,1,437.52399,3.7769999999999997
251,O(Cc1ccccc1)c1cc(ccc1)\C=C\C(=O)c1ccc(O)cc1,1,330.38300000000004,5.5380001
226,Fc1cc(F)ccc1[C@H]1Nc2cccnc2[C@@H]2[C@H]1Cc1c2cccc1,0,334.36899,4.276
150,Brc1c2OC(=O)C(S(=O)(=O)Nc3ccc(OC)cc3)=Cc2ccc1,0,410.24399,3.7550001
151,O(C)c1cc2cc(c3c(cc(OC)cc3)c2cc1OC)C[NH+](C)C,1,326.41598999999997,4.160739899999999
1,O1[C@@H]2[C@@H](C)[C@@H](O[C@H](C\C=C\c3occ(n3)[C@@H]3O[C@@H](C[C@@H](O)C3)C[C@@H]3O[C@H](CC(C3)=C)C\C=C/C1=O)[C@@H]2C)/C(=C/c1nc(oc1)C[C@]1(O[C@H](C[C@@H](OC)C1)[C@H](O)\C=C(\C=C\[C@H](OC)CC#C)/C)O)/C,1,943.14398,6.0159998
17,s1c2c(cc1C(OC(=O)C)C)C(=O)c1scc(c1C2=O)C(OC(=O)C)C,1,392.452,2.9949999
105,S(=O)(=O)(Nc1cc(NC(C(=O)[O-])(C)C)c(OC)cc1)\C=C\c1c(OC)cc(OC)cc1OC,1,479.53,3.0840001
284,s1c2c(c3c1cccc3)cccc2-c1c2OC(N3CCOCC3)=CC(=O)c2ccc1,0,413.49698,5.7129997999999995
2,O=C([O-])C[C@H]1[C@@H]2CC[C@H]([C@@H](CCCC(C)C)C)[C@]2(CC[C@@H]1/C(=C/CCCC#N)/C)C,1,414.65398999999996,6.793000200000001
204,O=C1N(NCC(C)C)c2nc(nc(c2C=C1c1cn[nH]c1)C)N,1,313.36499,1.056
203,O=C1N(N2CCCC2)c2nc(nc(c2C=C1c1cn[nH]c1)C)N,1,311.349,-0.074000001
173,O1[C@@H](C[NH+](C[C@@H]1C)Cc1ccc(cc1)\C=C\c1n[nH]c2c1ccc(c2)[C@@H]1C[C@]12c1c(NC2=O)cccc1)C,1,505.642,6.1539998
194,O(Cc1ccccc1)c1cc(ccc1)\C=C\C(=O)c1ccc(cc1)C,0,328.41098,6.1440000999999995
227,Fc1cc(ccc1)[C@H]1Nc2cccnc2[C@@H]2[C@H]1Cc1c2cccc1,0,316.379,4.125
23,s1c2c(cc1C(=O)C)C(=O)c1scc(c1C2=O)C(=O)C,1,304.34601000000004,1.643
63,S(=O)(=O)(Nc1ccc(OC)cc1)C1=Cc2c(OC1=O)c(OCC)ccc2,0,375.401,3.2539999
48,O1C[C@H]2O[C@H](OCCCCCCCC)[C@H](OCc3ccccc3)[C@@H](OCc3ccccc3)[C@@H]2OC(=O)CC\C=C\CCC1=O,0,608.77197,6.718480099999999
133,Clc1ccc(cc1)[C@H]1N(C(=O)N2CC(=O)NCC2)C(=N[C@H]1c1ccc(Cl)cc1)c1ccc(OC)cc1OC(C)C,0,581.5,5.4460001
139,S(=O)(=O)(\C=C\c1ccc(cc1C)C)Cc1ccc(OC)cc1,0,316.42099,3.8369998999999995
206,O(CO)C1CCC(N2c3nc(nc(c3C=C(c3cn[nH]c3)C2=O)C)N)CC1,1,370.41299,0.838
108,O1CC[NH+](CC1)CCCOc1cc2ncnc(Nc3ccc(NC(=O)c4ccccc4)cc3)c2cc1OC,0,514.6060200000001,3.3227401
252,O(Cc1ccccc1)c1cc(ccc1)\C=C\C(=O)c1ccc([N+](=O)[O-])cc1,0,359.38097999999997,5.7810001
278,O=[N+]([O-])c1ccc(cc1)-c1nc2c(nccc2)c-2c1Cc1c-2cccc1,0,339.35400000000004,5.171529799999999
35,O=C(\C=C\c1c2c([nH]c1)cccc2)c1cc2c(cc1)C(CCC2(C)C)(C)C,1,357.49698,6.804999799999999
14,O=C1N(c2c(N1C)c[nH+]c1c2nc(cc1)-c1c2c([nH]nc2)ccc1)C1CCN(CC1)C(=O)C,1,442.50299,2.5095301
220,Clc1cc(Cl)ccc1C1=C(c2c3c(n(c2)C)cccc3)C(=O)NC1=O,0,371.22299,5.077000099999999
250,Clc1cc(Cl)ccc1C(=O)\C=C\c1cc(OCc2ccccc2)ccc1,0,383.27398999999997,7.065000099999999
87,Ic1cc(F)c(Nc2c(NS(=O)(=O)C3(CC3)CC(O)CO)c(OC)cc(F)c2F)cc1,0,572.34198,3.9460001000000005
11,O=C1C=C2NC(=O)/C(=C/C=C\[C@H](OC)[C@@H](OC(=O)N)/C(=C/[C@H](C)[C@@H](O)[C@@H](OC)C[C@@H](CC(=C1NCC=C)C2=O)C)/C)/C,1,585.698,1.9677401
130,O(CCO)C1CCC(N2c3c(N(C)C2=O)c[nH+]c2c3nc(cc2)-c2ccc(OC)nc2)CC1,1,450.51898,2.5545299
127,O(C)c1ncc(cc1)-c1nc2c3N(C4CCN(CC4)C(=O)C)C(=O)N(c3c[nH+]c2cc1)C,1,433.49199999999996,1.7755299999999998
157,Brc1ccc(NS(=O)(=O)C2=Cc3cc(OC)ccc3OC2=O)cc1,0,410.24399,3.7939998999999998
213,O(CC(=O)N)C1CCC(N2c3nc(nc(c3C=C(c3cn(nc3)C)C2=O)C)N)CC1,1,411.466,-0.26100001
27,O=C1N2[C@@]([C@@H]3[C@H]([C@@H]4CC[C@H]([C@@H](CCCC(C)C)C)[C@]4(CC3)C)CC2=O)(CCC=C1)C,1,413.64599999999996,6.888
152,O(C)c1cc2cc(c3c(cc(OC)cc3)c2cc1OC)C[NH+]1CCCC[C@@H]1C,0,380.50800000000004,5.5967398
254,O(Cc1ccccc1)c1cc(ccc1)\C=C\C(=O)c1ccccc1,0,314.384,5.8460002
66,O(C)c1cc2N([C@@H]3[C@@]4([C@H]5[NH+](CC=C[C@@]5(CC)[C@@H](OC(=O)C)[C@]3(O)C(OC)=O)CC4)c2cc1[C@@]1(c2[nH]c3c(c2CC[NH+]2C[C@@](O)(C[C@@H](C1)C2)CC)cccc3)C(OC)=O)C,1,813.005,5.005000099999999
86,O1[C@@H](CC(=O)[C@@H](\C=C(/C)\[C@@H](O)[C@@H](OC)C(=O)[C@@H](C[C@@H](\C=C\C=C\C=C(/C)\[C@@H](OC)C[C@H]2O[C@](O)([C@@H](CC2)C)C(=O)C(=O)N2[C@@H](CCCC2)C1=O)C)C)C)[C@@H](C[C@H]1C[C@@H](OC)[C@H](OC(=O)C(CO)(CO)C)CC1)C,1,1030.303,6.00174
25,O=C([O-])C[C@H]1[C@@H]2CC[C@H](C(CCCC(C)C)C)[C@]2(CC[C@@H]1C(CCCCC#N)C)C,1,416.66998,8.043000200000002
176,O1[C@H]2n3c4c(c5c(CNC5=O)c5c6c(n(c45)[C@]1(C)[C@](O)(C2)CO)cccc6)c1c3cccc1,1,439.47098,5.3895302
44,Oc1cc(cc(O)c1)CCCCCCCCCCCCCCC,0,320.517,7.920000099999999
55,S1c2c(C(=O)c3c1cccc3)c(NCC[NH+](CC)CC)ccc2C,1,341.49899,3.9760001000000003
59,o1nc(C(=O)NCC)c(c1-c1cc(C(C)C)c(O)cc1O)-c1ccc(cc1)C[NH+]1CCOCC1,1,466.55798,3.8429998999999997
182,O=C(Nc1cn[nH]c1)c1cc(cc2c1nc(nc2N)C)C,1,282.30701,0.77899998
26,O1[C@@](CC[C@H]1CC#N)(C)[C@H]1CC[C@]2([C@@H](CC[C@@H]2C(CCCC(C)C)C)[C@@H]1CC(=O)[O-])C,1,430.65297999999996,7.0159997999999995
72,O(CC[NH+](C)C)c1ccc(cc1)-c1[nH]c(c(n1)-c1ccncc1)-c1cc2c(cc1)/C(=N/O)/CC2,0,454.55399000000006,3.9159998999999996
185,O1CCN(CC1)C=1N=C2N(C=C(C=C2[C@H](Nc2ccccc2C(=O)[O-])C)C)C(=O)C=1,1,407.44998,1.5659999999999998
8,O=C([O-])c1ccc(cc1)C(=C)c1cc2c(cc1C)C(CCC2(C)C)(C)C,0,347.478,7.116000200000001
240,O1[C@H](CO)[C@@H](O)[C@H](O)[C@@H]1N1C=CC(=NC1=O)N,0,243.21899,-2.529
269,Fc1ccc(cc1C(=O)N1CCN(CC1)C(=O)C1CC1)CC1=NNC(=O)c2c1cccc2,0,434.47098,2.5320001
291,n1c2c(nccc2)c-2c(Cc3c-2cccc3)c1-c1ccncc1,0,295.345,4.1754298
180,O=C(Nc1ccc(nc1)C)c1cc(cc2c1nc(nc2N)C)C,1,307.35699,1.376
144,S(=O)(=O)(\C=C\c1ccc([N+](=O)[O-])cc1)Cc1ccc(OC)cc1,1,333.36397999999997,3.141
162,Fc1cc(cnc1OC)C1=Cc2c(nc(nc2C)N)N(C1=O)C1CCC(OCC(=O)N)CC1,1,456.478,1.08
192,O(CCO)C1CCC(N2c3nc(nc(c3N=C(c3ccc(nc3)C)C2=O)C)N)CC1,1,410.478,0.235
238,O=C1NC(=O)CCC1N1Cc2c(cccc2N)C1=O,0,259.26498,-0.177
110,O(C)c1cc2cc(c3c(cc(O)cc3)c2cc1OC)C[NH+]1CCCC[C@@H]1C,0,366.48098999999996,5.3327398
165,Fc1cc(cnc1OC)C1=Cc2c(nc(nc2C)N)N(C1=O)C1CCC(OCC(=O)N)CC1,1,456.478,1.08
82,O(C)C/1=CC(=N\C\1=C/c1[nH]c(cc1C)C)c1[nH]c2c(c1)cccc2,1,317.392,4.085
47,O1C[C@H]2O[C@H](OCCCCCCCC)[C@H](OC)[C@@H](OC)[C@@H]2OC(=O)CC\C=C\CCC1=O,0,456.57599000000005,3.1424799
117,O(C)c1ncc(cc1)C1=Cc2c(nc(nc2C)N)N(C1=O)C1CCC(O)CC1,1,381.436,1.5089999
184,Clc1c(cc(OCCCc2c3n(c4c2ccc(Cl)c4-c2c(n(nc2C)C)C)[C@@H](CN(C3=O)c2c3cc(ccc3n(c2)C)C(=O)[O-])C)cc1C)C,1,711.66998,9.043999699999999
49,O1C[C@H]2O[C@H](OCCCCCCCC)[C@H](O)[C@@H](O)[C@@H]2OC(=O)CCCCCCC1=O,0,430.53799000000004,3.3629998999999997
273,Clc1ccccc1-c1c2c(nc3c1cc(Cl)cc3)CC(CC2=O)C(F)(F)F,0,410.22198,6.01476
235,O=C1N2C(=N[N-]1)c1cc(c(nc1C=C2)-c1ccc(cc1)C1([NH3+])CCC1)-c1ccccc1,1,407.47699,4.7199998
231,s1c(cc(NC(=O)N)c1C(=O)N[C@H]1CCC[NH2+]C1)-c1cc(F)ccc1,1,363.43698,1.64
156,O(C)c1cc2c3c(C[NH+]4[C@H](CCCC4)C3)c3c(cc(OC)cc3)c2cc1OC,1,378.49199999999996,5.1227398
106,S(=O)(=O)(Nc1cc(O)c(OC)cc1)\C=C\c1c(OC)cc(OC)cc1OC,1,395.43201,2.6340001
195,FC(F)(F)c1cc(NC(=O)c2cc(C#Cc3n4N=CC=Cc4nc3)c(cc2)C)ccc1C[NH+]1CC[NH+](CC1)C,0,534.586,4.884759900000001
230,Clc1cc2cc([nH]c2cc1)C(=O)N[C@@H](Cc1cc2c(cc1)cccc2)C(=O)N[C@@H](Cc1n[n-]nn1)C(=O)N[C@@H](CCC(=O)N)C(=O)Nc1ccc(OC(F)(F)F)cc1,0,818.19299,4.1867599
41,O=C1C(=O)C(C)=C([O-])C([O-])=C1CCCCCCCCC\C=C/CCCC,1,360.49399,5.6110001
146,Brc1c(OC)c(OC)c(OC)cc1C(=O)\C=C/Nc1cc(O)c(OC)cc1,1,438.27399,3.08248
102,S(=O)(=O)(\C=C\c1c(OC)cc(OC)cc1OC)Cc1cc(OP(=O)([O-])[O-])c(OC)cc1,1,472.40698,1.2877399999999999
187,O=C1N(c2c(N1C)c[nH+]c1c2nc(cc1)-c1ccc(nc1)C)C1CCN(CC1)C(=O)C(O)(C)C,1,461.54599,1.72253
159,O1[C@@H](C)[C@@H](O)[C@@H]([NH3+])C[C@@H]1O[C@@H]1c2c(C[C@](O)(C1)C(=O)CO)c(O)c1c(C(=O)c3c(cccc3OC)C1=O)c2O,1,544.53296,0.50700003
29,O1[C@@]([C@@H]2[C@H]([C@@H]3CC[C@H]([C@@H](CCCC(C)C)C)[C@]3(CC2)C)CC1=O)(CCCCC(=O)[O-])C,1,433.65297999999996,7.6999998
200,O=C1N(c2nc(nc(c2C=C1c1cn[nH]c1)C)N)C1CC1,1,282.30701,0.49900001
9,Br\C=C\CC(OC)\C=C\C(=C\[C@@H](O)[C@@H]1O[C@@](O)(CC(OC)C1)Cc1occ(n1)\C=C(/C)\[C@@H]1O[C@@H]2C\C=C\c3occ(n3)C3OC(C[C@@H](O)C3)CC3O[C@H](CC(C3)=C)C\C=C/C(O[C@@H]([C@H]2C)C1C)=O)\C,1,1024.056,6.693999799999999
191,OC1CCC(N2c3nc(nc(c3N=C(c3ccc(nc3)C)C2=O)C)N)CC1,1,366.42499,0.317
154,O1CC[NH+](CC1)Cc1ccc(cc1)\C=C\c1n[nH]c2c1ccc(c2)[C@@H]1C[C@]12c1cc(OC)ccc1N(C)C2=O,1,521.64099,5.420000099999999
34,s1c2c(cc1C(O)C)C(=O)c1scc(c1C2=O)C(O)C,1,308.37799,1.817
179,Clc1cc(Cl)ccc1-c1nc(ncc1-c1[nH]cc(n1)C)NCCNc1ncc(cc1)C#N,0,465.34799000000004,2.5989999999999998
207,O(CC(=O)N)C1CCC(N2c3nc(nc(c3C=C(c3cn[nH]c3)C2=O)C)N)CC1,1,397.439,0.193
264,Ic1cc(F)c(Nc2c(F)c(F)ccc2C(=O)NOC[C@H](O)CO)cc1,1,482.19597999999996,3.1400001
290,n1c2[C@@H]3[C@@H](Cc4c3cccc4)[C@H](Nc2ccc1)c1ccncc1,0,299.37698,2.7030001
38,O=C([O-])\C=C(\C=C\C=C(\C=C\C=1C(CCCC=1C)(C)C)/C)/C,0,299.43399,4.75
223,FC(F)(F)c1ccc(cc1)[C@H]1Nc2cccnc2[C@@H]2[C@H]1Cc1c2cccc1,0,366.38599,4.869759999999999
79,O=C1N(c2nc(nc(c2C=C1c1cc(ccc1)CO)C)NC)C1CCCC1,1,364.44901,2.7880001
115,O(C)c1ncc(cc1)C1=Cc2c(nc(nc2C)N)N(C1=O)C1CCCC1,1,351.41,2.082
42,O(C)C1=CC(=O)C(=O)C(CCCCCCCCC\C=C/CCCC)=C1[O-],1,361.50198,5.645
43,O=C1C(CCCCCCCCCCC)=C([O-])C(=O)C=C1[O-],0,292.375,4.6820002
189,O=C1N(c2c(N1C)c[nH+]c1c2nc(cc1)-c1ccc(nc1)C)C1CCN(CC1)C(=O)[C@@H](O)C,1,447.51898,1.3155298999999998
188,O=C1N(c2c(N1C)c[nH+]c1c2nc(cc1)-c1ccc(nc1)C)C1CCN(CC1)C(=O)CO,1,433.49199999999996,0.85352999
177,[S+](CCCNC(=O)c1nc(sc1)-c1nc(sc1)CCNC(=O)[C@@H](NC(=O)[C@H]([C@H](O)[C@H](NC(=O)[C@@H](NC(=O)c1nc(nc(N)c1C)[C@@H]([NH2+]C[C@H]([NH3+])C(=O)N)CC(=O)N)[C@@H](O[C@@H]1O[C@@H](CO)[C@@H](O)[C@H](O)[C@@H]1O[C@H]1O[C@H](CO)[C@@H](O)[C@H](OC(=O)N)[C@@H]1O)c1nc[nH]c1)C)C)[C@H](O)C)(C)C,1,1417.589,-11.56373
193,O1CC[NH+](CC1)CCOc1c2c(cccc2)c(NC(=O)Nc2n(nc(c2)C(C)(C)C)-c2ccc(cc2)C)cc1,0,528.677,4.9429998
31,Fc1cc(Nc2nc3N(CCC(C)C)C(C)C(=O)N(c3cn2)C)cc(F)c1O,0,391.42199999999997,2.891
99,S(=O)(=O)(\C=C\c1c(OC)cc(OC)cc1OC)Cc1cc(NCC(=O)[O-])c(OC)cc1,1,450.48801,2.4519999
76,O=C1N(c2nc(ncc2C=C1C#N)Nc1ccc(N2CC[NH+](CC2)C)cc1)C1CCCC1,1,430.53598,1.89
104,S(=O)(=O)(Nc1cc(N)c(OC)cc1)\C=C\c1c(OC)cc(OC)cc1OC,1,394.44800000000004,2.27
234,P(OC[C@H]1O[C@@H](n2cnc(C(=O)N)c2N)[C@H](O)[C@@H]1O)(=O)([O-])[O-],0,336.19698999999997,-4.2750001
170,Clc1ccc(NC(=O)c2ccc(S(=O)(=O)C)cc2Cl)cc1-c1ncccc1,0,421.30399000000006,4.0
40,O(C)c1cc2N([C@@H]3[C@@]4([C@H]5[NH+](CC=C[C@@]5(CC)[C@@H](OC(=O)C)[C@]3(O)C(OC)=O)CC4)c2cc1[C@@]1(c2[nH]c3c(c2C[NH+]2CC(=C[C@@H](C1)C2)CC)cccc3)C(OC)=O)C,1,780.9630099999999,4.848
222,Clc1cc(ccc1)C1=CC(=O)N(c2c1cc(cc2)[C@]([NH3+])(c1ccc(Cl)cc1)c1n(cnc1)C)C,0,490.414,5.7989998
80,O(C(=O)C(=O)NCC(OC)=O)C,0,175.14,-1.045
37,O=C(Nc1cc2NCC(c2cc1)(C)C)c1cccnc1NCc1ccncc1,0,373.45999,2.549
217,O1CCC(N2c3nc(nc(c3N=C(c3n[nH]cc3)C2=O)C)N)CC1,1,327.34799,-0.70999998
229,s1cc(c2c1NC(=O)C(C#N)=C2[O-])-c1ccc(cc1)-c1ccccc1O,0,359.38498,4.3660002
190,O1CCC(N2c3nc(nc(c3N=C(c3ccc(nc3)C)C2=O)C)N)CC1,1,352.39797999999996,-0.075999998
228,S\1c2c(N/C/1=C(/C#N)\c1nc(ncc1)NCCc1cccnc1)cccc2,0,372.45599,2.3329999
221,Brc1cc(Cl)c(Nc2c(cc3n(cnc3c2F)C)C(=O)NOCCO)cc1,0,457.68698,3.4159998999999996
285,Brc1c2OC(=O)C(S(=O)(=O)Nc3ccc(Br)cc3)=Cc2ccc1,0,459.11397999999997,4.5970001
97,S(=O)(=O)(\C=C\c1c(OC)cc(OC)cc1OC)Cc1ccc(OC(F)(F)F)cc1,1,432.41497999999996,4.58676
93,S(=O)(=O)(\C=C\c1c(OC)cc(OC)cc1OC)Cc1ccc(cc1)C#N,0,373.42899,2.8480000000000003
70,O=C(N(C)C)N1CCC(CC1)c1nc(c2n1C=C[NH+]=C2N)-c1[nH]c2c(c1)cccc2,1,404.49799,1.57653
132,O(Cc1ccccc1)c1cc(ccc1)\C=C\C(=O)c1ccc(OC)cc1,0,344.41,5.8020000000000005
123,O(CCO)C1CCC(N2c3nc(nc(c3C=C(c3ccc(OC)nc3)C2=O)C)N)CC1,1,425.48897999999997,1.4269999999999998
101,S(=O)(=O)(\C=C\c1c(OC)cc(OC)cc1OC)Cc1ccc(OC)c(OC)c1OC,0,438.49698,2.5534798999999997
237,Clc1cc(NC(=O)c2sc3nc4c(cc3c2N)C(=O)CCC4)ccc1,1,371.84799,2.9170001
281,O1C=C(C(=O)c2c1cc(O)cc2O)c1ccc(O)cc1,0,270.23999,1.915
202,O=C1N(c2nc(nc(c2C=C1c1cn[nH]c1)C)N)C1CCCC1,1,310.36099,1.383
135,S(=O)(=O)(\C=C\c1c(OC)cc(O)cc1OC)Cc1cc(O)c(OC)cc1,1,380.41699,2.6070001
280,FC1=CNC(=O)NC1=O,0,130.078,-0.85799998
5,Brc1ccc(Br)cc1NC(=O)\C(=C(/[O-])\C)\C#N,0,358.99701,2.835
73,O=C(N[C@@H](CCC(=O)[O-])C(=O)[O-])c1ccc(N(Cc2nc3c(nc(nc3N)N)nc2)C)cc1,1,452.431,-0.19841
107,O1C[C@H]2[C@@H]([C@@H](c3c(cc4OCOc4c3)[C@H]2O[C@@H]2O[C@H]3[C@@H](O[C@@H](OC3)C)[C@H](O)[C@H]2O)c2cc(OC)c(O)c(OC)c2)C1=O,1,588.56201,1.6160001
15,O=C1N(c2c(N1C)c[nH+]c1c2nc(cc1)-c1cc2c([nH]nc2)nc1)C1CCN(CC1)C(=O)C,1,443.491,1.7230599999999998
13,O=C1N(c2c(N1C)c[nH+]c1c2nc(cc1)-c1ccc(nc1)C)C1CCN(CC1)C(=O)C,1,417.49298,1.67353
168,O(CO)C1CCC(N2c3nc(nc(c3C=C(c3cnc(OC)nc3)C2=O)C)N)CC1,1,412.44998,0.354
140,Clc1ccc(cc1)\C=C\S(=O)(=O)Cc1ccc(OC)cc1,1,322.81198,3.7980001000000003
83,O=C1N(c2c(N1C)c[nH+]c1c2nc(cc1)-c1ccc(nc1)C)C1CCN(CC1)C(=O)COC,1,447.51898,1.46553
259,Clc1cc(ccc1Cl)CC=1NC(=O)N(N=1)CC(=O)NNC(=O)C1=Cc2cc(Cl)ccc2OC1=O,1,522.73199,4.007
288,S(Sc1c2c(ccc1O)cccc2)c1c2c(ccc1O)cccc2,0,350.46201,6.923999799999999
274,S1\C(=C/c2cc3c(nccc3)cc2)\C(=O)N=C1NCc1sccc1,0,351.45401,4.7080002
20,O1c2c(C(=O)C(O[C@@H]3O[C@@H](C)[C@H](OC(=O)C)[C@@H](OC(=O)C)[C@H]3O)=C1c1ccc(O)cc1)c(O)cc(O)c2,0,516.45502,2.0057398999999996
209,O(CC(=O)N)C1CCC(N2c3nc(nc(c3C=C(c3cc4c(nc3)cccc4)C2=O)C)N)CC1,1,458.522,2.0020001
214,O(CO)C1CCC(N2c3nc(nc(c3C=C(c3cn(nc3)C)C2=O)C)N)CC1,1,384.44,0.384
57,Brc1cc(ccc1)CC=1NC(=O)N(N=1)CC(=O)NNC(=O)C1=Cc2c(OC1=O)cc(N(CC)CC)cc2,1,569.41602,3.628
90,O1CCN(CC1)c1cc(OC)c(Nc2nc(NC3CCCCC3)c3cc[nH]c3n2)cc1,1,422.53299000000004,3.1960001
166,O(CC(=O)N)C1CCC(N2c3nc(nc(c3C=C(c3cnc(OC)nc3)C2=O)C)N)CC1,1,439.47598,-0.29100001
65,O1CC2=C(C=C3N(Cc4c3nc3c(c4)cccc3)C2=O)[C@@](O)(CC)C1=O,1,348.358,2.3039999
21,S=C(N)[N-]\N=C\1/CC[C@@]2([C@@H]3[C@H]([C@@H]4CC[C@H](C(=O)C)[C@]4(CC3)C)CCC2=C/1)C,1,386.58398,3.2360001
118,O(CC(=O)N)C1CCC(N2c3nc(nc(c3C=C(c3ccc(OC)nc3)C2=O)C)N)CC1,1,438.48798,0.89200002
253,Brc1cc(ccc1)C(=O)\C=C\c1cc(OCc2ccccc2)ccc1,1,393.28,6.681000200000001
134,S(=O)(=O)(\C=C\c1c(OC)cc(F)cc1OC)Cc1ccc(OC)cc1,1,366.409,3.3410001000000005
131,O(C)c1ncc(cc1)C1=Nc2c(nc(nc2C)N)N(C1=O)C1CCC(O)CC1,1,382.42398,0.419
