,Smiles,Label,Weight,logP(o/w)
10,s1cc(nc1C)\C=C(/C)\[C@H]1OC(=O)C[C@H](O)C(C)(C)C(=O)[C@H](C)[C@@H](O)[C@H](CCC[C@]2(O[C@H]2C1)C)C,1,507.69199000000003,3.7620001000000003
486,Clc1cc(Nc2ncnc3NCCC(=Cc23)C(=O)NCCS(=O)(=O)C)ccc1Oc1c2c(scc2)ccc1,1,570.0939900000001,3.4419998999999994
684,Brc1cc(sc1-c1c2cc[nH]c2ncc1)C(=O)N[C@@H](Cc1ccc(cc1)C(F)(F)F)C[NH3+],1,524.38501,4.6047602
305,Fc1cc(N2CC[NH+](CC2)C)cc2N=C(n3nc(nc3-c12)N)Cc1cc2OCOc2cc1,1,436.47098,1.2930000000000001
249,o1nc(-c2nc3c(n2CC)cc(OC[C@H]([NH3+])C)nc3C#CC(O)(C)C)c(n1)N,1,386.436,1.8775898999999998
350,O1[C@@H]2O[C@@]3(OO[C@]24[C@@H](CC[C@H]([C@@H]4CC3)C)[C@@H](C)[C@H]1CCC(N(C(=O)c1ccc(N(C)C)cc1)CCC[C@H]1O[C@@H]2O[C@@]3(OO[C@]24[C@@H](CC[C@H]([C@@H]4CC3)C)[C@H]1C)C)C(=O)NCC(OC)=O)C,1,896.1319599999999,9.909999800000001
164,Clc1cc(OC)c(OC)cc1-c1nc(SCC[NH+](CC)CC)nc2[nH]cc(c12)C#N,1,446.983,3.3657401
607,Clc1cc(Nc2ncnc(C)c2C#Cc2sc(cc2)C[NH+]2CCCC2)ccc1OCc1cc(F)ccc1,1,534.07898,6.829
638,Clc1cc(Nc2ncnc3c2[nH]cc3)ccc1Oc1cc(OC(F)(F)F)ccc1,1,420.77797999999996,5.7948198
310,O(C1CCCC1)c1nc(nc2[nH]cc(c12)-c1ccc(cc1)C(=O)NC)Nc1ccc(cc1OC)C(=O)NC,1,514.586,4.137000100000001
388,o1c2cc(ccc2nc1C)-c1c2c([nH]c1)nc(nc2OC1CCCC1)Nc1ccc(cc1OC)C(=O)N(C)C,1,526.59698,4.849
692,Fc1ccc(cc1)Cn1nc(cc1C(=O)NN)-c1c2c([nH]c1)cccc2,0,349.36899,2.4730000000000003
800,Fc1ccccc1C1([NH2+]Cc2cc(C[NH+]3CCCCC3)c(O)cc2)CCCC1,0,384.539,5.9790000999999995
187,Clc1cc(Cl)c(ONC2CCCCC2)cc1-c1nc(nc2sc(cc12)C(=O)NCC)N,1,480.41998,4.9089999
584,Brc1c(C)c(ncc1C)Cn1c2nc(nc(Cl)c2nc1)N,1,367.63800000000003,2.6945901
221,s1ccnc1[C@@H](NC(=O)[C@@H]([C@@H](OC)[C@H]1N(CCC1)C(=O)C[C@@H](OC)[C@@H](N(C(=O)[C@@H](NC(=O)[C@@H]([NH3+])C(C)C)C(C)C)C)[C@H](CC)C)C)Cc1ccccc1,1,758.06201,4.73
776,s1c2c(c3c1cccc3)cccc2-c1c2OC(N3CCOCC3)=CC(=O)c2ccc1,0,413.49698,5.7129997999999995
610,Clc1cc(Nc2ncnc(C)c2C#Cc2ccc(cc2)C[NH2+]CCS(=O)(=O)C)ccc1OCc1cc(F)ccc1,1,580.104,5.7800002
562,O1CCN(CC1)C=1N=C2N(C=C(C=C2[C@H](Nc2ccccc2C(=O)[O-])C)C)C(=O)C=1,0,407.44998,1.5659999999999998
459,Clc1ccc(cc1)Cn1cc(c2c1cccc2)C(=O)C(=O)N\N=C\c1c2cc(OC)ccc2[nH]c1,1,484.94299,6.578000099999999
606,Clc1cc(Nc2ncnc(C)c2C#Cc2oc(cc2)C[NH+]2CCCC2)ccc1OCc1cc(F)ccc1,1,518.0119599999999,6.0139999
417,Clc1cc(Cl)c(OC)cc1Nc1c2cc(OC)c(OCCC[NH+]3CC[NH+](CC3)C)cc2[nH+]cc1C#N,0,533.47998,4.26474
70,Oc1cc(Nc2nc(nc3n(cnc23)CCC(C)C)NC2CCC([NH3+])CC2)ccc1,0,410.54599,3.9300599000000003
622,Clc1cc(Nc2ncnc3c2n(cc3)CCNC(=O)[C@H]2[NH2+]CCC2)ccc1Oc1c2c(snc2)ccc1,1,535.052,4.8780599
625,Clc1cc2-c3nc(sc3CSc2cc1)NCc1occc1,1,334.85098,3.8740001000000004
644,Clc1cc(Nc2ncnc3c2sc(c3)-c2occc2)ccc1OCc1cc(F)ccc1,0,451.909,5.7639999
438,O(C)c1c2c3c(cc1OC)C(=O)N(c3cc1c2cccc1)c1ccc(cc1)C(C)(C)C,0,411.50097999999997,6.4127402
105,O(CCC1CC[NH2+]CC1)C(=O)NC1=NC2N=C[NH+]=C(Nc3cc4c(n(nc4)Cc4ccccc4)cc3)C2=C1CC,1,540.672,4.2690000999999995
104,O(CC1CC[NH2+]CC1)C(=O)NC1=NC2N=C[NH+]=C(Nc3cc4c(n(nc4)Cc4ccccc4)cc3)C2=C1CC,1,526.64502,3.8269998999999997
11,Brc1ccc(Br)cc1NC(=O)\C(=C(/[O-])\C)\C#N,0,358.99701,2.835
596,Clc1cccc(C)c1NC(=O)c1sc(nc1)Nc1nc(nc(N2CC[NH+](CC2)CCO)c1)C,0,489.02399,1.535
386,O(C(=O)C(CO)(CO)C)c1ccc(cc1OC)\C=C\C(=O)\C=C(/[O-])\C=C\c1cc(OC)c(OC(=O)C(CO)(CO)C)cc1,1,599.60901,2.17048
55,Clc1cc(Nc2ncnc3c2n(cc3)CCNC(=O)C([NH3+])(C)C)ccc1Oc1c2c(snc2)ccc1,1,523.04102,4.5690598
639,Clc1cc(Nc2ncnc3c2[nH]cc3)ccc1Oc1ccccc1OC(F)(F)F,1,420.77797999999996,5.5075598
419,S(=O)(=O)(CC[NH2+]Cc1oc(cc1)-c1cc2c(ncnc2Nc2cc(OC)c(OCc3cc(F)ccc3)cc2)cc1)C,1,577.65698,3.9577400999999997
200,Clc1cc(OC)c(OCC)cc1-c1nc(SCC(=O)NC(C)C)nc2[nH]cc(c12)C#N,1,459.95800999999994,3.0777400000000004
801,Fc1ccccc1C1([NH2+]Cc2cc(C[NH+]3CC[NH+](CC3)Cc3ccccc3)c(O)cc2)CCCC1,0,476.66,6.3179998
682,Brc1cc(sc1-c1c2cc[nH]c2ncc1)C(=O)N[C@H](Cc1ccccc1)C[NH3+],1,456.38800000000003,3.6700001
659,Clc1cc(Nc2ncnc3c2[nH]cc3)ccc1Oc1cc(ccc1)C#N,1,361.79199,4.0560598
458,O(C)c1cc2c([nH]cc2\C=N\NC(=O)C(=O)c2c3c([nH]c2)cccc3)cc1,1,360.37299,3.6429998999999995
518,O1[C@@H](C\C=C\CC\C=C\C(=N\OCC(=O)N2CCCCC2)\Cc2c(C1=O)c(O)cc(O)c2)C,1,456.539,3.7650001000000004
779,Clc1cc(Nc2nc(ccn2)-c2cc(ncc2)NCCCO)ccc1,1,355.82898,2.434
422,S(=O)(=O)(Nc1cc(N)c(OC)cc1)\C=C\c1c(OC)cc(OC)cc1OC,1,394.44800000000004,2.27
530,O1C[C@@H](CC[C@]12O[C@@H]1[C@@H]([C@@]/3([C@H]([C@H]4[C@H](C\C\3=N/[N-]C(=O)Nc3ccccc3)[C@@]3([C@H](C[C@@H](O)CC3)CC4)C)C1)C)[C@@H]2C)C,0,562.77496,7.059999900000001
99,O1[C@H](C[C@H]2O[C@](O)([C@@H](OC(=O)\C=C\C=C\CCC)/C(/C2)=C/C(OC)=O)C(\C=C\[C@@H]2O[C@@H](C\C(\C2)=C\C(OC)=O)C[C@@]2(O[C@@H](C[C@H](OC(=O)C)C2(C)C)C[C@@H](O)CC1=O)O)(C)C)[C@H](O)C,1,905.04401,6.0949998
437,O(C)c1c2c3c(cc1OC)C(=O)N(c3cc1c2cccc1)CCc1ccccc1,0,383.44698999999997,5.1357398000000005
668,[NH2+]=C(NCc1c2c3c4c(cc2)cccc4ccc3cc1)N,0,274.34698,4.1869998
487,Clc1cc(Nc2ncncc2C#Cc2nc(ccc2)CNC(=O)NCCS(=O)(=O)C)ccc1OCc1cc(F)ccc1,1,609.0819700000001,3.5
385,O(C)c1cc(ccc1NC(=O)c1n(c2c(c1)cccc2)C)-c1nn(c2ncnc(N)c12)C1CCC([NH+]2CCN(CC2)C(=O)C)CC1,0,622.75397,3.33253
635,Brc1cc(Cl)c(Nc2c(cc3n(cnc3c2F)C)C(=O)NOCCO)cc1,0,457.68698,3.4159998999999996
732,Clc1cc(Nc2ncnc3c2sc(c3)C#C[C@H]2[NH2+]C[C@H](OC(=O)N3CC[NH2+]CC3)C2)ccc1OCc1cc(F)ccc1,1,609.12598,4.941
282,O=C1N(CC[NH+](C)C)C(=O)c2c3c1cc(N)cc3ccc2,0,284.33898999999997,1.5700001000000001
781,Clc1cc(Nc2ncnc3c2n(cc3)CC[NH2+]CCO)ccc1Oc1cc(ccc1)C(F)(F)F,1,492.909,4.8008199000000005
495,Brc1cc(ccc1)COc1ccc(Nc2ncnc3c2cc(cc3)-c2oc(cc2)C[NH2+]CCS(=O)(=O)C)cc1,1,608.5369900000001,4.8600001
165,O(C)c1c2c3c(cc1OC)C(=O)N(c3cc1c2cccc1)CC,1,307.349,3.60074
289,O=C(N[C@@H](CCC(=O)[O-])C(=O)[O-])c1ccc(N(Cc2nc3c(nc(nc3N)N)nc2)C)cc1,0,452.431,-0.19841
240,o1nc(-c2nc3c(n2CC)cc(nc3C#CC(O)(C)C)CC[NH3+])c(n1)N,1,356.41,1.2755899
299,Fc1cc(ccc1)C1([NH2+]Cc2cc(C[NH+]3CC[NH+](CC3)C)c(O)cc2)CCCC1,0,400.56198,4.5689998
278,Clc1cc(Nc2ncnc3c2cc(NC(=O)\C=C\C[NH+](C)C)c(O[C@@H]2CCOC2)c3)ccc1F,1,486.95499,3.372
558,Brc1ccc(Nc2nc(nc(n2)-n2nc(cc2C)C)N\N=C/c2c3c([nH]c2)cccc3)cc1,1,502.38,6.4300599
413,Clc1cnc(nc1Nc1ccccc1S(=O)(=O)C(C)C)Nc1ccc(N2CCC([NH+]3CC[NH+](CC3)C)CC2)cc1OC,0,616.2310200000001,3.9590001000000004
36,ClC[C@]1(O)C[C@H](O[C@@H](C1)\C=C\C(=C\C[C@@H]1O[C@H](C)[C@H](NC(=O)\C=C/[C@@H](OC(=O)C)C)C[C@@H]1C)\C)CC(=O)[O-],1,555.0880099999999,3.803
364,O1[C@@H](CC(=O)[C@@H](\C=C(/C)\[C@@H](O)[C@@H](OC)C(=O)[C@@H](C[C@@H](\C=C\C=C\C=C(/C)\[C@@H](OC)C[C@H]2O[C@](O)([C@@H](CC2)C)C(=O)C(=O)N2[C@@H](CCCC2)C1=O)C)C)C)[C@@H](C[C@H]1C[C@@H](OC)[C@H](O)CC1)C,1,914.18695,6.874000099999999
288,Clc1cc(Nc2ncnc3c2n(cc3)CCN(C(=O)CO)C)ccc1Oc1cc(ccc1)C(F)(F)F,1,519.9110099999999,4.51582
707,Fc1cc(ccc1)Cn1ncc2cc(Nc3ncnc(N)c3\C=N\N3CCCCC3)ccc12,1,444.51800999999995,3.467
790,Clc1cc(Nc2ncnc3c2n(cc3)CCO)ccc1Oc1c2c([nH]cc2)ccc1,1,419.87198,4.42206
98,Clc1cc(Nc2ncnc3c2sc(c3)C#C[C@H]2[NH2+]C[C@H](OC(=O)CC)C2)ccc1OCc1cc(F)ccc1,1,552.0499900000001,6.3179998
431,O1CC[NH+](CC1)CCCOc1cc2ncnc(Nc3ccc(NC(=O)c4ccccc4)cc3)c2cc1OC,0,514.6060200000001,3.3227401
354,O1[C@@H]2O[C@@]3(OO[C@]24[C@@H](CC[C@H]([C@@H]4CC3)C)[C@@H](C)[C@H]1CCC(N(CCC[C@H]1O[C@@H]2O[C@@]3(OO[C@]24[C@@H](CC[C@H]([C@@H]4CC3)C)[C@H]1C)C)c1ccc([N+](=O)[O-])cc1)C(=O)NCC(OC)=O)C,1,870.0499900000001,10.349
387,O(C)c1cc(ccc1O)\C=C\C(=O)CC(=O)\C=C\c1cc(OC)c(O)cc1,0,368.38498,3.7179998999999997
473,O(C)c1ccccc1C1([NH2+]Cc2cc(C[NH+]3CC[NH+](CC3)C)c(O)cc2)CCCC1,0,412.59799,4.3330002
680,Brc1cc(sc1-c1c2cc[nH]c2ncc1)C(=O)NC(Cc1ccccc1)C[NH3+],1,456.38800000000003,3.6700001
805,Clc1cc(Nc2ncnc3c2n(cc3)CCS(=O)CCO)ccc1Oc1cc(ccc1)C(F)(F)F,1,524.95099,3.7588201
523,Brc1cc2OCOc2cc1Sc1nc2c(ncnc2N)n1CCC1CCN(CC1)C(=O)[C@@H](O)C,1,549.4500099999999,3.1400599
298,Fc1ccc(cc1)C1([NH2+]Cc2cc(C[NH+]3CC[NH+](CC3)C)c(O)cc2)CCCC1,1,400.56198,4.532000099999999
269,O1CC[NH+](CC1)CCOc1ccc(cc1)C(=O)Nc1cc(Oc2ncc3nc(n(c3c2)CC)-c2nonc2N)ccc1,0,571.61798,3.3215898999999998
162,Clc1cc(C#N)c(OC)cc1-c1nc(SCC[NH+](CC)CC)nc2[nH]cc(c12)C#N,1,441.96698,3.3180001000000003
663,[NH2+](Cc1c2c3c4c(cc2)cccc4ccc3cc1)CCCCNC(=[NH2+])N,0,346.478,4.6799998
524,O1C2=C(C(=O)C(=O)c3c2cccc3)C(C)(C)[C@H]1C,1,242.27399,2.592
548,OC1(CC(C1)c1nc(c2n1C=C[NH+]=C2N)-c1cc2nc(ccc2cc1)-c1ccccc1)C,0,422.51199,3.8819999999999997
381,Clc1nc(nc2N(Cc3ncc(C)c(OC)c3C)[C@@H](CC(C)C)C(=O)Nc12)N,1,404.90198,2.289
629,O=C/1Nc2c(nccc2)\C\1=C\c1c2c(n(c1)C)cccc2,0,275.311,2.7239999999999998
216,s1ccnc1[C@@H](NC(=O)[C@@H]([C@@H](OC)[C@H]1N(CCC1)C(=O)C[C@@H](OC)[C@@H](N(C(=O)[C@@H](NC(=O)C([NH3+])(C)C)C(C)C)C)[C@H](CC)C)C)Cc1ccccc1,1,744.03497,4.165
711,ClC(Cl)(Cl)C(NC(=O)\C=C\c1ccccc1)NC(=S)Nc1c2ncccc2ccc1,0,479.819,4.90908
578,S=C(Nc1c(cccc1C)C)[N-]\N=C\1/C[C@H]2[C@H]([C@@H]3C[C@@H]4O[C@@]5(OC[C@@H](CC5)C)[C@H]([C@@H]4[C@@]/13C)C)CC[C@H]1C[C@@H](O)CC[C@@]12C,1,606.896,8.1450005
694,Clc1ccc(Nc2nc(nc3n(cnc23)C2CCCCC2)NC2CCC([NH3+])CC2)cc1,1,441.00299,5.0170598
8,O1CCN(c2c1cc1ncnc(Nc3cc(ccc3)C#C)c1c2)C(=O)\C=C\C[NH+]1CC[NH+](CC1)C,1,470.577,2.3480000000000003
121,O(C)c1cc(Nc2nc(nc3n(cnc23)CCCCCC)NC2CCC([NH3+])CC2)cc(OC)c1,1,468.62597999999997,4.7500601
598,Clc1cc(Nc2ncnc(C)c2\C=C\c2ccc(cc2)C[NH+]2CCOCC2)ccc1OCc1cc(F)ccc1,1,546.06598,6.3520002
700,FC1(F)[C@H](O)[C@H](O[C@H]1N1C=CC(=NC1=O)N)CO,0,263.19998,-0.93808001
580,S=C(Nc1ccccc1C)[N-]\N=C\1/C[C@H]2[C@H]([C@@H]3C[C@@H]4O[C@@]5(OC[C@@H](CC5)C)[C@H]([C@@H]4[C@@]/13C)C)CC[C@H]1C[C@@H](O)CC[C@@]12C,1,592.86902,7.849
171,Clc1cc(Nc2ncnc3c2cc(NC(=O)NCC)cc3)ccc1OCc1ncccc1,1,448.914,3.1619999
553,o1cc(cc1)-c1ncc(OC[C@@H]([NH3+])Cc2c3c([nH]c2)cccc3)cc1-c1cc2c(n[nH]c2C)cc1,1,464.54898,4.8210001
585,Clc1nc(nc2n(cnc12)Cc1ncc(C)c(C)c1C)N,1,302.76898,2.1945901
95,FC(F)(F)c1cc(N2c3c(C=CC2=O)c[nH+]c2c3cc(cc2)-c2cc3c(nc2)cccc3)ccc1N1CCN(CC1)C(=O)CC,1,608.6439799999999,6.6057600999999995
520,Fc1c(N(C(CC[C@H]2O[C@@H]3O[C@@]4(OO[C@]35[C@@H](CC[C@H]([C@@H]5CC4)C)[C@H]2C)C)C(=O)NCC(=O)[O-])CCC[C@H]2O[C@@H]3O[C@@]4(OO[C@]35[C@@H](CC[C@H]([C@@H]5CC4)C)[C@H]2C)C)c(F)c(F)cc1F,1,881.9779699999999,10.912
195,Clc1cc(Nc2ncnc3c2cc(cc3)-c2oc(cc2)C[NH+]2CCN(CC2)C(OCC)=O)ccc1OCc1cc(F)ccc1,1,617.10101,5.6750002
293,Fc1ccccc1C1([NH2+]Cc2cc(ccc2)CC2CC[NH+](CC2)C)CCCC1,0,382.56699,6.2220001
747,s1c2c(ncnc2Nc2cc3c(n(nc3)Cc3cc(F)ccc3F)cc2)cc1C#C[C@H]1[NH2+]C[C@H](OC(=O)N2CCOCC2)C1,1,616.67297,4.2649999
156,S1c2c(C(=O)c3c1cccc3)c(NCC[NH+](CC)CC)ccc2C,1,341.49899,3.9760001000000003
744,s1c2c(ncnc2Nc2cc3c(n(cc3)Cc3ccccc3)cc2)cc1C#C[C@H]1[NH2+]C[C@H](OC(=O)N2CCOCC2)C1,1,579.70502,5.2729998
373,Clc1nc(nc2N(CC(=O)N(c12)CCCC(C)C)Cc1ncc(C)c(OC)c1C)N,1,432.95599000000004,2.8069999
52,Clc1cc(Nc2ncnc3c2n(cc3)CCO)ccc1Oc1cc(ccc1)C(=O)NC(C)(C)C,1,479.96799000000004,4.7660599
263,o1nc(-c2nc3c(n2CC)c(OCCC[NH2+]CCc2ccc(OC)cc2)cnc3C#CC(O)(C)C)c(n1)N,1,520.61401,3.7695898999999997
509,Clc1cc(Nc2ncnc3c2cc(cc3)-c2oc(cc2)C[NH+]2CCN(S(=O)(=O)C)CC2)ccc1OCc1cc(F)ccc1,1,623.12897,4.3060002
400,Clc1cc(OC)c(OC)cc1-c1nc(SCC(=O)N(C)C)nc2[nH]cc(c12)C#N,1,431.90399,2.1307398999999996
478,Clc1nc(nc2N(CC(=O)N(c12)CC(C)C)Cc1nccc(OC)c1OC)N,1,406.87399,1.0377399999999999
166,Clc1cc(Nc2ncnc(C)c2C#CCCC[NH+]2CC[NH+](CC2)CC)ccc1OCc1cc(F)ccc1,1,524.08398,5.3239999000000005
809,S1(=O)CC[NH+](CC1)Cc1oc(cc1)-c1cc2c(ncnc2Nc2cc(F)c(OCc3ccccc3)cc2)cc1,1,543.64301,3.536
180,Clc1cc(Cl)c(OCCC[NH+](C)C)cc1-c1nc(nc2sc(cc12)C(=O)NCC)N,1,469.41699000000006,3.5260000000000002
92,O=C([O-])\C=C(\C=C\C=C(\C=C\C=1C(CCCC=1C)(C)C)/C)/C,0,299.43399,4.75
569,O=C1N(C=Nc2c1cc(Nc1cc(NC(=O)c3cc(ccc3)C(C#N)(C)C)ccc1C)cc2)C,0,451.53,4.9569998
728,Clc1cc(Nc2ncnc3c2sc(c3)C#C[C@@H]2[NH2+]C[C@H](OC(=O)N3CCOCC3)C2)ccc1OCc1cc(F)ccc1,1,609.10199,5.25
474,Fc1cc(ccc1)Cn1ncc2cc(Nc3ncnc(N)c3\C=N\OCc3ccccc3OC)ccc12,1,497.534,4.829
446,O1N=C(CC1[C@@]1(O[C@@]2(C)[C@@](O)([C@@]3([C@@H]([C@H](O)[C@@H]2OC(=O)C)C(CC[C@@H]3OCc2onc(c2)-c2ccc(OC)cc2)(C)C)C)C(=O)C1)C)c1ccc(OC)cc1,1,746.8539999999999,5.6370001
526,O1C2=C(C(C)(C)[C@H]1C)C(=O)c1c(cccc1)C2=O,1,242.27399,2.592
683,Brc1cc(sc1-c1c2cc[nH]c2ncc1)C(=O)N[C@@H](CC1CCCCC1)C[NH3+],1,462.436,4.381
90,Cl[C@H]1C[C@]2(O)C=3[C@H](CC[C@]2(C)[C@H]1C=1C=CC(OC=1)=O)[C@@]1([C@@H](CC=3)C(C)(C)[C@@H](OC(=O)N)C=C1)C=O,1,502.00699000000003,3.4319998999999997
123,Oc1ccc(Nc2nc(nc3n(cnc23)CCCCCC)NC2CCC([NH3+])CC2)cc1,1,424.57300000000004,4.4190602
132,O1[C@@H](C\C=C(\C=C\[C@H]2O[C@@H](C[C@]3(OC3)[C@@H]2O)CC(=O)NCCC)/C)[C@H](C[C@@H](NC(=O)\C=C/[C@@H](OC(=O)C)C)[C@H]1C)C,1,576.73096,2.95
20,O1[C@H]2[C@@H](CC\C(=C\CC[C@]3(O[C@@H]23)C)\C)C(=C)C1=O,0,248.32199,1.964
47,Clc1cc(Nc2ncnc3c2n(cc3)CCNC(=O)C(S(=O)(=O)C)C)ccc1Oc1cc(Cl)ccc1,1,548.45099,4.4640598
708,Fc1cc(ccc1)Cn1ncc2cc(Nc3ncnc(N)c3\C=N\N3CC[NH+](CC3)CCO)ccc12,1,490.56699000000003,1.324
601,Clc1cc(Nc2ncnc(C)c2\C=C\c2ccc(cc2)C[NH2+]CCS(=O)(=O)C)ccc1OCc1cc(F)ccc1,1,582.12,5.678
335,o1c2cc(ccc2nc1C)-c1c2c([nH]c1)nc(nc2OC1COC1)Nc1ccc(cc1OC)C(=O)NC,1,500.51498,2.802
472,O1[C@@H](C)[C@@H](O)[C@@H]([NH3+])C[C@@H]1O[C@@H]1c2c(C[C@](O)(C1)C(=O)CO)c(O)c1c(C(=O)c3c(cccc3OC)C1=O)c2O,1,544.53296,0.50700003
527,Clc1ccc(NC(=O)[N-]\N=C\2/C[C@H]3[C@H]([C@@H]4C[C@@H]5O[C@@]6(OC[C@@H](CC6)C)[C@H]([C@@H]5[C@@]/24C)C)CC[C@H]2C[C@@H](O)CC[C@@]23C)cc1,1,597.21997,7.652
500,Brc1cc(Nc2ncnc3c2cc(cc3)-c2oc(cc2)C[NH2+]CCS(=O)(=O)C)ccc1OCc1ccccc1,1,608.5369900000001,4.8579998
741,s1c2c(ncnc2Nc2cc3c(cc2)c(Oc2ncccc2)ccc3)cc1C#C[C@H]1[NH2+]C[C@H](OC(=O)N2CCOCC2)C1,1,593.68799,4.7290000999999995
450,Clc1cc(Nc2nc(nc3n(cnc23)Cc2ccc(OC)cc2)NC2CCC([NH3+])CC2)ccc1,1,479.00800000000004,4.8190598
26,o1nc(cc1CO[C@H]1CCC([C@H]2[C@@]1(C)[C@]1(O)[C@@](O[C@](CC1=O)(C=C)C)(C)[C@@H](OC(=O)C)[C@H]2O)(C)C)-c1ccc(cc1)C,0,581.70599,4.796
620,o1ccc(-c2nc(N)c(OC[C@@H]([NH3+])Cc3ccccc3)cc2-c2nc3c([nH]nc3C)nc2)c1C,1,456.53,3.19312
197,Clc1cc2-c3nc(sc3CSc2cc1)NC(OCC)=O,1,326.828,3.642
107,O(CC[NH+]1CC[NH2+]CC1)C(=O)NC1=NC2N=C[NH+]=C(Nc3cc4c(n(nc4)Cc4ccccc4)cc3)C2=C1CC,1,542.66797,2.533
637,Clc1cc(Nc2ncnc3c2n(cc3)CCO)ccc1Oc1c2c(n(nc2)C)ccc1,1,434.88699,3.6280601000000003
695,Oc1ccc(Nc2nc(nc3n(cnc23)C2CCCCC2)NC2CCC([NH3+])CC2)cc1,0,422.55701,4.1170602
153,O(C)c1cc(cc(OC)c1)-c1cc2c(nc1NC(=O)NC(C)(C)C)nc(nc2)NCCCC[NH+](CC)CC,0,524.69,3.9679998999999997
617,o1ccc(-c2nc(N)c(OC[C@@H]([NH3+])Cc3c4c([nH]c3)cccc4)cc2-c2cc3c([nH]nc3C)cc2)c1C,1,493.591,4.7290000999999995
222,s1ccnc1[C@@H](NC(=O)[C@@H]([C@@H](OC)[C@H]1N(CCC1)C(=O)C[C@@H](OC)[C@@H](N(C(=O)[C@@H](NC(=O)[C@@H]([NH2+]C)C(C)C)C(C)C)C)[C@H](CC)C)C)Cc1ccccc1,1,772.0889900000001,5.255000099999999
325,o1c2cc(ccc2nc1C)-c1c2c([nH]c1)nc(nc2OC1CCCC1)Nc1ccc(cc1OC)C(=O)NC,1,512.5700099999999,4.652
566,O1CC[NH+](CC1)CCOc1c2c(cccc2)c(NC(=O)Nc2n(nc(c2)C(C)(C)C)-c2ccc(cc2)C)cc1,0,528.677,4.9429998
230,O([C@H]([C@H](C(=O)N[C@@H]([C@@H](O)c1ccccc1)C)C)[C@H]1N(CCC1)C(=O)C[C@@H](OC)[C@@H](N(C(=O)[C@@H](NC(=O)[C@@H]([NH2+]C)C(C)C)C(C)C)C)[C@H](CC)C)C,1,719.00098,4.4990001
411,Clc1cc(OC)c(OC)cc1-c1nc(SCC(=O)NCCF)nc2[nH]cc(c12)C#N,1,449.89398,2.0487398999999997
194,Fc1cc(ccc1)Cn1ncc2cc(Nc3ncnc(N)c3\C=N\OCC)ccc12,1,405.43698,3.428
12,O[C@@]1(\C=C\[C@@H](CC\C(=C\CC\C(=C\[C@H](O)C1)\C)\C)C(C)C)C,0,306.48999,3.625
409,Clc1cc(OC)c(OC)cc1-c1nc(SCC(=O)NCC(F)(F)F)nc2[nH]cc(c12)C#N,1,485.87399000000005,2.6965001
228,s1ccnc1[C@@H](NC(=O)[C@@H]([C@@H](OC)[C@H]1N(CCC1)C(=O)C[C@@H](OC)[C@@H](N(C(=O)[C@@H](NC(=O)[C@]1([NH2+]CCC1)C)C(C)C)C)[C@H](CC)C)C)Cc1ccccc1,1,770.073,4.881
316,O(C1CCCC1)c1nc(nc2[nH]cc(c12)-c1ccc(cc1)-c1[nH]ncc1)Nc1ccc(cc1OC)C(=O)NC,1,523.59698,5.1900001
705,O1c2cc(ccc2OC1)CC=1n2nc(nc2-c2c(N=1)cc(NCCO)cc2)N,1,378.392,0.61799997
760,Clc1cc(Nc2ncnc3c2n(cc3)CCO)ccc1Oc1cc2c(cc1)C(=O)NC2,1,435.871,3.3740599000000002
38,O1[C@@H](C\C=C(\C=C\[C@H]2O[C@@H](C[C@]3(OC3)C2)CC(=O)[O-])/C)[C@H](C[C@@H](NC(=O)\C=C/[C@@H](OC(=O)C)C)[C@H]1C)C,1,518.6270099999999,3.5090001
161,Clc1cc(Cl)c(OC)cc1-c1nc(OCC[NH+](CC)CC)nc2[nH]cc(c12)C#N,1,435.33499000000006,3.6140001000000006
510,Clc1cc(Nc2ncnc3c2cc(cc3)-c2oc(cc2)C[NH2+]CCNS(=O)(=O)C)ccc1OCc1cc(F)ccc1,1,597.091,4.7389998
82,S(=O)(=O)(c1ccccc1C(C)(C)C)c1ccc(NC(=O)c2cc(Cc3ccccc3C(C)C)c(O)c(O)c2O)cc1,1,573.7099599999999,7.501999900000001
18,O1[C@H]2[C@H]([C@@]3([C@]4([C@@H](C2)[C@@]2(CC[C@H]([C@@H](CCC=C(C)C)C)[C@]2(CC4)C)C)C3)CCC(=O)[O-])C(=C)C1=O,0,467.66998,6.1890000999999994
56,Clc1cc(Nc2ncnc3c2n(cc3)CCNC(=O)C(O)(C)C)ccc1Oc1cc(ccc1)C(F)(F)F,1,533.93799,5.187819999999999
163,Clc1cc(Cl)c(OC)cc1-c1nc(SCC[NH+](CC)CC)nc2[nH]cc(c12)C#N,1,451.40200999999996,4.25
362,O1[C@H]2n3c4c(c5c(CNC5=O)c5c6c(n(c45)[C@]1(C)[C@H](OC)[C@H](N(C(=O)c1ccccc1)C)C2)cccc6)c1c3cccc1,0,570.64899,7.862530199999999
157,Clc1cc(Cl)c(OCC[NH+](CC)CC)cc1-c1nc(nc2sc(cc12)C(=O)NC1CC1)N,1,495.45499,4.078000100000001
390,o1c2cc(ccc2nc1C)-c1c2c([nH]c1)nc(nc2OC1CCCC1)Nc1ccc(cc1OC)C(=O)N1CCOCC1,1,568.63397,4.415
657,Clc1cc(Nc2ncnc3c2n(CCOCCO)c(c3)C#N)ccc1Oc1cc(ccc1)C(F)(F)F,1,517.89496,4.7678199
172,Clc1cc(Nc2ncnc3c2cc(NC(=O)NCC)cc3)ccc1Oc1cc(ccc1)C(F)(F)F,1,501.89599999999996,5.2707600999999995
515,Clc1nc(nc2n(cnc12)Cc1ncc(C)c(SC)c1C)N,1,334.83499,2.4885900000000003
539,S=C(Nc1cc2OCOc2cc1)[N-]\N=C\1/C[C@H]2[C@H]([C@@H]3C[C@@H]4O[C@@]5(OC[C@@H](CC5)C)[C@H]([C@@H]4[C@@]/13C)C)CC[C@H]1C[C@@H](O)CC[C@@]12C,1,622.85101,7.2579999000000015
2,O1CCN(c2c1cc1ncnc(Nc3cc(ccc3)C#C)c1c2)C(=O)\C=C\C[NH+](C)C,1,414.48897999999997,2.823
118,O=C(N[C@@H](CCCNC(=[NH2+])N)C(=O)N[C@@H](CC(=O)N[C@@H](Cc1ccccc1)C(=O)[O-])c1c2c(ccc1)cccc2)CCCCCCCCCCCCCCC,1,757.03296,8.9680004
589,O(C[C@@H]([NH3+])Cc1c2c([nH]c1)cccc2)c1cc(cnc1)-c1cc2c([nH]nc2C)cc1,1,398.48999,4.066
203,O(C)c1ccc(OC)cc1CC(=O)Nc1[nH+]c(OCC)c(C#N)c(N)c1,0,357.38998,2.1199999
567,FC(F)(F)c1cc(NC(=O)c2cc(C#Cc3n4N=CC=Cc4nc3)c(cc2)C)ccc1C[NH+]1CC[NH+](CC1)C,0,534.586,4.884759900000001
352,O1[C@@H]2O[C@@]3(OO[C@]24[C@@H](CC[C@H]([C@@H]4CC3)C)[C@@H](C)[C@H]1CCC(N(C(=O)c1ccccc1)CCC[C@H]1O[C@@H]2O[C@@]3(OO[C@]24[C@@H](CC[C@H]([C@@H]4CC3)C)[C@H]1C)C)C(=O)NCC(OC)=O)C,1,853.06299,9.994999900000002
235,O1CCOc2c1cc(cc2)-c1c([nH]nc1C)-c1cc(CC)c(O)cc1O,1,352.38998,4.295000099999999
63,Oc1c2c(C(=O)C=C([C@H](O)CC=C(C)C)C2=O)c(O)cc1,1,288.29898,1.2770000000000001
332,O(C1CCCC1)c1nc(nc2[nH]cc(c12)-c1ccncc1)Nc1ccc(cc1OC)C(=O)NC,1,458.522,3.6059998999999996
730,s1c2c(ncnc2Nc2ccc(cc2)Cc2ccccc2)cc1C#C[C@H]1[NH2+]C[C@H](OC(=O)N2CCOCC2)C1,1,540.66797,4.737
243,o1nc(-c2nc3c(n2CC)cc(nc3C#CC(O)(C)C)C[NH+]2CCCC2)c(n1)N,1,396.47501,2.5125898999999996
27,o1nc(cc1CO[C@H]1CCC([C@H]2[C@@]1(C)[C@]1(O)[C@@](O[C@](CC1=O)(C=C)C)(C)[C@@H](OC(=O)C)[C@H]2O)(C)C)-c1ccc(OC)cc1,1,597.7049599999999,4.454
718,Clc1cc(Nc2ncnc3NCCC(=Cc23)C(=O)NCCO)ccc1Oc1c2c(scc2)ccc1,1,508.00198,3.5880001000000004
190,o1nc(C(=O)NCC)c(c1-c1cc(C(C)C)c(O)cc1O)-c1ccc(cc1)C[NH+]1CCOCC1,1,466.55798,3.8429998999999997
534,Clc1ccc(NC(=S)[N-]\N=C\2/C[C@H]3[C@H]([C@@H]4C[C@@H]5O[C@@]6(OC[C@@H](CC6)C)[C@H]([C@@H]5[C@@]/24C)C)CC[C@H]2C[C@@H](O)CC[C@@]23C)cc1,0,613.2869900000001,8.1450005
586,Clc1c(C)c(ncc1C)Cn1c2nc(nc(Cl)c2nc1)N,1,323.18698,2.4885900000000003
623,Clc1cc(Nc2ncnc3c2[nH]cc3)ccc1OCc1ncccc1,1,351.79699999999997,3.22206
758,Clc1ccccc1-c1c2c(c3c4cc(O)ccc4[nH]c3c1)C(=O)NC2=O,0,362.772,4.822
492,Clc1cc(Nc2ncnc3sc(cc23)-c2oc(cc2)C[NH2+]CCS(=O)(=O)C)ccc1OCc1cc(F)ccc1,1,588.104,4.5840001
49,Clc1cc(Nc2ncnc3c2n(cc3)CCNC(=O)C(S(=O)(=O)C)(C)C)ccc1Oc1cc(Cl)ccc1,1,562.47797,5.0430598
111,O(C(=O)NC1=NC2N=C[NH+]=C(Nc3cc4c(n(nc4)Cc4ccccc4)cc3)C2=C1CC)C1CCC([NH3+])(CC1)C,1,540.672,4.547999900000001
16,O1[C@H]2[C@H]([C@@]3([C@]4([C@@H](C2)[C@@]2(CC[C@H]([C@@H](CC\C=C(\C=O)/C)C)[C@]2(CC4)C)C)C3)CCC(=O)[O-])C(=C)C1=O,0,481.65297999999996,5.8179998
507,Clc1cc(Nc2ncnc3c2sc(c3)C#C[C@@H]2N(S(=O)(=O)C)CCC2)ccc1OCc1cc(F)ccc1,1,557.0700099999999,5.367999999999999
561,Clc1cc(Nc2ncnc3c2sc(c3)C#C[C@H]2[NH2+]C[C@H](OC(=O)N3CCOCC3)C2)ccc1Oc1noc(c1)C,1,582.06097,3.8740001000000004
327,o1c2c(nc1C)cc(cc2)-c1c2c([nH]c1)nc(nc2OC1CCCC1)Nc1ccc(cc1OC)C(=O)NC,1,512.5700099999999,4.652
533,S=C(Nc1ccc(cc1)C(F)(F)F)[N-]\N=C\1/C[C@H]2[C@H]([C@@H]3C[C@@H]4O[C@@]5(OC[C@@H](CC5)C)[C@H]([C@@H]4[C@@]/13C)C)CC[C@H]1C[C@@H](O)CC[C@@]12C,1,646.8389900000001,8.487759599999999
306,O=C1N(c2nc(ncc2C=C1C#N)Nc1ccc(N2CC[NH+](CC2)C)cc1)C1CCCC1,1,430.53598,1.89
59,Clc1cc(Nc2nc(nc3n(cnc23)C\C=C(\CCC=C(C)C)/C)NC2CCC([NH3+])CC2)ccc1,1,495.095,4.7530599
110,O1C[C@H]([NH2+]CC1)COC(=O)NC1=NC2N=C[NH+]=C(Nc3cc4c(n(nc4)Cc4ccccc4)cc3)C2=C1CC,1,528.617,2.6949999
366,Clc1nc(Cn2c3nc(nc(Cl)c3nc2)N)c(C)c(OC)c1C,1,353.21297999999996,2.8485899
754,Clc1cc(Nc2ncnc3c2n(cc3)CCO)ccc1Oc1cc2CC(=O)Nc2cc1,1,435.871,3.3280599000000004
641,Clc1cc(Nc2ncnc3c2[nH]cc3)ccc1Oc1ccccc1C(F)(F)F,1,404.77898999999996,5.2918199999999995
451,Ic1ccc(OC)cc1Cc1nc2c(ncnc2N)n1CC[NH2+]CC(C)(C)C,1,495.38901,4.2200599
783,Clc1cc(Nc2ncnc3c2n(cc3)CCOCCO)ccc1Oc1cc(Cl)ccc1,1,459.33297999999996,4.7670598
382,Clc1nc(nc2N(Cc3ncc(C)c(OC)c3C)[C@H](C)C(=O)Nc12)N,1,362.82097999999996,0.875
571,S=C(Nc1ccc(cc1)C)[N-]\N=C\1/C[C@H]2[C@H]([C@@H]3C[C@@H]4O[C@@]5(OC[C@@H](CC5)C)[C@H]([C@@H]4[C@@]/13C)C)CC[C@H]1C[C@@H](O)CC[C@@]12C,1,592.86902,7.850999799999999
355,O1[C@@H](C\C=C(\C=C\[C@H]2O[C@@H](C[C@]3(OC3)[C@@H]2O)CC(OC)=O)/C)[C@H](C[C@@H](NC(=O)\C=C/[C@@H](OC(=O)C)C)[C@H]1C)C,1,549.6610099999999,2.6370001
45,O=C1N(c2nc(ncc2C(C)=C1C(=O)C)Nc1ncc(N2CC[NH2+]CC2)cc1)C1CCCC1,0,448.55099,1.161
475,S=C(Nc1ccccc1OC)[N-]\N=C\1/C[C@H]2[C@H]([C@@H]3C[C@@H]4O[C@@]5(OC[C@@H](CC5)C)[C@H]([C@@H]4[C@@]/13C)C)CC[C@H]1C[C@@H](O)CC[C@@]12C,1,608.86798,7.507000000000001
29,o1nc(cc1CO[C@H]1CCC([C@H]2[C@@]1(C)[C@]1(O)[C@@](O[C@](CC1=O)(C=C)C)(C)[C@@H](OC(=O)C)[C@H]2O)(C)C)-c1ccccc1,1,567.67902,4.4980001
516,Clc1cc(Cl)c(OCC[NH+]2CCCC2)cc1-c1nc(SC)nc2[nH]cc(c12)C#N,1,449.38599000000005,4.099999899999999
3,O1CCN(c2c1cc1ncnc(Nc3cc(ccc3)C#C)c1c2)C(=O)\C=C\C[NH+](CC)CC,1,442.543,3.5050001
709,Fc1cc(ccc1)Cn1ncc2cc(Nc3ncnc(N)c3\C=N\N3CCOCC3)ccc12,1,446.48999000000003,2.059
556,O=C1NCCCc2n(c3c(c2C)C(=O)CC(C3)(C)C)-c2cc(N[C@H]1C)c(cc2)C(=O)N,1,422.52899,2.585
647,Clc1cc(Nc2ncnc3c2sc(c3)C#C[C@@H]2[NH2+]CCC2)ccc1OCc1cc(F)ccc1,1,479.98699999999997,6.2690000999999995
128,Clc1cc(Nc2nc(nc3n(cnc23)CCCC)NC2CCC([NH3+])CC2)ccc1,1,414.965,4.4720602
426,O1CC[NH+](CC1)CC(O)COc1c2c(O[C@@H]3COc4cc(OC)c(OC)cc4[C@]3(O)C2=O)cc(OC)c1,1,518.539,0.8287399999999999
626,Clc1cc(Nc2ncnc3c2[nH]cc3)ccc1Oc1cc(Cl)ccc1,1,371.22699,4.98806
582,Brc1c(C)c(ncc1C)CN1CC(=O)N(c2c1nc(nc2Cl)N)CC(C)C,1,453.772,2.7650001
255,o1nc(-c2nc3c(n2CC)cc(O[C@@H](CC[NH3+])c2ccccc2)nc3C#CC(O)(C)C)c(n1)N,1,462.534,3.7665900999999997
64,Clc1cc(Nc2nc(nc3n(cnc23)CC=C(C)C)NC2CCC([NH3+])CC2)ccc1,1,426.97598,3.8890599999999997
455,S=C(Nc1ccc(OC)cc1)[N-]\N=C\1/C[C@H]2[C@H]([C@@H]3C[C@@H]4O[C@@]5(OC[C@@H](CC5)C)[C@H]([C@@H]4[C@@]/13C)C)CC[C@H]1C[C@@H](O)CC[C@@]12C,0,608.86798,7.508999799999999
21,O=C(N1CC(Nc2nc(nc3[nH]cnc23)Nc2ccc(N(C(=O)CC)C)cc2)CCC1)C=C,0,448.53101,1.7510599999999998
114,Clc1cc(Nc2ncnc3c2cc(cc3)-c2oc(cc2)[C@H](NOC(=O)CCCC)CS(=O)(=O)C)ccc1OCc1cc(F)ccc1,1,667.15796,6.3309999
752,s1cccc1\C=C\1/CC\C(=C/c2sccc2)\C/1=O,0,272.392,3.4289998999999995
678,P(OC[C@H]1O[C@@H](n2cnc(C(=O)N)c2N)[C@H](O)[C@@H]1O)(=O)([O-])[O-],0,336.19698999999997,-4.2750001
185,Clc1cc(Cl)c(OCC[NH+]2CC[NH+](CC2)C)cc1-c1nc(nc2sc(cc12)C(=O)NCC)N,1,511.478,2.609
773,S1c2c(Sc3c1cccc3)cccc2C=1OC(N2CCOCC2)=CC(=O)C=1,0,395.50299,4.0450001
175,Clc1cc(Nc2ncnc3c2sc(c3)C#C[C@@H]2[NH2+]C[C@H](OC(=O)NCC)C2)ccc1OCc1cc(F)ccc1,1,567.065,5.8280001
535,Clc1cc(Cl)ccc1NC(=S)[N-]\N=C\1/C[C@H]2[C@H]([C@@H]3C[C@@H]4O[C@@]5(OC[C@@H](CC5)C)[C@H]([C@@H]4[C@@]/13C)C)CC[C@H]1C[C@@H](O)CC[C@@]12C,1,647.73199,8.772000300000002
168,Clc1cc(OC)c(OC)cc1-c1nc(SCC(=O)NCC)nc2[nH]cc(c12)C#N,1,431.90399,2.27474
342,Fc1cc2c3c(CCNC2=O)c([nH]c3c1)-c1ccc(cc1)C[NH2+]C,0,324.379,3.24
441,Clc1cc(Nc2ncnc3c2cc(OCCC[NH+]2CCOCC2)c(OC)c3)ccc1F,1,447.918,3.14974
746,s1c2c(ncnc2Nc2cc3c(n(S(=O)(=O)c4ccsc4)cc3)cc2)cc1C#C[C@H]1[NH2+]C[C@H](OC(=O)N2CCOCC2)C1,1,635.77002,3.5060000000000002
575,Clc1cc(Nc2ncnc3c2cc(cc3)-c2oc(cc2)C[NH+]2CCOCC2)ccc1OCc1cc(F)ccc1,1,546.02197,5.5159998
44,O1c2c(C(=O)C(O[C@@H]3O[C@@H](C)[C@H](OC(=O)C)[C@@H](OC(=O)C)[C@H]3O)=C1c1ccc(O)cc1)c(O)cc(O)c2,0,516.45502,2.0057398999999996
544,O1C[C@@H](CC[C@]12O[C@@H]1[C@@H]([C@@]3([C@H]([C@H]4[C@H](CC3=O)[C@@]3([C@H](C[C@@H](O)CC3)CC4)C)C1)C)[C@@H]2C)C,0,430.629,5.5640000999999994
262,o1nc(-c2nc3c(n2CC)c(OCCCC[NH3+])cnc3C#CC(O)(C)C)c(n1)N,1,400.46297999999996,1.8545901000000002
35,O1[C@@H](CC(=CC1=O)C)\C=C\C(=C\C[C@@H]1O[C@H](C)[C@H](NC(=O)\C=C/[C@@H](OC(=O)C)C)C[C@@H]1C)\C,1,459.58297999999996,3.6639999999999997
496,S(=O)(=O)(CC[NH2+]Cc1oc(cc1)-c1cc2c(ncnc2Nc2ccc(OCc3cc(ccc3)C(F)(F)F)cc2)cc1)C,1,597.638,4.9967599
775,s1c2c(OC(N3CCOCC3)=CC2=O)c(c1)-c1cc2OCCOc2cc1,1,371.41299,2.322
660,Clc1cc(Nc2ncnc3c2[nH]cc3)ccc1Oc1ccccc1C#N,1,361.79199,4.0170598
542,Clc1ccccc1NC(=S)[N-]\N=C\1/C[C@H]2[C@H]([C@@H]3C[C@@H]4O[C@@]5(OC[C@@H](CC5)C)[C@H]([C@@H]4[C@@]/13C)C)CC[C@H]1C[C@@H](O)CC[C@@]12C,1,613.2869900000001,8.1429996
360,O(C)c1c2c3c(cc1OC)C(=O)N(c3cc1c2cccc1)CCOC,0,337.375,3.1777401000000003
735,Clc1cc(Nc2ncnc3c2sc(c3)C#C[C@H]2[NH2+]C[C@H](OC(=O)N3CCOCC3)C2)ccc1OCc1ncccc1,1,592.09998,3.7889999999999997
71,[NH3+]C1CCC(Nc2nc(Nc3ccccc3)c3ncn(c3n2)CCC(C)C)CC1,1,394.54699999999997,4.2010597999999995
392,o1c2cc(ccc2nc1C)-c1c2c([nH]c1)nc(nc2OC1CCCC1)Nc1ccc(cc1OC)C(=O)NC1COC1,1,554.60699,4.3390002
691,Brc1cc(sc1-c1c2cc[nH]c2ncc1)C(=O)N[C@@H](Cc1ccncc1)C[NH3+],1,457.37600999999995,2.438
560,S(c1ccc(NC(=O)C2CC2)cc1)c1nc(N2CC[NH+](CC2)C)cc(n1)Nc1n[nH]c(c1)C,0,465.60599,2.5860000000000003
439,s1c(C(=O)N)c(OCc2ccccc2C(F)(F)F)cc1-n1c2cc(OC)c(OC)cc2nc1,1,477.46297999999996,4.4645
219,s1ccnc1[C@@H](NC(=O)[C@@H]([C@@H](OC)[C@H]1N(CCC1)C(=O)C[C@@H](OC)[C@@H](N(C(=O)[C@@H](NC(=O)C1([NH3+])CCCC1)C(C)C)C)[C@H](CC)C)C)Cc1ccccc1,1,770.073,4.8990002
799,Clc1cc(Nc2ncnc3c2sc(c3)C#C[C@H]2[NH2+]C[C@H](O)C2)ccc1OCc1cc(F)ccc1,1,495.98599,5.2540002
514,Clc1cc(Nc2ncnc3c2cc(cc3)-c2oc(cc2)C[NH2+]CCSC)ccc1OCc1cc(F)ccc1,1,550.078,6.2360001
723,s1c2c(nc1NC(=O)c1c(F)cccc1F)-c1c(SC2)cccc1,1,360.40799,4.3499999
519,O1[C@@H]2O[C@@]3(OO[C@]24[C@@H](CC[C@H]([C@@H]4CC3)C)[C@@H](C)[C@H]1CC(C[C@H]1O[C@@H]2O[C@@]3(OO[C@]24[C@@H](CC[C@H]([C@@H]4CC3)C)[C@H]1C)C)COC(=O)CCC(=O)[O-])C,1,705.862,8.840000199999999
343,[NH2+]1CCN(CC1)c1ncc(cc1)-c1nn(c2nc(ncc12)NC)CC1CCCC1,1,393.51898,1.3275299999999999
572,S(=O)(=O)(N)c1cc(Nc2nc(N(C)c3cc4nn(C)c(c4cc3)C)ccn2)ccc1C,0,437.52797999999996,1.865
436,O(C)c1c2c3c(cc1OC)C(=O)N(c3cc1c2cccc1)CC1CC1,0,333.38698999999997,4.0787401
143,O=C(NN)c1n(nc(c1)-c1c2c(n(c1)CCC)cccc2)CCC,1,325.41598999999997,2.997
749,s1c2c(ncnc2Nc2cc3c(n(nc3)Cc3ccccc3)cc2)cc1C#C[C@H]1[NH2+]C[C@H](OC(=O)N2CCOCC2)C1,1,580.69299,3.924
345,Clc1cc(Nc2ncnc3NCCC(=Cc23)C(OC)=O)ccc1Oc1cc(ccc1)C(F)(F)F,1,490.86899000000005,4.8127599000000005
489,Clc1cc(Nc2ncnc3c2cc(cc3)-c2oc(cc2)C([NH2+]CCS(=O)(=O)C)CS(=O)(=O)C)ccc1OCc1cc(F)ccc1,1,674.19397,4.1230001000000005
380,Clc1nc(nc2N(Cc3ncc(C)c(OC)c3C)[C@@H](C)C(=O)Nc12)N,1,362.82097999999996,0.875
476,S(=O)(=O)(C(C)C)c1ccccc1Nc1nc(nc2[nH]ccc12)Nc1ccccc1OC,1,437.52399,3.7769999999999997
442,O(C)c1cc(ccc1OC)C=1N=C(n2c(ncc2)C=1)Nc1ncccc1C(=O)N,0,390.40297999999996,1.98774
671,s1c(cc(NC(=O)N)c1C(=O)N[C@H]1CCC[NH2+]C1)-c1cc(F)ccc1,0,363.43698,1.64
791,Clc1cc(Nc2ncnc3c2n(cc3)CCO)ccc1Oc1c2c([nH]nc2)ccc1,1,420.85999000000004,4.0820599
724,ClCCN(CCCl)c1ccc(cc1)CCCC(=O)[O-],0,303.20898,3.345
66,Clc1cc(ccc1)CNc1nc(nc2n(cnc12)CCC(C)C)NC1CCC([NH3+])CC1,1,443.01898,4.8830599999999995
774,S(CCCCCOC1=COC(=CC1=O)C[NH+]1CCOCC1)c1c2c(ncc1)cc(cc2)C(F)(F)F,0,509.569,4.1817598
5,O1CCN(c2c1cc1ncnc(Nc3cc(ccc3)C#C)c1c2)C(=O)\C=C\C[NH+]1CCCC1,1,440.52698,3.355
334,o1c2cc(ccc2nc1C)-c1c2c([nH]c1)nc(nc2OC1CCOCC1)Nc1ccc(cc1OC)C(=O)NC,1,528.56897,3.6860001000000002
389,o1c2cc(ccc2nc1C)-c1c2c([nH]c1)nc(nc2OC1CCCC1)Nc1ccc(cc1OC)C(=O)N1CC[NH+](CC1)C,1,582.685,4.3740001
696,Clc1cc(Nc2nc(nc3n(cnc23)Cc2ccccc2)NC2CCC([NH3+])CC2)ccc1,0,448.98199000000005,4.86306
349,FC(F)(F)C(=O)N(C(CC[C@H]1O[C@@H]2O[C@@]3(OO[C@]24[C@@H](CC[C@H]([C@@H]4CC3)C)[C@H]1C)C)C(=O)NCC(OC)=O)CCC[C@H]1O[C@@H]2O[C@@]3(OO[C@]24[C@@H](CC[C@H]([C@@H]4CC3)C)[C@H]1C)C,1,844.96198,8.9697599
231,OC[C@H](Nc1nc(NCc2ccccc2)c2[nH]nc(c2n1)C(C)C)CC,1,354.45801,3.5295899
445,O(C)c1c(OC)cc(cc1OC)\C=C/c1cc(O)c(OC)cc1,1,316.353,3.6344800000000004
627,Clc1cc(Nc2ncnc3c2[nH]cc3)ccc1Oc1ccccc1Cl,1,371.22699,4.94906
581,FC(F)(F)c1cc(NC(=O)c2cc(Nc3nc(ccn3)-c3cccnc3)c(cc2)C)cc(-n2cc(nc2)C)c1,0,529.526,4.33676
651,Clc1cc(Nc2ncnc3c2[nH]cc3)ccc1Oc1cc(F)ccc1,1,354.772,4.5490599000000005
58,Clc1cc(Nc2ncnc3c2n(cc3)CCNC(=O)CC(O)(C)C)ccc1Oc1cc(ccc1)C(F)(F)F,1,547.96497,5.2758198
6,O1CCN(c2c1cc1ncnc(Nc3cc(ccc3)C#C)c1c2)C(=O)\C=C\C[NH+]1CCCCC1,1,454.55399000000006,3.7969998999999994
429,O1CC1COc1c2c(O[C@@H]3COc4cc(OC)c(OC)cc4[C@]3(O)C2=O)cc(OC)c1,1,430.409,1.6457400000000002
144,Clc1cc(ccc1Cl)Cn1cc(c2c1cccc2)-c1nn(CCC)c(c1)C(=O)NN,1,442.34997999999996,5.0489998
321,O(C1CCCC1)c1nc(nc2[nH]cc(c12)-c1ccc(OC)cc1)Nc1ccc(cc1OC)C(=O)NC,1,487.56,4.7940001
150,Fc1ccc(cc1)Cn1cc(c2c1cccc2)-c1n(nc(c1)C(=O)NN)CCC,0,391.44998,3.983
32,Clc1cc(Nc2ncnc3c2n(cc3)CCNC(=O)C)ccc1Oc1c2c(snc2)ccc1,1,478.96399,4.7420602
232,OC[C@H](Nc1nc(NCc2ccccc2)c2ncn(c2n1)C(C)C)CC,0,354.45801,2.9420599999999997
595,[nH]1nc(Nc2nc3c(n2-c2nc(nc(n2)NCC#N)C)cccc3)cc1,1,346.358,0.68599999
30,Clc1cc(Nc2ncnc3c2sc(c3)C#C[C@@H]2N(CCC2)C(=O)C)ccc1OCc1cc(F)ccc1,1,521.01599,6.1100001
676,Fc1cc(F)ccc1-c1nc(N(C(=O)N)c2c(F)cccc2F)ccc1C(=O)N,0,404.32300000000004,3.0139999
106,O(CC[NH+]1CCCCC1)C(=O)NC1=NC2N=C[NH+]=C(Nc3cc4c(n(nc4)Cc4ccccc4)cc3)C2=C1CC,1,540.672,4.25
0,s1c2c(nc1NC(=O)c1ccc(OCC#C)cc1)-c1c(SC2)cccc1,1,378.47598,4.3099999
493,Clc1cc(Nc2ncnc3c2sc(c3)-c2[nH]c(cc2)C[NH2+]CCS(=O)(=O)C)ccc1OCc1cc(F)ccc1,1,587.12,4.6820002
415,O1CCN(CC1)c1cc(OC)c(Nc2nc(NC3CCCCC3)c3cc[nH]c3n2)cc1,1,422.53299000000004,3.1960001
643,Clc1cc(Nc2ncnc3c2sc(c3)-c2[nH]ccc2)ccc1OCc1cc(F)ccc1,1,450.92499000000004,5.7800002
789,Clc1cc(Nc2ncnc3c2n(cc3)CCO)ccc1Oc1cc(OC(F)(F)F)ccc1,1,464.83099000000004,5.6558199
103,O(CC1CCC[NH2+]C1)C(=O)NC1=NC2N=C[NH+]=C(Nc3cc4c(n(nc4)Cc4ccccc4)cc3)C2=C1CC,1,526.64502,3.8269998999999997
297,Clc1ccc2OCOc2c1Nc1ncnc2c1c(OC1CCOCC1)cc(OCC[NH+]1CC[NH+](CC1)C)c2,0,544.052,2.9619999
780,O1c2cc(ccc2OC1)C=1n2ncnc2-c2c(N=1)cc(NCCCO)cc2,1,363.37698,1.2770000000000001
188,Clc1cnc(nc1Nc1ccccc1S(=O)(=O)C(C)C)Nc1cc(NC(=O)CNC(=O)C[NH+]2CC[NH+](CC2)Cc2ccc(cc2)-c2c(onc2C(=O)NCC)-c2cc(C(C)C)c(O)cc2O)ccc1OC,1,1011.602,5.7930002
570,S=C(Nc1ccc(cc1C)C)[N-]\N=C\1/C[C@H]2[C@H]([C@@H]3C[C@@H]4O[C@@]5(OC[C@@H](CC5)C)[C@H]([C@@H]4[C@@]/13C)C)CC[C@H]1C[C@@H](O)CC[C@@]12C,1,606.896,8.184
448,O(Cc1ccc(OC)cc1)c1ccc(cc1OC)Cc1cnc(nc1N)N,0,366.42099,2.4457400000000002
260,o1nc(-c2nc3c(n2CC)c(OCC2CC[NH2+]C2)cnc3C#CC(O)(C)C)c(n1)N,1,412.474,1.8725898999999997
529,Clc1cc(NC(=O)[N-]\N=C\2/C[C@H]3[C@H]([C@@H]4C[C@@H]5O[C@@]6(OC[C@@H](CC6)C)[C@H]([C@@H]5[C@@]/24C)C)CC[C@H]2C[C@@H](O)CC[C@@]23C)ccc1,0,597.21997,7.689000099999999
170,Clc1cc(Nc2ncnc3c2cc(NC(=O)NCC)cc3)ccc1OCc1cc(F)ccc1,1,465.91599,4.6230001
778,Clc1cc(Nc2ncnc3c2n(cc3)CCCCCO)ccc1Oc1cc(ccc1)C(F)(F)F,1,490.91299000000004,6.5178199
68,Oc1ccc(Nc2nc(nc3n(cnc23)CCC(C)C)NC2CCC([NH3+])CC2)cc1,1,410.54599,3.8930599999999997
154,o1c2c(cc1C)C(=O)C(=O)C1=C2N(CCC[NH+](CC)CC)C(=O)c2c1cccc2,1,393.46297999999996,2.6099999
557,Clc1cc(Cl)ccc1-c1nc(ncc1-c1[nH]cc(n1)C)NCCNc1ncc(cc1)C#N,0,465.34799000000004,2.5989999999999998
348,O(C(=O)C(=O)NCC(OC)=O)C,0,175.14,-1.045
751,Fc1ccc(cc1C(=O)N1CCN(CC1)C(=O)C1CC1)CC1=NNC(=O)c2c1cccc2,0,434.47098,2.5320001
75,Fc1ccccc1C1([NH2+]Cc2cc(C[NH+]3CC[NH+](CC3)C(C)C)c(O)cc2)CCCC1,0,428.616,5.3330002
73,O(Cc1ccccc1)C(=O)N[C@@H](CC(C)C)C(=O)N[C@@H](CC(C)C)C(=O)N[C@@H](CC(C)C)C=O,0,475.62997,5.2540002
270,Clc1cc(Nc2nc(nc3n(cnc23)CC)N[C@@H]2CCCC[C@@H]2[NH3+])ccc1,1,386.91098,3.41606
769,Clc1ccc(Cl)cc1S(=O)(=O)Nc1cc(-c2c3c(ccc2O)cccc3)c(O)cc1,0,460.33700999999996,6.4710002
368,Clc1nc(nc2N(CC(=O)N(c12)C(C(=O)NCC[NH+](C)C)C)Cc1ncc(C)c(OC)c1C)N,1,492.004,0.075999998
443,O1C[C@@H](N(CC1)c1nc(nc2nc(ccc12)-c1cc(CO)c(OC)cc1)N1CCOC[C@@H]1C)C,1,465.55399000000006,1.99
673,Clc1cc(Nc2ncnc3c2cc(NC(=O)N)cc3)ccc1Oc1cc(Cl)c(Cl)cc1,1,474.73499000000004,4.8210001
296,Clc1cc(Nc2ncnc3c2cc(cc3)-c2oc(cc2)C(=O)N2CC[NH+](CC2)C)ccc1OCc1cc(F)ccc1,1,573.04797,4.9219999
612,Clc1cc(Nc2ncnc(C)c2C#Cc2ccccc2)ccc1OCc1cc(F)ccc1,1,443.909,6.839000200000001
213,O([C@H]([C@H](C(=O)N[C@@H](Cc1ccccc1)C(=O)[O-])C)[C@H]1N(CCC1)C(=O)C[C@@H](OC)[C@@H](N(C(=O)[C@@H](NC(=O)[C@@H]([NH2+]C)C(C)C)C(C)C)C)[C@H](CC)C)C,1,731.97601,4.4450002
338,o1c2cc(ccc2nc1C)-c1c2c([nH]c1)nc(nc2O[C@H]1CCOC1)Nc1ccc(cc1OC)C(=O)NC,1,514.54199,3.2439999999999998
416,S(=O)(=O)(C(C)C)c1ccccc1Nc1nc(nc2[nH]ccc12)Nc1ccc(N2CCOCC2)cc1OC,1,522.63,3.2950001
748,s1c2c(ncnc2Nc2cc3c(n(nc3)Cc3cc(F)ccc3)cc2)cc1C#C[C@H]1[NH2+]C[C@H](OC(=O)N2CCOCC2)C1,1,598.6829799999999,4.1139998
453,Brc1c(OC)c(OC)c(OC)cc1C(=O)\C=C/Nc1cc(O)c(OC)cc1,1,438.27399,3.08248
425,ClCC(O)COc1c2c(O[C@@H]3COc4cc(OC)c(OC)cc4[C@]3(O)C2=O)cc(OC)c1,1,466.87,1.9397398999999997
365,O1[C@@H](CC(=O)[C@@H](\C=C(/C)\[C@@H](O)[C@@H](OC)C(=O)[C@@H](C[C@@H](\C=C\C=C\C=C(/C)\[C@@H](OC)C[C@H]2O[C@](O)([C@@H](CC2)C)C(=O)C(=O)N2[C@@H](CCCC2)C1=O)C)C)C)[C@@H](C[C@H]1C[C@@H](OC)[C@H](OC(=O)C(CO)(CO)C)CC1)C,1,1030.303,6.00174
330,O(C1CCCC1)c1nc(nc2[nH]cc(c12)-c1ccccc1)Nc1ccc(cc1OC)C(=O)NC,1,457.534,4.8379997999999995
23,O=C1C=C2NC(=O)/C(=C/C=C\[C@H](OC)[C@@H](OC(=O)N)/C(=C/[C@H](C)[C@@H](O)[C@@H](OC)C[C@@H](CC(=C1NCC=C)C2=O)C)/C)/C,1,585.698,1.9677401
494,Clc1cc(Nc2ncnc3c2sc(c3)-c2oc(cc2)C[NH2+]CCS(=O)(=O)C)ccc1OCc1cc(F)ccc1,1,588.104,4.5840001
681,Brc1cc(sc1-c1c2cc[nH]c2ncc1)C(=O)NC(C[NH3+])c1ccccc1,1,442.36099,3.582
145,Clc1cc(Cl)ccc1Cn1cc(c2c1cccc2)-c1nn(CCC)c(c1)C(=O)NN,1,442.34997999999996,5.0489998
559,Clc1cc(ccc1)[C@H](O)CNC=1C=CNC(=O)C=1c1[nH]c2c(n1)c(cc(N1CCOCC1)c2)C,0,479.96799000000004,2.3759999
568,O=C(Nc1cc(Nc2nc(ccn2)-c2cccnc2)c(cc1)C)c1ccc(cc1)C[NH+]1CC[NH+](CC1)C,0,495.63097999999997,2.8269999
786,Clc1cc(Nc2ncnc3c2n(cc3)CCSCCO)ccc1Oc1cc(ccc1)C(F)(F)F,1,508.952,5.74582
435,O(C)c1c2c3c(cc1OC)C(=O)N(c3cc1c2cccc1)C(C)C,0,321.37601,4.0627398
550,O1[C@H]2n3c4c(c5c(CNC5=O)c5c6c(n(c45)[C@]1(C)[C@](O)(C2)CO)cccc6)c1c3cccc1,1,439.47098,5.3895302
652,Fc1ccccc1C1([NH2+]Cc2cc(ccc2)C[NH+]2CCCCC2)CCCC1,0,368.53997999999996,6.289
745,s1c2c(ncnc2Nc2cc3c(n(cc3)Cc3ncsc3)cc2)cc1C#C[C@H]1[NH2+]C[C@H](OC(=O)N2CCOCC2)C1,1,586.72101,3.8805301
89,O=C(Nc1cc2NCC(c2cc1)(C)C)c1cccnc1NCc1ccncc1,0,373.45999,2.549
398,Clc1cc(OC)c(OCC[NH+]2C[C@@H](F)CC2)cc1-c1nc(SC)nc2[nH]cc(c12)C#N,1,462.957,3.0097401
634,S(=O)(=O)(CC[NH2+]Cc1oc(cc1)-c1cc2c(ncnc2Nc2cc(C(F)(F)F)c(OCc3cc(F)ccc3)cc2)cc1)c1nccn1C,1,681.69098,5.3317599
477,o1c2cc(ccc2nc1C)-c1c2c([nH]c1)nc(nc2OC1CCCC1)Nc1ccccc1OC,1,455.51800999999995,5.316
793,Clc1cc(Nc2ncnc3c2n(cc3)CCO)ccc1Oc1c2c(snc2)ccc1,1,437.91098,4.7950602
271,Fc1cc(ccc1)Cn1ncc2cc(Nc3ncnc(N)c3\C=N\N(C)C)ccc12,1,404.45300000000003,2.4930000000000003
740,s1c2c(ncnc2Nc2ccc(Sc3ncccc3)cc2)cc1C#C[C@H]1[NH2+]C[C@H](OC(=O)N2CCOCC2)C1,1,559.6950099999999,4.1079998
314,o1c2cc(ccc2nc1C)-c1c2c([nH]c1)nc(nc2OC1CCC1)Nc1ccc(cc1OC)C(=O)NC,1,498.543,4.21
753,Clc1cc(Nc2ncnc3c2n(cc3)CCO)ccc1Oc1c2CC(=O)Nc2ccc1,1,435.871,3.2890601000000004
109,O(CCn1ccnc1)C(=O)NC1=NC2N=C[NH+]=C(Nc3cc4c(n(nc4)Cc4ccccc4)cc3)C2=C1CC,1,522.59302,3.141
151,Clc1cc(Nc2ncnc3c2sc(c3)C#C[C@H]2[NH2+]C[C@H](OC(=O)N(CC)C)C2)ccc1OCc1cc(F)ccc1,1,581.09198,6.0250001
551,Clc1cc(Nc2ncnc3c2cc(cc3)-c2oc(cc2)C[NH2+]CCS(=O)C)ccc1OCc1cc(F)ccc1,1,566.0769700000001,4.2490001
215,s1ccnc1[C@@H](NC(=O)[C@@H]([C@@H](OC)[C@H]1N(CCC1)C(=O)C[C@@H](OC)[C@@H](N(C(=O)[C@@H](NC(=O)C(C[NH2+]C)(C)C)C(C)C)C)[C@H](CC)C)C)Cc1ccccc1,1,772.0889900000001,4.6350002
312,o1c2cc(ccc2nc1C)-c1c2c([nH]c1)nc(nc2OC(C)C)Nc1ccc(cc1OC)C(=O)NC,1,486.53198,3.918
449,Brc1cc(sc1-c1c2cc[nH]c2ncc1)C(=O)N[C@@H](Cc1ccc(OC)cc1)C[NH3+],1,486.414,3.6259998999999996
430,O1C[C@H]2[C@@H]([C@@H](c3c(cc4OCOc4c3)[C@H]2O[C@@H]2O[C@H]3[C@@H](O[C@@H](OC3)C)[C@H](O)[C@H]2O)c2cc(OC)c(O)c(OC)c2)C1=O,0,588.56201,1.6160001
540,S=C(Nc1ccccc1)[N-]\N=C\1/C[C@H]2[C@H]([C@@H]3C[C@@H]4O[C@@]5(OC[C@@H](CC5)C)[C@H]([C@@H]4[C@@]/13C)C)CC[C@H]1C[C@@H](O)CC[C@@]12C,1,578.84198,7.553
340,S(c1ccccc1C(=O)NC)c1cc2[nH]nc(c2cc1)\C=C\c1ncccc1,0,386.47900000000004,4.6430001
465,O(C)c1c(OC)cc(cc1OC)C=1c2c(CCCC=1CCCC#N)c(O)c(OC)cc2,1,423.509,4.1034799
739,Clc1cc(Nc2ncnc3c2sc(c3)C#C[C@H]2[NH2+]C[C@H](OC(=O)N3CCOCC3)C2)ccc1Sc1cc(F)ccc1,1,611.14197,5.7519999
331,O(C1CCCC1)c1nc(nc2[nH]cc(c12)-c1cccnc1)Nc1ccc(cc1OC)C(=O)NC,1,458.522,3.605
46,Clc1cc(Nc2ncnc3c2n(cc3)CCNC(=O)C(S(=O)(=O)C)C)ccc1Oc1cc(ccc1)C(F)(F)F,1,582.0029900000001,4.8068199
275,Clc1cc(Nc2ncnc3c2sc(c3)C#C[C@@H]2[NH2+]C[C@H](OC(=O)N(C)C)C2)ccc1OCc1cc(F)ccc1,1,567.065,5.684
628,O=C1N(c2c3cc(ccc3[nH+]cc2N1C)-c1cc2c(nc1)cccc2)c1ccc(cc1)C(C#N)(C)C,1,470.556,6.461
636,Clc1cc(ccc1)C1=CC(=O)N(c2c1cc(cc2)[C@]([NH3+])(c1ccc(Cl)cc1)c1n(cnc1)C)C,0,490.414,5.7989998
102,O(CC1[NH2+]CCCC1)C(=O)NC1=NC2N=C[NH+]=C(Nc3cc4c(n(nc4)Cc4ccccc4)cc3)C2=C1CC,1,526.64502,4.1030002
361,Clc1cc(Nc2ncnc3c2sc(c3)C#C[C@@H]2[NH+](CCC2)CCOC)ccc1OCc1cc(F)ccc1,1,538.0670200000001,6.454999900000001
97,Clc1cc(Nc2ncnc3c2cc(cc3)-c2oc(cc2)[C@H](NOC(=O)CC)CS(=O)(=O)C)ccc1OCc1cc(F)ccc1,1,639.104,5.447
31,Clc1cc(Nc2ncnc3c2cc(cc3)-c2oc(cc2)C[NH+]2CCN(CC2)C(=O)C)ccc1OCc1cc(F)ccc1,1,587.0750099999999,5.047999900000001
251,o1nc(-c2nc3c(n2CC)cc(OC[C@@H]([NH3+])c2ccccc2)nc3C#CC(O)(C)C)c(n1)N,1,448.50699000000003,3.32459
141,O=C(NN)c1n(nc(c1)-c1c2c(n(c1)CCC)cccc2)Cc1ccccc1,1,373.45999,3.8299999
22,Clc1cc(Nc2ncnc3c2cc(NC(=O)C=C)c(OCCC[NH+]2CCOCC2)c3)ccc1F,1,486.95499,3.2690001
202,Fc1cc(OCC)c(cc1)-c1ccc(-n2nnc(c2)-c2ccccc2)cc1,1,359.40398999999996,5.2459998
191,Clc1cc(Nc2ncnc3c2cc(cc3)-c2oc(cc2)C([NH2+]CC)CS(=O)(=O)C)ccc1OCc1cc(F)ccc1,1,596.10297,5.3039999
498,Clc1cc(Nc2ncnc3c2cc(cc3)-c2oc(cc2)C[NH2+]CCS(=O)(=O)C)ccc1OCc1cc(F)ccc1,1,582.07599,4.842
661,[NH2+](Cc1c2c3c4c(cc2)cccc4ccc3cc1)CCCCCCNC(=[NH2+])N,0,374.53198,5.5640000999999994
201,Clc1cc(OC)c(OCC)cc1-c1nc(SCC(=O)NC2CC2)nc2[nH]cc(c12)C#N,1,457.94199000000003,2.9277401000000003
764,Clc1c2c(C(OCC\C=C\CC\C=C\C(=N\OCC(=O)N3CCCCC3)\C2)=O)c(O)cc1OP(=O)([O-])[O-],1,554.91998,2.5190001
521,O1[C@@H]2O[C@@]3(OO[C@]24[C@@H](CC[C@H]([C@@H]4CC3)C)[C@@H](C)[C@@H]1OC(=O)CCC(=O)[O-])C,1,383.41699,3.842
257,o1nc(-c2nc3c(n2CC)cc(O[C@H](CC[NH3+])c2ccccc2)nc3C#CC(O)(C)C)c(n1)N,1,462.534,3.7665900999999997
405,Clc1cc(OC)c(O)cc1-c1nc(SCC(=O)NC(C)C)nc2[nH]cc(c12)C#N,1,431.90399,2.721
19,O1[C@H]2[C@H]([C@@]3([C@]4([C@@H](C2)[C@@]2(CC[C@H]([C@@H](CCC=C(C)C)C)[C@]2(CC4)C)C)C3)CCC(OC)=O)C(=C)C1=O,0,482.70499,6.3319998
79,Clc1cc(Nc2ncnc3c2cc(cc3)-c2oc(cc2)C[NH2+]CCS(=O)(=O)C(C)C)ccc1OCc1cc(F)ccc1,1,610.13,5.9889998
761,Clc1cc(Nc2ncnc3c2n(cc3)CCO)ccc1Oc1cc2c(CNC2=O)cc1,1,435.871,3.3740599000000002
324,Clc1cc(ccc1Nc1nc(OC2CCCC2)c2c([nH]cc2-c2cc3oc(nc3cc2)C)n1)C(=O)NC,1,516.98901,5.2880001
600,Clc1cc(Nc2ncnc(C)c2\C=C\c2ccc(cc2)C[NH2+]C2CC2)ccc1OCc1cc(F)ccc1,1,516.03998,7.171
183,Clc1cc(Cl)c(OCC[NH+]2CCC(F)(F)CC2)cc1-c1nc(nc2sc(cc12)C(=O)NCC)N,1,531.435,4.6339202
229,s1ccnc1[C@@H](NC(=O)[C@@H]([C@@H](OC)[C@H]1N(CCC1)C(=O)C[C@@H](OC)[C@@H](N(C(=O)[C@@H](NC(=O)[C@]1(F)CC[NH2+]C1)C(C)C)C)[C@H](CC)C)C)Cc1ccccc1,1,774.0360099999999,4.2129997999999995
337,o1c2cc(ccc2nc1C)-c1c2c([nH]c1)nc(nc2OCCOC)Nc1ccc(cc1OC)C(=O)NC,1,502.53098,2.78474
315,O(C1CCCC1)c1nc(nc2[nH]cc(c12)-c1n[nH]cc1)Nc1ccc(cc1OC)C(=O)NC,1,447.49899000000005,3.23
784,Clc1cc(Nc2ncnc3c2n(cc3)CCOCCO)ccc1Oc1cc(OC(F)(F)F)ccc1,1,508.884,5.573820099999999
432,O(C)C1=CC=C2c3c(cc(OC)c(OC)c3OC)CC[C@H](NC(=O)C)C2=CC1=O,1,399.44299,2.2084799
742,s1c2c(ncnc2Nc2cc3c(n(cc3F)Cc3ccccc3)cc2)cc1C#C[C@H]1[NH2+]C[C@H](OC(=O)N2CCOCC2)C1,1,597.6950099999999,5.422999900000001
777,O1c2c(cccc2-c2ccccc2)C(=O)C=C1N1CCOCC1,0,307.349,3.198
697,O1c2cc(ccc2OC1)CC=1n2nc(nc2-c2c(N=1)cc(N)cc2)N,0,334.33898999999997,0.99299997
710,Fc1cc(ccc1)Cn1ncc2cc(Nc3ncnc(N)c3\C=N\OCc3ccccc3)ccc12,1,467.50800000000004,4.875
717,Clc1cc(Nc2ncnc3NCCC(=Cc23)C(=O)NCCO)ccc1Oc1cc(ccc1)C(F)(F)F,1,519.9110099999999,3.4767599000000002
252,o1nc(-c2nc3c(n2CC)cc(OC[C@@H]([NH3+])C)nc3C#CC(O)(C)C)c(n1)N,1,386.436,1.8775898999999998
198,Clc1cc(Nc2ncnc3c2sc(c3)C#C[C@H]2[NH2+]C[C@H](OC(OCC)=O)C2)ccc1OCc1cc(F)ccc1,1,568.04901,6.4699998
765,O1CC\C=C\CC\C=C\C(=N\OCC(=O)N2CCCCC2)\Cc2c(C1=O)c(O)cc(O)c2,1,442.51199,3.303
294,Clc1cc(Nc2ncnc3c2c(OC2CC[NH+](CC2)C)ccc3)ccc1OCc1cc(F)ccc1,1,493.98999000000003,5.7940001
14,O=C([O-])CC[C@]12[C@]3([C@@H](CC[C@H]1C(C)=C)[C@@]1(CC[C@H]([C@@H](CCC=C(C)C)C)[C@]1(CC3)C)C)C2,0,439.70398,7.218999900000001
169,Clc1cc(OC)c(OCC)cc1-c1nc(SCC(=O)NCC)nc2[nH]cc(c12)C#N,1,445.931,2.6157401
574,Clc1cc(Nc2ncnc3c2cc(cc3)-c2oc(cc2)C[NH+]2CC[NH2+]CC2)ccc1OCc1cc(F)ccc1,1,546.0459599999999,5.2069998
403,Clc1cc(OC)c(O)cc1-c1nc(SCC(=O)NC(C)(C)C)nc2[nH]cc(c12)C#N,1,445.931,3.128
290,S=C(N(NC(=O)CC(=O)NN(C(=S)c1ccccc1)C)C)c1ccccc1,1,400.52701,0.71799999
658,Clc1cc(Nc2ncnc3c2[nH]cc3)ccc1Oc1ccc(cc1)C#N,1,361.79199,4.0190601
339,o1c2cc(ccc2nc1C)-c1c2c([nH]c1)nc(nc2OC1CCC(O)(CC1)C)Nc1ccc(cc1OC)C(=O)NC,1,556.6229900000001,4.4860001
433,o1nc(C)c(-c2cc3[nH]c4nc(nc(c4c3cc2OC)-c2c3c(ncc2)cccc3)C)c1C,1,435.48699999999997,4.5780001
506,Clc1cc(Nc2ncnc3c2cc(cc3)-c2oc(cc2)[C@@H]([NH3+])CS(=O)(=O)C)ccc1OCc1cc(F)ccc1,1,568.04901,4.4380002
193,o1cc(cc1)-c1nc(NCC)c(OC[C@@H]([NH3+])Cc2ccccc2)cc1-c1nc2c([nH]nc2C)nc1,1,470.55697999999995,3.6771199999999995
522,Fc1ncc(NC(=O)[C@]2(N(CCC2)C=2[NH+]=C(Nc3[nH]nc(c3)C3CC3)c3n(N=2)ccc3)C)cc1,0,462.51300000000003,3.71
541,S=C(Nc1ccccc1C(F)(F)F)[N-]\N=C\1/C[C@H]2[C@H]([C@@H]3C[C@@H]4O[C@@]5(OC[C@@H](CC5)C)[C@H]([C@@H]4[C@@]/13C)C)CC[C@H]1C[C@@H](O)CC[C@@]12C,1,646.8389900000001,8.4857597
33,Clc1cc(Nc2ncnc3c2cc(NC(=O)C)cc3)ccc1OCc1ncccc1,1,419.87198,3.177
9,O1CC[NH+](CC1)C\C=C\C(=O)N1CCOc2c1cc1c(ncnc1Nc1cc(ccc1)C#C)c2,1,456.526,2.3889999
721,OC1C[C@H]2N([C@H](C1)CC2)c1ccc(cc1)-c1n[nH]c2c1cc(cc2)C(=O)N[C@H](C1CC1)c1ncccc1,1,493.61099,5.131
616,o1ccc(-c2nc(N)c(OC[C@@H]([NH3+])Cc3c4c([nH]c3)cccc4)cc2-c2ncc3[nH]nc(c3c2)C)c1C,1,494.57898,3.6525300000000005
555,Fc1cc(ccc1)Cn1ncc2cc(NC3=[NH+]C=Nn4c3c(C)c(NC(OC[C@H]3[NH2+]CCOC3)=O)c4)ccc12,1,532.58002,3.3840001
803,Fc1ccccc1C1([NH2+]Cc2cc(C[NH+]3CC[NH2+]CC3)c(O)cc2)CCCC1,0,386.535,4.2620001
591,o1cc(cc1)-c1ncc(OC[C@@H]([NH3+])Cc2c3c([nH]c2)cccc3)cc1-c1nc2c([nH]nc2C)cn1,1,466.52499000000006,3.2395899
609,Clc1cc(Nc2ncnc(C)c2C#Cc2ccc(cc2)C[NH2+]C(C)C)ccc1OCc1cc(F)ccc1,1,516.03998,7.422999900000001
236,S=C(Nc1ccccc1CC)[N-]\N=C\1/C[C@H]2[C@H]([C@@H]3C[C@@H]4O[C@@]5(OC[C@@H](CC5)C)[C@H]([C@@H]4[C@@]/13C)C)CC[C@H]1C[C@@H](O)CC[C@@]12C,1,606.896,8.324000400000001
374,Clc1nc(nc2N(CC(=O)N(c12)CCC[NH+]1CCOCC1)Cc1ncc(C)c(OC)c1C)N,1,476.98897999999997,0.495
241,o1nc(-c2nc3c(n2CC)cc(nc3C#CC(O)(C)C)C[NH+](C)C)c(n1)N,1,370.43698,1.98059
264,o1nc(-c2nc3c(n2CC)c(OCCC[NH2+]C[C@H](O)CO)cnc3C#CC(O)(C)C)c(n1)N,0,460.51498,0.67058998
611,Clc1cc(Nc2ncnc(C)c2C#Cc2cc(ccc2)C[NH+](C)C)ccc1OCc1cc(F)ccc1,1,502.01300000000003,6.9250002
108,O1CC[NH+](CC1)CCOC(=O)NC1=NC2N=C[NH+]=C(Nc3cc4c(n(nc4)Cc4ccccc4)cc3)C2=C1CC,1,542.6439799999999,2.842
125,Clc1cc(ccc1)CNc1nc(nc2n(cnc12)CCCC)NC1CCC([NH3+])CC1,1,428.99199999999996,4.5250601999999995
679,O=C1N2C(=N[N-]1)c1cc(c(nc1C=C2)-c1ccc(cc1)C1([NH3+])CCC1)-c1ccccc1,1,407.47699,4.7199998
481,Clc1cc(Nc2ncnc3c2cc(cc3)-c2oc(cc2)C([NH3+])CS(=O)(=O)C)ccc1OCc1cc(F)ccc1,1,568.04901,4.4380002
605,Clc1cc(Nc2ncnc(C)c2C#Cc2ccc(cc2)C[NH+]2CCCC2)ccc1OCc1cc(F)ccc1,1,528.0509599999999,7.420000099999999
536,S=C(Nc1ccc(F)cc1)[N-]\N=C\1/C[C@H]2[C@H]([C@@H]3C[C@@H]4O[C@@]5(OC[C@@H](CC5)C)[C@H]([C@@H]4[C@@]/13C)C)CC[C@H]1C[C@@H](O)CC[C@@]12C,1,596.8319700000001,7.705999900000001
276,Clc1cc(Nc2ncnc3c2sc(c3)C#C[C@H]2[NH2+]C[C@H](OC(=O)N(C)C)C2)ccc1OCc1cc(F)ccc1,1,567.065,5.684
484,Clc1cc(Nc2ncnc3c2cc(cc3)-c2oc(cc2)C[NH+](Cc2ccccc2)CCS(=O)(=O)C)ccc1OCc1cc(F)ccc1,1,672.20099,6.897999799999999
513,Clc1ccc(NC(=O)c2ccc(S(=O)(=O)C)cc2Cl)cc1-c1ncccc1,0,421.30399000000006,4.0
359,O(C)C/1=CC(=N\C\1=C/c1[nH]c(cc1C)C)c1[nH]c2c(c1)cccc2,1,317.392,4.085
277,Clc1cc(Nc2ncnc3c2cc(cc3)-c2oc(cc2)C([NH+](C)C)CS(=O)(=O)C)ccc1OCc1cc(F)ccc1,1,596.10297,5.2309999000000005
590,o1cc(cc1)-c1ncc(OC[C@@H]([NH3+])Cc2c3c([nH]c2)cccc3)cc1-c1ncc2[nH]nc(c2c1)C,1,465.53699000000006,3.74453
621,o1ccc(-c2ncc(OC[C@@H]([NH3+])Cc3c4c([nH]c3)cccc4)cc2-c2nc3c([nH]nc3C)nc2)c1C,1,480.55199999999996,3.6621201
722,Clc1cc2-c3nc(sc3CSc2cc1)NC(=O)c1c(F)cccc1F,1,394.853,4.9790000999999995
467,O(C)c1c(OC)cc(cc1OC)C=1c2c(CCCC=1)c(O)c(OC)cc2,1,356.418,3.9494801
593,o1cc(cc1)-c1ncc(OC[C@@H]([NH3+])Cc2c3c([nH]c2)cccc3)cc1-c1nc2c([nH]nc2C)nc1,1,466.52499000000006,3.4861199999999997
797,Clc1cc(Nc2ncncc2C#Cc2oc(cc2)CO)ccc1OCc1cc(F)ccc1,1,449.86899000000005,4.6529999
677,FC(F)(F)Oc1ccc(Nc2ncnc(c2)-c2cc(ccc2)C(=O)N)cc1,0,374.32198999999997,3.6537599999999997
408,Clc1cc(OC)c(OC)cc1-c1nc(SCC(=O)NC2CC2)nc2[nH]cc(c12)C#N,1,443.91497999999996,2.5867400000000003
662,[NH2+](Cc1c2c(cc3c1cccc3)cccc2)CCCCNC(=[NH2+])N,0,322.45599,4.152999899999999
757,S1\C(=C/c2cc3c(nccc3)cc2)\C(=O)N=C1NCc1sccc1,0,351.45401,4.7080002
233,O1[C@H]2[C@]34[C@@H]([C@@H](OC(=O)[C@@](OC(=O)C)(CC)C)C1=O)[C@@H](C)[C@@H](O)[C@@](OC3)(O)[C@@H]4[C@@]1([C@@H](C2)C(=CC(=O)[C@H]1O)C)C,0,536.57397,1.18174
597,Clc1cc(Nc2ncnc(C)c2\C=C(/F)\C(=O)NCC[NH+]2CCCC2)ccc1OCc1cc(F)ccc1,1,529.01099,4.717
401,Clc1cc(OC)c(O)cc1-c1nc(SCC(=O)N2CCC2)nc2[nH]cc(c12)C#N,1,429.88800000000003,2.2049999
543,S=C(Nc1ccccc1[N+](=O)[O-])[N-]\N=C\1/C[C@H]2[C@H]([C@@H]3C[C@@H]4O[C@@]5(OC[C@@H](CC5)C)[C@H]([C@@H]4[C@@]/13C)C)CC[C@H]1C[C@@H](O)CC[C@@]12C,1,623.8389900000001,7.486000099999999
667,[NH2+]=C(NCc1cc2Cc3c(-c2cc1)cccc3)N,0,238.31400000000002,3.2560000000000002
122,Clc1ccc(Nc2nc(nc3n(cnc23)CCCCCC)NC2CCC([NH3+])CC2)cc1,1,443.01898,5.3190598
94,Oc1c2c(ccc1)C(=O)C(=CC2=O)C,1,188.18198999999998,1.3839999
499,S(=O)(=O)(CC[NH2+]Cc1oc(cc1)-c1cc2c(ncnc2Nc2ccc(OCc3cc(F)ccc3)cc2)cc1)C,1,547.63098,4.2150002
136,Clc1cc(ccc1Cl)Cn1nc(cc1C(=O)NN)-c1c2c(n(c1)CCC)cccc2,1,442.34997999999996,5.0489998
159,Clc1cc(Cl)c(OCC[NH+](CC)CC)cc1-c1nc(SC)nc2[nH]cc(c12)C#N,1,451.40200999999996,4.25
653,Clc1cc(Nc2ncnc3c2[nH]cc3)ccc1Oc1ccccc1F,1,354.772,4.5100598
537,S=C(Nc1ccc(Oc2ccccc2)cc1)[N-]\N=C\1/C[C@H]2[C@H]([C@@H]3C[C@@H]4O[C@@]5(OC[C@@H](CC5)C)[C@H]([C@@H]4[C@@]/13C)C)CC[C@H]1C[C@@H](O)CC[C@@]12C,0,670.93896,9.1630001
632,Clc1cc(Nc2ncnc3c2n(cc3)C)ccc1Oc1cc(Cl)ccc1,1,385.254,5.5430598
788,Clc1cc(Nc2ncnc3c2n(cc3)CCO)ccc1Oc1cc(Cl)ccc1,1,415.28,4.849060099999999
750,s1c2c(ncnc2Nc2cc3c(n(S(=O)(=O)c4cc(F)ccc4)nc3)cc2)cc1C#C[C@H]1[NH2+]C[C@H](OC(=O)N2CCOCC2)C1,1,648.71997,3.5380001000000005
37,ClC[C@]1(O)C[C@H](O[C@@H](C1)\C=C\C(=C\C[C@@H]1O[C@H](C)[C@H](NC(=O)\C=C/[C@@H](OC(=O)C)C)C[C@@H]1C)\C)CC(OC[C@]1(O)[C@@H](O)[C@](O[C@H](\C=C\C(=C\C[C@@H]2O[C@H](C)[C@H](NC(=O)\C=C/[C@@H](OC(=O)C)C)C[C@@H]2C)\C)[C@H]1O)(O)C)=O,1,1079.719,5.4879999
181,Clc1cc(Cl)c(OCC[NH+](C)C)cc1-c1nc(nc2sc(cc12)C(=O)NCC)N,1,455.38998,3.0840001
648,Clc1cc(Nc2ncnc3c2[nH]cc3)ccc1OCc1cc(F)ccc1,1,368.79898,4.6830602
34,Clc1cc(Nc2ncncc2C#Cc2cc(NC(=O)C)ccc2)ccc1OCc1cc(F)ccc1,0,486.93399000000005,5.9089999
517,Clc1c([C@H](Oc2cc(cnc2N)-c2cn(nc2)C2CC[NH2+]CC2)C)c(Cl)ccc1F,0,451.353,4.1750002
545,O1C[C@@H](CC[C@]12O[C@@H]1[C@@H]([C@@]3([C@H]([C@H]4[C@H](CC3=O)[C@@]3([C@H](C[C@@H](OC(=O)c5ccc(cc5)C#N)CC3)CC4)C)C1)C)[C@@H]2C)C,0,559.7470099999999,7.474999900000001
714,Clc1cc(Nc2ncnc3c2n(cc3)CCNC(=O)CO)ccc1Oc1cc(ccc1)C(F)(F)F,1,505.884,4.31882
485,Clc1cc(Nc2ncnc3NCCC(=Cc23)C(=O)NCCS(=O)(=O)C)ccc1Oc1cc(ccc1)C(F)(F)F,1,582.0029900000001,3.3307599999999997
434,O(C)c1cc2CCn3c(-c2cc1OC)c-1[n+](CCc2cc(OC)c(OC)cc-12)c3,1,393.46297999999996,4.09548
421,S(=O)(=O)(\C=C\c1c(OC)cc(OC)cc1OC)Cc1cc(NCC(=O)[O-])c(OC)cc1,1,450.48801,2.4519999
706,Clc1cc(Nc2ncnc(N)c2-c2oc(nn2)CC[NH+]2CCOCC2)ccc1OCc1ccccc1,1,508.98999000000003,3.0439998999999998
129,[NH3+]C1CCC(Nc2nc(Nc3ccccc3)c3ncn(c3n2)CCCC)CC1,1,380.51999,3.84306
346,Clc1cc(Nc2ncnc3NCCC(=Cc23)C(OC)=O)ccc1Oc1c2c(scc2)ccc1,1,478.95999000000006,4.9239998
86,O1O[C@@H]2C[C@]3([C@H]1C(=O)CCC3(C)C)CC[C@]2(O)CO,1,270.32498,0.94400001
273,Clc1cc(Nc2ncnc3c2sc(c3)C#C[C@@H]2[NH2+]C[C@@H](OC(=O)N(C)C)C2)ccc1OCc1cc(F)ccc1,1,567.065,5.684
127,Clc1ccc(Nc2nc(nc3n(cnc23)CCCC)NC2CCC([NH3+])CC2)cc1,1,414.965,4.43506
370,Clc1nc(nc2N(CC(=O)N(c12)C)Cc1ncc(C)c(OC)c1C)N,1,362.82097999999996,0.61000001
672,Clc1cc(Nc2ncnc3c2cc(NC(=O)N)cc3)ccc1OCc1cc(F)ccc1,1,437.86199999999997,3.9260001000000004
274,Clc1cc(Nc2ncnc3c2sc(c3)C#C[C@H]2[NH2+]C[C@@H](OC(=O)N(C)C)C2)ccc1OCc1cc(F)ccc1,1,567.065,5.684
592,o1cc(cc1)-c1ncc(OC[C@@H]([NH3+])Cc2c3c([nH]c2)cccc3)cc1-c1cc2c([nH]nc2C)nc1,1,465.53699000000006,3.9955298999999997
234,O(C)c1cc2N([C@@H]3[C@@]4([C@H]5[NH+](CC=C[C@@]5(CC)[C@@H](OC(=O)C)[C@]3(O)C(OC)=O)CC4)c2cc1[C@@]1(c2[nH]c3c(c2CC[NH+]2C[C@@](O)(C[C@@H](C1)C2)CC)cccc3)C(OC)=O)C,1,813.005,5.005000099999999
261,o1nc(-c2nc3c(n2CC)c(OCC2CC[NH2+]CC2)cnc3C#CC(O)(C)C)c(n1)N,1,426.50100999999995,2.31459
468,O1[C@@H]2Cc3c(ccc(OC)c3O)[C@]1(C=C2)c1cc(OC)c(OC)c(OC)c1,1,370.401,3.3754798999999998
573,O(c1ccc(Nc2ncnc3c2[nH]cc3)cc1C)c1ccc(nc1)C,1,331.379,3.0910599
564,Clc1cc(Nc2ncnc3c2n(CCOCCO)c(c3)C)ccc1Oc1cc(ccc1)C(F)(F)F,1,506.91199000000006,5.4058199
454,O(C)c1c2c3c(cc1OC)C(=O)N(c3cc1c2cccc1)c1ccc(OC)cc1,0,385.41898,4.86974
57,Clc1cc(Nc2ncnc3c2n(cc3)CCNC(=O)C(O)(C)C)ccc1Oc1c2c(snc2)ccc1,1,523.01697,4.79106
138,Fc1ccc(cc1)Cn1nc(cc1C(=O)NN)-c1c2c(n(c1)CCC)cccc2,1,391.44998,3.983
206,O=C(C1CC1)c1ccc(nc1)N1C2CC(NC(=O)c3cc(N[C@@H](CC)C)c(cc3C)C(=O)N)CC1CC2,1,503.647,3.9139999999999997
199,Clc1cc(Nc2ncnc3c2sc(c3)C#C[C@H]2[NH2+]C[C@H](OCC)C2)ccc1OCc1cc(F)ccc1,1,524.03998,6.2069998
117,O=C(N[C@@H](CCCNC(=[NH2+])N)C(=O)N[C@@H](CC(=O)N[C@@H](CCCC[NH3+])C(=O)[O-])c1c2c(ccc1)cccc2)CCCCCCCCCCCCCCC,1,739.039,7.501999900000001
196,Clc1cc(Nc2ncnc3c2sc(c3)C#C[C@H]2[NH2+]C[C@H](NC(OCC)=O)C2)ccc1OCc1cc(F)ccc1,1,567.065,5.8280001
317,O(C1CCCC1)c1nc(nc2[nH]cc(c12)-c1ccc(cc1)-c1[nH]ccn1)Nc1ccc(cc1OC)C(=O)NC,1,523.59698,4.4029999
715,Clc1ccc(cc1)Cn1cc(c2c1cccc2)C(=O)C(=O)N\N=C\c1c2c([nH]c1)cccc2,1,454.91699000000006,6.585
311,o1c2cc(ccc2nc1C)-c1c2c([nH]c1)nc(nc2O)Nc1ccc(cc1OC)C(=O)NC,1,444.45099000000005,2.8510001
490,Clc1cc(Nc2ncnc3c2sc(c3)-c2cc(oc2)C[NH2+]CCS(=O)(=O)C)ccc1OCc1cc(F)ccc1,1,588.104,4.7410002
53,Clc1cc(Nc2ncnc3c2n(cc3)CCNC(=O)CS(=O)(=O)C(C)(C)C)ccc1Oc1cc(ccc1)C(F)(F)F,1,610.05701,5.8988199
353,O1[C@@H]2O[C@@]3(OO[C@]24[C@@H](CC[C@H]([C@@H]4CC3)C)[C@@H](C)[C@H]1CCC(N(C(=O)c1nccnc1)CCC[C@H]1O[C@@H]2O[C@@]3(OO[C@]24[C@@H](CC[C@H]([C@@H]4CC3)C)[C@H]1C)C)C(=O)NCC(OC)=O)C,1,855.039,7.686530099999999
729,s1c2c(ncnc2NCc2cc(Oc3ccccc3)ccc2)cc1C#C[C@H]1[NH2+]C[C@H](OC(=O)N2CCOCC2)C1,1,556.66699,4.3889999
727,Clc1cc(Nc2ncnc3c2sc(c3)C#C[C@H]2[NH2+]C[C@@H](OC(=O)N3CCOCC3)C2)ccc1OCc1cc(F)ccc1,1,609.10199,5.25
120,O=C(N[C@@H](CCCNC(=[NH2+])N)C(=O)N[C@@H](CC(=O)N[C@@H](Cc1ccccc1)C(=O)[O-])c1c2c(ccc1)cccc2)CCCCCCCCCCCCCCCCC,1,785.0869799999999,9.852000199999999
158,Clc1cc(Cl)c(OCC[NH+](CC)CC)cc1-c1nc(nc2sc(cc12)C(=O)NCC(F)(F)F)N,1,537.414,4.1877599000000005
139,O(C)c1cc(ccc1OC)Cn1nc(cc1C(=O)NN)-c1c2c(n(c1)CCC)cccc2,1,433.51199,3.5287398999999997
491,Clc1cc(Nc2ncnc3c2sc(c3)-c2cc(sc2)C[NH2+]CCS(=O)(=O)C)ccc1OCc1cc(F)ccc1,1,604.17102,5.5560002
693,S(C(c1ccccc1)(c1ccccc1)c1ccccc1)C[C@H]([NH3+])C(=O)[O-],0,363.48098999999996,5.2259998
148,O(C)c1ccc(cc1)Cn1cc(c2c1cccc2)-c1nn(CCC)c(c1)C(=O)NN,1,403.48599,3.786
39,O1[C@@H](C\C=C(\C=C\[C@H]2O[C@@H](C[C@]3(OC3)[C@@H]2O)CC(=O)[O-])/C)[C@H](C[C@@H](NC(=O)\C=C/[C@@H](OC(=O)C)C)[C@H]1C)C,1,534.62598,2.494
356,Clc1cc(Nc2ncnc3c2sc(c3)C#C[C@@H]2N(CCC2)C(OC)=O)ccc1OCc1cc(F)ccc1,1,537.01501,6.3959999000000005
43,O1N=C(CC1[C@@]1(O[C@@]2(C)[C@@](O)([C@@]3([C@@H]([C@H](O)[C@@H]2OC(=O)C)C(CC[C@@H]3OCc2onc(c2)-c2ccc(OCc3ccccc3)cc2)(C)C)C)C(=O)C1)C)c1ccc(OCc2ccccc2)cc1,0,899.0499900000001,9.213000300000001
602,Clc1cc(Nc2ncnc(C)c2C#CCOc2ccc(cc2)C[NH2+]C(C)C)ccc1OCc1cc(F)ccc1,1,546.06598,7.206999799999999
224,s1ccnc1[C@@H](NC(=O)[C@@H]([C@@H](OC)[C@H]1N(CCC1)C(=O)C[C@@H](OC)[C@@H](N(C(=O)[C@@H](NC(=O)[C@@]1([NH2+]CCC1)C)C(C)C)C)[C@H](CC)C)C)Cc1ccccc1,1,770.073,4.881
528,FC(F)(F)c1cc(NC(=O)[N-]\N=C\2/C[C@H]3[C@H]([C@@H]4C[C@@H]5O[C@@]6(OC[C@@H](CC6)C)[C@H]([C@@H]5[C@@]/24C)C)CC[C@H]2C[C@@H](O)CC[C@@]23C)ccc1,0,630.77197,8.031760199999999
367,Clc1nc(nc2n(cnc12)Cc1[n+]([O-])cc(C)c(OC)c1C)N,1,334.767,2.0695901
690,Brc1cc(sc1-c1c2cc[nH]c2ncc1)C(=O)N[C@@H](Cc1ccccc1F)C[NH3+],1,474.37799,3.8210001000000005
76,Clc1cc(Nc2ncnc3c2cc(cc3)-c2oc(cc2)C([NH2+]C(C)C)CS(=O)(=O)C)ccc1OCc1cc(F)ccc1,1,610.13,5.7659998
563,Clc1ccc(Cl)cc1S(=O)(=O)Nc1ccc([N+](=O)[O-])cc1C,1,361.20499,4.1420002
303,Clc1cc(Nc2ncnc3c2cc(cc3)-c2oc(cc2)C[NH+]2CC[NH+](CC2)C)ccc1OCc1cc(F)ccc1,1,560.073,5.4749999
462,O(C)c1c(OC)cc(cc1OC)C=1c2c(CCCC=1C)c(O)c(OC)cc2,1,370.44498,4.123479799999999
427,O1CC[NH+](CC1)CC[NH2+]CC(O)COc1c2c(O[C@@H]3COc4cc(OC)c(OC)cc4[C@]3(O)C2=O)cc(OC)c1,1,562.6159700000001,0.43773999999999996
452,O(C(=O)N(c1ccc(OC)cc1OC)c1nc(ncc1)Nc1ccc(N2CC[NH+](CC2)C)cc1)c1c(cccc1C)C,0,569.68597,4.744999900000001
608,Clc1cc(Nc2ncnc(C)c2C#Cc2ccc(cc2)C[NH+]2CCOCC2)ccc1OCc1cc(F)ccc1,1,544.0499900000001,6.454
376,Clc1nc(nc2N(CC(=O)Nc12)Cc1ncc(C)c(OC)c1C)N,1,348.79401,0.41299999
258,o1nc(-c2nc3c(n2CC)cc(O[C@H](C[NH3+])c2ccccc2)nc3C#CC(O)(C)C)c(n1)N,1,448.50699000000003,3.32459
631,Clc1cc(Nc2ncnc3c2n(cc3)C)ccc1Oc1cc(ccc1)C(F)(F)F,1,418.806,5.8858199
756,Clc1cc(Nc2ncnc3c2n(cc3)CCO)ccc1Oc1c2NC(=O)Cc2ccc1,1,435.871,3.2890601000000004
192,OC1CCC(Nc2nc(nc(NCC)c2)Nc2cc3c(n(cc3)Cc3ccccc3)cc2)CC1,0,456.59399,5.309
511,Clc1cc(Nc2ncnc3c2n(cc3)CCNC(=O)CCO)ccc1Oc1cc(ccc1)C(F)(F)F,1,519.9110099999999,4.4068198
186,Clc1cc(Cl)c(OCC[NH2+]CCOC)cc1-c1nc(nc2sc(cc12)C(=O)NCC)N,1,485.41599,2.734
464,O(C)c1c(OC)cc(cc1OC)C=1c2c(CCCC=1CCC#N)c(O)c(OC)cc2,1,409.48199,3.6614799
685,Brc1cc(sc1-c1c2cc[nH]c2ncc1)C(=O)N[C@@H](Cc1ccc(F)cc1)C[NH3+],1,474.37799,3.823
810,[nH+]1ccc(Nc2ccc(NCCc3c4c([nH]c3)cccc4)cc2)cc1,0,329.42699999999996,4.110000100000001
347,Clc1cc(Nc2ncncc2C#Cc2cc(NC(=O)CCCC(OC)=O)ccc2)ccc1OCc1cc(F)ccc1,1,573.02399,6.170000099999999
135,O=C(NN)c1[nH]nc(c1)-c1c2c(n(c1)CCC)cccc2,0,283.33499,2.4960001
119,O=C(N[C@@H](CCCNC(=[NH2+])N)C(=O)N[C@@H](CC(=O)N[C@@H](CCCC[NH3+])C(=O)[O-])c1c2c(ccc1)cccc2)CCCCCCCCCCCCCCCCC,1,767.09296,8.385999700000001
383,Clc1nc(nc2n(cnc12)Cc1ncc(C)c(OC)c1C)N,1,318.76801,1.8525900000000002
266,o1nc(-c2nc3c(n2CC)c(OCC[C@@H]([NH3+])Cc2ccccc2)cnc3C#CC(O)(C)C)c(n1)N,1,476.561,3.40959
248,o1nc(-c2nc3c(n2CC)cc(OCC[NH2+]C)nc3C#CC(O)(C)C)c(n1)N,1,386.436,1.94059
604,Clc1cc(Nc2ncnc(C)c2C#Cc2cc(F)c(cc2)C[NH+]2CCCC2)ccc1OCc1cc(F)ccc1,1,546.04102,7.607999799999999
630,Clc1cc(Cl)ccc1C1=C(c2c3c(n(c2)C)cccc3)C(=O)NC1=O,0,371.22299,5.077000099999999
755,Clc1cc(Nc2ncnc3c2n(cc3)CCO)ccc1Oc1cc2NC(=O)Cc2cc1,1,435.871,3.3280599000000004
488,Clc1cc(Nc2ncnc3c2sc(c3)C#C[C@H]2[NH2+]C[C@H](OC(=O)NCCS(=O)(=O)C)C2)ccc1OCc1cc(F)ccc1,1,645.1560099999999,4.6469998
583,Clc1c(C)c(ncc1C)CN1CC(=O)N(c2c1nc(nc2Cl)N)CC(C)C,1,409.32097999999996,2.559
687,Brc1cc(sc1-c1c2cc[nH]c2ncc1)C(=O)N[C@@H](Cc1cc(F)ccc1)C[NH3+],1,474.37799,3.8599998999999996
137,Clc1cc(Cl)ccc1Cn1nc(cc1C(=O)NN)-c1c2c(n(c1)CCC)cccc2,1,442.34997999999996,5.0489998
772,FC1=CNC(=O)NC1=O,0,130.078,-0.85799998
268,o1nc(-c2nc3c(n2CC)c(OC[C@H]2CCC[NH2+]C2)cnc3C#CC(O)(C)C)c(n1)N,1,426.50100999999995,2.31459
78,Clc1cc(Nc2ncnc3c2n(cc3)CCNC(=O)CS(=O)(=O)C(C)C)ccc1Oc1cc(ccc1)C(F)(F)F,1,596.02997,5.3198199
96,s1c2c(nc1NC(=O)CC)-c1c(SC2)cccc1,1,276.384,2.8610001
412,Ic1cc(F)c(Nc2c(NS(=O)(=O)C3(CC3)CC(O)CO)c(OC)cc(F)c2F)cc1,0,572.34198,3.9460001000000005
13,O1[C@H]2C=3[C@H]([C@H](OC(=O)CCCCCCC)[C@@H](OC(=O)\C(=C/C)\C)C=3C)[C@@](OC(=O)C)(C[C@H](OC(=O)CCC)[C@]2(O)[C@@](O)(C)C1=O)C,1,650.7619599999999,4.08674
134,Clc1cc2c([nH]cc2C(=O)c2c(F)c(NS(=O)(=O)CCC)ccc2F)nc1,0,413.832,3.5799999
302,Fc1ccccc1C1([NH2+]Cc2cc(C[NH+]3CC[NH+](CC3)C)c(O)cc2)CCCCC1,0,414.58898999999997,4.9720001
155,Fc1cc\2c(NC(=O)/C/2=C\c2[nH]c(C)c(C(=O)NCC[NH+](CC)CC)c2C)cc1,0,399.48999,2.569
654,S\1c2c(N/C/1=C(/C#N)\c1nc(ncc1)NCCc1cccnc1)cccc2,0,372.45599,2.3329999
51,Clc1cc(Nc2ncnc3c2n(cc3)CCNC(=O)C(C)(C)C)ccc1Oc1c2c(snc2)ccc1,1,521.04498,5.943059900000001
272,[NH2+]=C(N(C)C)NC(=[NH2+])N,0,131.183,-0.44100001
656,O=C(c1ccccc1)c1n-2c(C=Cc3c-2cccc3)c(c1)C#N,1,296.32898,4.651
204,Clc1cc(Nc2ncnc3c2n(cc3)CCNC(=O)CS(=O)(=O)CC)ccc1Oc1cc(ccc1)C(F)(F)F,1,582.0029900000001,4.685820099999999
287,s1c2c(OC(N3CCOCC3)=CC2=O)c(c1)-c1ccc(N(C)C)cc1,1,356.44597999999996,2.642
716,Ic1cnc(nc1NCCCNC(=O)c1sccc1)Nc1cc(NC(=O)N2CCCC2)ccc1,0,591.47797,3.1059999
440,s1c(C#N)c(OCc2ccccc2S(=O)(=O)C)cc1-n1c2cc(OC)c(OC)cc2nc1,0,469.54199000000006,3.4447400999999997
280,S1C=C(n2cc(nc12)-c1ccc(NC(=O)Nc2noc(c2)C(C)(C)C)cc1)C(=O)NCCC[NH+](C)C,1,510.64300999999995,2.865
508,s1c2c(nc(nc2N2CCOCC2)-c2c3c([nH]nc3)ccc2)cc1C[NH+]1CCN(S(=O)(=O)C)CC1,1,514.65497,0.88800001
126,O(C)c1cc(Nc2nc(nc3n(cnc23)CCCC)NC2CCC([NH3+])CC2)cc(OC)c1,0,440.57199,3.86606
189,Clc1cnc(nc1Nc1ccccc1S(=O)(=O)C(C)C)Nc1cc(NC(=O)C[NH+]2CC[NH+](CC2)Cc2ccc(cc2)-c2c(onc2C(=O)NCC)-c2cc(C(C)C)c(O)cc2O)ccc1OC,1,954.5499900000001,6.665999900000001
410,Clc1cc(OC)c(O)cc1-c1nc(SCC(=O)NCCF)nc2[nH]cc(c12)C#N,1,435.86699999999996,2.033
341,Clc1cc(Nc2ncnc3c2cc(cc3)-c2oc(cc2)C([NH2+]C)CS(=O)(=O)C)ccc1OCc1cc(F)ccc1,1,582.07599,4.9629997999999995
320,O(C1CCCC1)c1nc(nc2[nH]cc(c12)-c1ccc(O)cc1)Nc1ccc(cc1OC)C(=O)NC,1,473.53299000000004,4.5300002
633,Clc1cc(Nc2ncnc3c2n(cc3)C)ccc1Oc1cc(OC(F)(F)F)ccc1,1,434.80499000000003,6.3498201
712,O=C(Nc1ccccc1)CCCCCCC(=O)N[O-],1,263.31699,2.3150001000000002
116,O=C1C(CCCCCCCCCCC)=C([O-])C(=O)C=C1[O-],0,292.375,4.6820002
482,Clc1cc(Nc2ncnc3c2cc(cc3)-c2oc(cc2)C([NH2+]C2CCCCC2)CS(=O)(=O)C)ccc1OCc1cc(F)ccc1,1,650.1950099999999,6.941999900000001
395,s1c(Sc2cc(C(=O)N3CCN(CC3)C(=O)C)c(OC)cc2C)cnc1NC(=O)c1ccc(cc1)C[NH2+]C(C(C)(C)C)C,0,624.85101,5.170000099999999
41,O1[C@@H]2C[C@H](O)[C@@]3([C@H]([C@H](OC(=O)c4ccccc4)[C@]4(O)C[C@H](OC(=O)[C@H](O)[C@@H](NC(OC(C)(C)C)=O)c5ccccc5)C(=C([C@@H](O)C3=O)C4(C)C)C)[C@]2(OC(=O)C)C1)C,1,807.88995,3.5799999
391,o1c2cc(ccc2nc1C)-c1c2c([nH]c1)nc(nc2OC1CCCC1)Nc1ccc(cc1OC)C(=O)NC(CO)(C)C,1,570.64996,4.827000099999999
17,O1[C@H]2[C@H]([C@@]3([C@]4([C@@H](C2)[C@@]2(CC[C@H]([C@@H](CC\C=C(\CO)/C)C)[C@]2(CC4)C)C)C3)CCC(OC)=O)C(=C)C1=O,0,498.70398,5.5120001
642,Fc1cc(cc(N2CCOCC2)c1)C1=N\C(\NC=C1)=N/c1ccc(-n2nc(nc2)N2CCOCC2)cc1,1,502.55399000000006,1.409
291,S(=O)(=O)(N(C)c1ncccc1CNc1nc(ncc1C(F)(F)F)Nc1cc2CC(=O)Nc2cc1)C,0,507.49698,1.07576
552,Clc1cccc(Cl)c1CS(=O)(=O)c1cc\2c(NC(=O)/C/2=C\c2[nH]c(C)c(C(=O)N3CCC[C@@H]3C[NH+]3CCCC3)c2C)cc1,0,642.6279900000001,5.282000099999999
62,O=C\1\C=C\[C@](O)(C)[C@H](OC(=O)C=C(C)C)\C=C\[C@](C\C=C/1\CO)(CCC=C(C)C)C,1,416.55798,2.9200001
7,O1CCN(c2c1cc1ncnc(Nc3cc(ccc3)C#C)c1c2)C(=O)\C=C\C[NH+]1CCCCC1C,1,468.58099000000004,4.2589998
80,O=C(N1C[C@H](NC(=O)C2CC2)CC1)c1[nH]nc(c1)C(C)C,1,290.367,0.75
225,s1ccnc1[C@@H](NC(=O)[C@@H]([C@@H](OC)[C@H]1N(CCC1)C(=O)C[C@@H](OC)[C@@H](N(C(=O)[C@@H](NC(=O)[C@@]1(F)CC[NH2+]C1)C(C)C)C)[C@H](CC)C)C)Cc1ccccc1,1,774.0360099999999,4.2129997999999995
149,O=C(NN)c1n(nc(c1)-c1c2c(n(c1)Cc1ccccc1)cccc2)CCC,1,373.45999,3.8299999
619,o1ccc(-c2nc(N)c(OC[C@@H]([NH3+])Cc3c4c([nH]c3)cccc4)cc2-c2nc3c([nH]nc3C)nc2)c1C,1,495.56699000000003,3.3941199999999996
267,o1nc(-c2nc3c(n2CC)c(OC[C@@H]2CCC[NH2+]C2)cnc3C#CC(O)(C)C)c(n1)N,1,426.50100999999995,2.31459
91,Cl[C@H]1C[C@]2(O)C=3[C@H](CC[C@]2(C)[C@H]1C=1C=CC(OC=1)=O)[C@@]1([C@@H](CC=3)C(C)(C)[C@@H](OC(=O)N)[C@H]2O[C@@H]12)C=O,1,518.00598,1.946
65,Fc1cc(Nc2nc3N(CCC(C)C)C(C)C(=O)N(c3cn2)C)cc(F)c1O,1,391.42199999999997,2.891
457,O(C)c1cc(OC)ccc1Nc1nc(nc2n(cnc12)CCC(C)C)NC1CCC([NH3+])CC1,1,454.599,4.1480597999999995
375,Clc1nc(nc2N(CC(=O)N(c12)CC[NH+]1CCCC1)Cc1ncc(C)c(OC)c1C)N,1,446.96297999999996,1.0190001
124,Clc1cc(Nc2nc(nc3n(cnc23)CCCCCC)NC2CCC([NH3+])CC2)ccc1,1,443.01898,5.35606
112,O(C(=O)NC1=NC2N=C[NH+]=C(Nc3cc4c(n(nc4)Cc4ccccc4)cc3)C2=C1CC)C1CCC([NH3+])CC1,1,526.64502,4.1409998
130,Clc1cc(Nc2ncnc3c2cc(cc3)-c2oc(cc2)C[NH+](CCC)CCS(=O)(=O)C)ccc1OCc1cc(F)ccc1,1,624.15698,6.0650001
423,S(=O)(=O)(Nc1cc(NC(C(=O)[O-])(C)C)c(OC)cc1)\C=C\c1c(OC)cc(OC)cc1OC,1,479.53,3.0840001
369,Clc1nc(nc2N(CC(=O)N(c12)C(C)C)Cc1ncc(C)c(OC)c1C)N,1,390.875,1.413
319,O(C1CCCC1)c1nc(nc2[nH]cc(c12)-c1ccc(cc1)CO)Nc1ccc(cc1OC)C(=O)NC,1,487.56,4.316
377,Clc1nc(nc2N(CC(OC3CCCC3)=Nc12)Cc1ncc(C)c(OC)c1C)N,1,416.91299,2.6429999
351,O1[C@@H]2O[C@@]3(OO[C@]24[C@@H](CC[C@H]([C@@H]4CC3)C)[C@@H](C)[C@H]1CCC(N(C(=O)c1cccc(OC)c1OC)CCC[C@H]1O[C@@H]2O[C@@]3(OO[C@]24[C@@H](CC[C@H]([C@@H]4CC3)C)[C@H]1C)C)C(=O)NCC(OC)=O)C,1,913.11499,9.6547403
245,o1nc(-c2nc3c(n2CC)cc(OCCCC[NH3+])nc3C#CC(O)(C)C)c(n1)N,0,400.46297999999996,2.2995901
501,S(=O)(=O)(CC[NH2+]Cc1oc(cc1)-c1cc2c(ncnc2Nc2cc(C(F)(F)F)c(OCc3ccccc3)cc2)cc1)C,0,597.638,4.994759999999999
179,Clc1cc(Cl)c(OCC(=O)N)cc1-c1nc(nc2sc(cc12)C(=O)NCC)N,1,440.311,1.9780000000000002
713,ClCCN(CCCl)c1ccc(cc1)CCCC(=O)NCCC[P+](c1ccccc1)(c1ccccc1)c1ccccc1,1,606.59796,7.48
283,O(CC[NH+](C)C)c1ccc(cc1)-c1[nH]c(c(n1)-c1ccncc1)-c1cc2c(cc1)/C(=N/O)/CC2,0,454.55399000000006,3.9159998999999996
504,Clc1cc(Nc2ncnc3c2cc(cc3)-c2oc(cc2)COCCS(=O)(=O)C)ccc1OCc1cc(F)ccc1,1,582.052,5.151
211,o1nc(cc1CO[C@H]1CCC([C@H]2[C@@]1(C)[C@]1(O)[C@@](O[C@](CC1=O)(CC)C)(C)[C@@H](OC(=O)C)[C@H]2O)(C)C)-c1ccccc1,1,569.6950099999999,4.7909999
100,O(C)c1c(OC)cc(cc1OC)C=1c2c(CCCC=1CC)c(O)c(OC)cc2,1,384.47198,4.5984802
242,o1nc(-c2nc3c(n2CC)cc(nc3C#CC(O)(C)C)C[NH3+])c(n1)N,1,342.38300000000004,1.18759
318,O(C1CCCC1)c1nc(nc2[nH]cc(c12)-c1ccc(cc1)-c1[nH]cnn1)Nc1ccc(cc1OC)C(=O)NC,1,524.5849599999999,4.3379997999999995
615,Clc1[nH]c2c(cccc2)c1C[C@H]([NH3+])COc1cc(c(nc1N)-c1ccoc1C)-c1nc2c([nH]nc2C)nc1,1,530.0119599999999,4.39012
133,Clc1cc(Nc2ncnc3c2cc(cc3)-c2oc(cc2)C[NH2+]CCS(=O)(=O)CCC)ccc1OCc1cc(F)ccc1,1,610.13,5.7969999
469,O(C)c1c2CCn3c(-c2ccc1OC)c-1[n+](CCc2c-1ccc(OC)c2OC)c3,1,393.46297999999996,3.94348
480,Clc1cc(Nc2ncnc3c2n(cc3)CCNC(=O)CS(=O)(=O)C)ccc1Oc1cc(Cl)ccc1,1,534.42401,3.83006
670,s1cccc1CNC(=[NH2+])N,0,156.233,0.713
688,Brc1cc(sc1-c1c2cc[nH]c2ncc1)C(=O)N[C@@H](Cc1ccccc1)C[NH3+],1,456.38800000000003,3.6700001
447,Clc1ccc(cc1)[C@H]1N(C(=O)N2CC(=O)NCC2)C(=N[C@H]1c1ccc(Cl)cc1)c1ccc(OC)cc1OC(C)C,0,581.5,5.4460001
292,Fc1ccc(cc1)C1([NH2+]Cc2cc(ccc2)CC2CC[NH+](CC2)C)CCCC1,1,382.56699,6.224
77,Fc1cc(ccc1)Cn1ncc2cc(Nc3ncnc(N)c3\C=N\OC(C)C)ccc12,1,419.46399,3.8900001000000004
244,o1nc(-c2nc3c(n2CC)cc(nc3C#CC(O)(C)C)C[NH2+]C)c(n1)N,1,356.41,1.71259
771,O=C1Nc2c(N1C1CC[NH+](CC1)Cc1ccc(cc1)-c1nc3c(nc1-c1ccccc1)cc1nc[nH]c1c3)cccc2,0,552.6619900000001,5.5485301
704,Fc1c2-c3n(nc(n3)N)C(=Nc2ccc1)Cc1cc2OCOc2cc1,1,337.314,1.7790000000000001
295,Clc1cc(Nc2ncnc3c2c(OC2CC[NH+](CC2)C)ccc3)ccc1OCc1ncccc1,1,476.98798,4.3330002
787,Clc1cc(Nc2ncnc3c2n(cc3)CCO)ccc1Oc1cc(ccc1)C(F)(F)F,1,448.832,5.191820099999999
466,O(C)c1c(OC)cc(cc1OC)C=1c2c(CCCC=1CCO)c(O)c(OC)cc2,1,400.47098,3.3914800000000005
50,Clc1cc(Nc2ncnc3c2n(cc3)CCNC(=O)C(S(=O)(=O)C)(C)C)ccc1Oc1c2c(snc2)ccc1,1,585.10901,4.9890599
379,Clc1nc(nc2N(Cc3ncc(C)c(OC)c3C)[C@@H](C(C)C)C(=O)Nc12)N,1,390.875,1.847
456,S(=O)(=O)(Nc1ccc(OC)cc1)\C=C\c1c(OC)cc(OC)cc1OC,1,379.43298,2.9070001
173,Clc1cc(Nc2ncnc3c2sc(c3)C#C[C@@H]2[NH2+]C[C@@H](OC(=O)NCC)C2)ccc1OCc1cc(F)ccc1,1,567.065,5.8280001
399,Clc1cc(OC)c(O)cc1-c1nc(SCC(=O)N(C)C)nc2[nH]cc(c12)C#N,1,417.87698,2.115
664,[NH2+](Cc1c2c3c4c(cc2)cccc4ccc3cc1)CCC[NH2+]CCCC[NH2+]CCCNC(=[NH2+])N,0,462.686,4.782000099999999
767,Clc1cc(Nc2ncnc3c2cc(cc3)-c2oc(cc2)C[NH2+]CCS(=O)(=O)c2ccccc2)ccc1OCc1cc(F)ccc1,1,644.14697,6.4959998
246,o1nc(-c2nc3c(n2CC)cc(OCCC[NH3+])nc3C#CC(O)(C)C)c(n1)N,1,386.436,1.85759
83,S(=O)(=O)(CC(O)(C(=O)Nc1cc(C(F)(F)F)c(cc1)C#N)C)c1ccc(F)cc1,0,430.37799,2.50176
372,Clc1nc(nc2N(CC(=O)N(c12)CC(C)C)Cc1ncc(C)c(OC)c1C)N,1,404.90198,1.923
646,Clc1cc(Nc2ncnc3c2sc(c3)C#C[C@H]2[NH2+]CCC2)ccc1OCc1cc(F)ccc1,1,479.98699999999997,6.2690000999999995
250,o1nc(-c2nc3c(n2CC)cc(OC[C@@H]([NH3+])Cc2ccccc2)nc3C#CC(O)(C)C)c(n1)N,1,462.534,3.4125900000000002
725,O=C([O-])c1ccc(cc1C1CCCC1)-c1c2cc(cnc2[nH]c1)-c1ccccc1,0,381.45499,6.4089999
61,O=C\1\C=C\[C@](O)(C)[C@H](OC(=O)C=C(C)C)\C=C\[C@](C\C=C/1\C[NH+]1CC[NH+](CC1)C)(CCC=C(C)C)C,1,500.724,3.016
328,O(C1CCCC1)c1nc(nc2[nH]cc(c12)-c1cc(ccc1)CO)Nc1ccc(cc1OC)C(=O)NC,1,487.56,4.3530002
577,Clc1cc(Nc2ncnc3c2cc(cc3)-c2oc(cc2)C[NH2+]CCS(=O)(=O)CC(F)(F)F)ccc1OCc1cc(F)ccc1,1,650.073,5.6047602
178,Clc1cc(Cl)c(OCC#N)cc1-c1nc(nc2sc(cc12)C(=O)NCC)N,1,422.29599,2.6949999
279,Clc1cc(Nc2ncnc3c2cc(NC(=O)\C=C\C[NH+](C)C)c(O[C@H]2CCOC2)c3)ccc1F,1,486.95499,3.372
479,Clc1cc(Nc2ncnc3c2n(cc3)CCNC(=O)CS(=O)(=O)C)ccc1Oc1cc(ccc1)C(F)(F)F,1,567.97601,4.1728201
461,O(C)c1c(OC)cc(cc1OC)C=1c2c(CC=CC=1)c(O)c(OC)cc2,1,354.40198,4.0634799
152,Clc1cc(Nc2ncnc3c2sc(c3)C#C[C@H]2[NH2+]C[C@H](OC(=O)N(CC)CC)C2)ccc1OCc1cc(F)ccc1,1,595.11902,6.3660002
247,o1nc(-c2nc3c(n2CC)cc(OCC[NH3+])nc3C#CC(O)(C)C)c(n1)N,1,372.409,1.41559
397,Clc1cc(OC)c(OCC[NH+]2CC(F)(F)CC2)cc1-c1nc(SC)nc2[nH]cc(c12)C#N,1,480.94699,3.7916601
414,O(C)c1cc(N2CC[NH+](CC2)C)ccc1Nc1nc2N(c3c(cccc3)C(=O)N(c2cn1)C)C,0,460.56198,2.0069999999999997
795,FC(F)(F)c1ccc(cc1)-c1ccc(cc1)[C@@H]([NH2+]C[C@H]1[NH2+]C[C@H](O)[C@@H]1O)CO,0,398.42499,2.2407601
424,S(=O)(=O)(Nc1cc(O)c(OC)cc1)\C=C\c1c(OC)cc(OC)cc1OC,1,395.43201,2.6340001
300,Oc1ccc(cc1C[NH+]1CC[NH+](CC1)C)C[NH2+]C1(CCCC1)c1ccccc1,0,382.57198999999997,4.3790002
624,Clc1cc(Nc2ncnc3c2[nH]cc3)ccc1Oc1ccccc1,1,336.78198,4.3590598
669,[NH2+]=C(NCc1ccccc1)N,0,150.205,1.183
594,o1cc(cc1)-c1nc(C)c(OC[C@@H]([NH3+])Cc2c3c([nH]c2)cccc3)cc1-c1nc2c([nH]nc2C)nc1,1,480.55199999999996,3.7441199
