,Smiles,Label,Weight,logP(o/w)
369,o1c(cnc1-c1cncnc1)-c1ccc(OCC[NH+](C)C)cc1,0,311.36499,0.99199998
6,O1[C@H](CO)[C@](O)(C#C)[C@@H](O)[C@@H]1n1c2ncnc(N)c2cc1,1,290.27898999999996,-1.351
50,O1[C@H]2[C@@H](CC\C(=C/CC[C@]3(O[C@@H]23)C)\Cn2nnc(c2)-c2ccccc2)C(=C)C1=O,1,391.47098,2.6949999
615,o1c(cnc1-c1cn[nH]c1C)-c1ccc(OC)cc1,0,255.27698999999998,2.1800001
799,O1[C@@H]2O[C@@]3(OO[C@]24[C@@H](CC[C@H]([C@@H]4CC3)C)[C@@H](C)[C@H]1OCC(O)CO[C@H]1O[C@@H]2O[C@@]3(OO[C@]24[C@@H](CC[C@H]([C@@H]4CC3)C)[C@H]1C)C)C,1,624.76801,7.514999900000001
136,o1c(cnc1-c1cccnc1)-c1ccc(OC\C=C(\CCC=C(C)C)/C)cc1,0,374.48398,3.938
662,O1c2cc(ccc2OC1)-c1n[nH]c(c1)\C=C\C(=O)c1cc(OC)c(OC)cc1,1,378.384,3.8187398999999997
1115,Brc1ccccc1Sc1c2nsnc2c2c(c1)C(=O)c1c(cccc1)C2=O,0,453.34,6.322
292,FC(F)(F)c1[nH+]ccc(Nc2cc(ccc2)C(=O)N\N=C\c2ccc(N(CC)CC)cc2O)c1,1,472.491,5.4667601999999995
953,s1c(cc(NC(=O)N)c1C(=O)N[C@H]1CCC[NH2+]C1)-c1cc(F)ccc1,1,363.43698,1.64
744,O(C)c1cc2N=Nn3c(-c2cc1)c(N=O)c1cccnc13,1,279.259,1.39
1102,s1cccc1C1N(N=C2C1Cc1c2cccc1)c1ccc(S(=O)(=O)\N=C\2/SCC(=O)N/2C(=O)c2ccccc2)cc1,0,598.72797,6.846000200000001
283,S(SC(=S)N(CC)CC)(=O)(=O)c1ccc(NC(=O)C)cc1,0,346.496,2.1070001
550,FC(F)(F)c1ccc(cc1)Cn1cc(c2c1cccc2)\C=C\C(=O)\C=C\c1cc(OC)c(OC)cc1OC,0,521.53497,7.877500099999999
757,s1c2cc(OC)ccc2nc1NC(=O)COc1cc(ccc1OC)\C=C/c1cc(OC)c(OC)c(OC)c1,0,536.60498,5.0512199
327,Clc1cc(Nc2ncnc3c2cc(cc3)-c2cc(NS(=O)(=O)CC)c(OC)nc2)ccc1F,1,487.94299,4.2969999
1121,S=C1N(CCN1C=O)C(=O)c1occc1,1,224.23998999999998,-0.60699999
513,O(C)c1cc(cc(c1)C)-c1n(ncc1-c1cc(ncc1)-c1ccc(cc1)C(=O)C)CC#N,1,422.48798,4.1929998
162,S(O[C@H]1CC[C@@]23[C@@H](CC[C@@H]4[C@]2(CC[C@@]2(C)[C@]4(CC[C@@H]2[C@@H](CC(=O)CC(C)C)C)C)C3)[C@@]1(COS(=O)(=O)[O-])C)(=O)(=O)[O-],0,616.8369799999999,5.6399999
853,Clc1cc(C2=NN(C(C2)c2ccccc2O)c2ccc(S(=O)(=O)N)cc2)c(O)cc1C,1,457.93799,4.670000099999999
423,ClCCN(CCCl)c1ccc(cc1)CCCN(OC)C1OC[C@@H](O)[C@@H]1O,0,407.33797999999996,1.541
213,O1[C@H]2[C@@]34[C@@H]([C@@]5([C@@H](C2)C(=CC(=O)[C@H]5O)C)C)[C@](OC3)(O)[C@H](O)[C@@H]([C@@H]4CC1=O)C,1,378.42099,0.25
143,o1c(cnc1-c1ncc(cc1)C[NH+](C)C)-c1ccc(OCC=C(C)C)cc1,0,364.46898999999996,3.2795300000000003
608,O1c2cc(ccc2OC1)C(=O)\C=C\c1[nH]nc(c1)-c1cc(OC)c(OC)cc1,1,378.384,3.8187398999999997
989,S=C1NC(=Nc2[nH]cnc12)N,1,167.196,-1.2180001
1117,O=C1c2c(ccc3nccnc23)C(=O)c2c1cccc2,0,260.25198,2.33953
624,o1nc(c(-c2cc(OC)c3OCOc3c2)c1N)-c1ccc(OC)cc1,1,340.33499,3.3039998999999995
859,Clc1cc(S)c(S(=O)(=O)NC2=Nc3c(cccc3)C(=O)N2Cc2occc2)cc1C,0,461.94998,4.145
443,Clc1ccc(NC(=O)Nc2cc(-n3nc(c(c3)-c3ccncc3)-c3cc(OC)c(Cl)cc3)ccc2)cc1C(F)(F)F,1,598.4119900000001,6.953760099999999
592,Clc1ccc(NC(=O)Nc2ccc(Oc3cc4cc(OC)c(OC)cc4nc3C)cc2)cc1C(F)(F)F,1,531.91797,5.8985
151,o1c(cnc1-c1ncc(cc1)C[NH2+]CC(C)C)-c1ccc(OCC=C(C)C)cc1,1,392.52297999999996,4.3245301
164,O1c2c(C[C@H]3C[C@H]4C[C@@H]([C@@]13CO)C4(C)C)c(O)c(C=O)c(O)c2C(=O)CC(C)C,0,402.48699999999997,3.9300001000000004
852,Clc1ccccc1C1N(N=C(C1)c1cc(Cl)c(cc1O)C)c1ccc(S(=O)(=O)N)cc1,1,476.384,5.5700002
858,Clc1cc(SCc2ccc(cc2)C(F)(F)F)c(S(=O)(=O)NC(Nc2ccc(S(=O)(=O)N)cc2)=N)cc1C,1,593.07098,5.4667601999999995
217,Clc1cc(N2N=C(C)\C(=C\c3c4c(ccc3O)cccc4)\C2=O)ccc1,0,362.81597999999997,5.4310002
1002,O=C(n1nc(N)c2c1cccc2)Nc1ccc(cc1)Cc1ccccc1,0,342.40198,4.6760000999999995
983,Clc1nc(nc2n(cnc12)Cc1ccccc1CCl)N,1,308.172,3.1070599999999997
45,O1[C@H]2[C@@H](CC\C(=C/CC[C@]3(O[C@@H]23)C)\Cn2nnc(c2)-c2cc(C)c(cc2C)C)C(=C)C1=O,1,433.55199999999996,3.6589998999999995
38,O1[C@H]2[C@@H](CC\C(=C/CC[C@]3(O[C@@H]23)C)\COC(=O)NCCCCNC(OC/C/2=C/CC[C@]3(O[C@H]3[C@H]3OC(=O)C([C@@H]3CC\2)=C)C)=O)C(=C)C1=O,1,668.784,3.3480000000000003
496,O1c2c(cc(cc2OC)\C=C\c2cc(OC)c3c([nH]cc3)c2)C[C@H]2[C@]1(CC[C@@H](O)C2(C)C)C,1,447.57498,6.605
714,O(C)c1ccc(Nc2nc3NCC(=O)Nc3cn2)cc1,0,271.28,0.097000003
171,O1[C@H](CO)[C@@H](O)[C@H](O)[C@@H](O)[C@@H]1OC[C@@]12[C@@H]3[C@H]([C@@H]4CC[C@H]([C@@H](CCCC(C)C)C)[C@]4(CC3)C)CCC1=C[C@@H](O)CC2,0,564.80402,4.5040002
51,FC(F)(F)c1ccccc1-c1nnn(c1)C/C/1=C/CC[C@]2(O[C@H]2[C@H]2OC(=O)C([C@@H]2CC\1)=C)C,1,459.46799000000004,3.6277599
487,O1c2c(cc(cc2OC)\C=C\c2cc(O)c3c([nH]cc3CC=C(C)C)c2)C[C@H]2[C@]1(CC[C@@H](O)C2(C)C)C,1,501.66699000000006,7.4120002000000005
770,O(C)c1ccccc1C[NH2+]CCCN1C(=O)c2c3c(ccc4c3c(cc2)C(=O)N(CCC[NH3+])C4=O)C1=O,1,502.57097999999996,2.773
614,o1c(cnc1-c1ccc(nc1)N1CCCC1)-c1ccc(OC)cc1,0,321.38,3.112
862,Clc1ccc(cc1)-c1c(-c2[nH]c3cc(C)c(cc3n2)C)c(ncc1C#N)N,0,373.84698,4.4910002
435,Fc1cc(ccc1F)C(=O)\C=C\c1[nH]nc(c1)-c1cc(OC)c(OC)c(OC)c1,1,400.38097999999997,4.1974802
907,O=C1N(c2c3cc(ccc3[nH+]cc2N1C)-c1cc2c(nc1)cccc2)c1ccc(cc1)C(C#N)(C)C,1,470.556,6.461
1027,Fc1cc2c(N(C=C(C(=O)[O-])C2=O)C2CC2)cc1N1CC[NH+](CC1)CC(=O)Nc1ccc(cc1)C(=O)\C=C\c1ccccc1,1,594.64301,4.3660002
805,O1[C@@H]2O[C@@]3(OO[C@]24[C@@H](CC[C@H]([C@@H]4CC3)C)[C@@H](C)[C@H]1OCC[C@H](O)CO[C@H]1O[C@@H]2O[C@@]3(OO[C@]24[C@@H](CC[C@H]([C@@H]4CC3)C)[C@H]1C)C)C,1,638.79498,7.956999799999999
307,O1c2c(OC1)cc1c(c2)C(=O)[C@@H](CO)[C@H](C(OCC)=O)[C@@H]1c1cc(OC)c(OC)c(OC)c1,1,458.46297999999996,1.6734799999999999
887,o1nc(C)c(-c2cc(cc(O)c2)C(O)c2ccccc2)c1C,0,295.33797999999996,3.8169998999999994
20,Fc1cc(OC)c(cc1OC)C(=C)c1cc(OC)c(OC)c(OC)c1,1,348.37,4.022480000000001
711,O(C)c1ccc(Nc2nc3c(nc2-c2ccccc2)c(N)cc(N)c3)cc1,0,357.41699,3.6735301
1096,s1cccc1C1N(N=C2C1Cc1c2cccc1)c1ccc(S(=O)(=O)\N=C\2/SCCC(=O)N/2c2ccccc2)cc1,0,584.745,6.948999900000001
65,O1[C@H](COC(=O)C)[C@@H](O)[C@H](O)[C@@H](O)[C@@H]1O[C@@H]1C[C@@H]2[C@@]([C@H]3CC[C@@]45[C@@H](CC=C4[C@]13C)[C@@H](C)C(=C)[C@@H](O)C5)(CC[C@@H](OC(=O)C)C2(C)C)C,0,660.84497,3.2479999
348,O=C1C[NH+]2[C@@H](CCC2)C(=O)N[C@@H](C(C)C)C(=O)N2[C@@H](CCC2)C(=O)N[C@@H](CC(C)C)C(=O)N2[C@@H](CCC2)C(=O)N[C@@H]([C@@H](CC)C)C(=O)N[C@H]1Cc1ccccc1,1,779.01599,3.668
915,O=C1NC(=O)C(=C1c1c2c(n(c1)C)cccc2)c1c2cccnc2n(c1)C,1,356.38498,3.5940001000000006
506,O1c2cc(ccc2OC1)-c1n[nH]c(c1)\C=C\C(=O)c1cc(OC)c(OC)c(OC)c1,1,408.41,3.5614800000000004
775,O(C)c1ccccc1C[NH2+]CCCN1C(=O)c2c3c(ccc4c3c(cc2)C(=O)N(CCCOCCCCOCCC[NH3+])C4=O)C1=O,1,632.758,3.9349998999999998
125,O1c2c(CC[C@]1(CC\C=C(\CC\C=C(\CCC=C(C)C)/C)/C)C)c1c(OC[NH+](C1)CCCCCCO)c(C)c2C,1,552.86401,7.232999799999999
870,S(=O)(=O)(N(C)c1ccc(NC(=O)c2cc3OCOc3cc2)cc1OCc1cc(ccc1C)C)C,1,482.55697999999995,3.72
583,Fc1cc2[nH]c(nc2cc1)-c1c2cc(OC)c(OC)cc2c2cc(OC)c(OC)cc2c1,0,432.45099000000005,5.2554798
1060,s1c2c(nc1NC(=O)NC(C(F)(F)F)C(F)(F)F)cccc2,0,343.25101,3.1145201
561,O1C[C@H]2[C@@H]([C@@H](c3c(cc4OCOc4c3)[C@H]2NC(=O)C[NH+]2CC[NH+](CC2)CCCCCC[NH+]2CC[NH+](CC2)CC(=O)N[C@H]2[C@@H]3[C@@H]([C@@H](c4c2cc2OCOc2c4)c2cc(OC)c(O)c(OC)c2)C(OC3)=O)c2cc(OC)c(O)c(OC)c2)C1=O,1,1137.2939,4.165999899999999
454,O(C)c1c(OC)cc(cc1OC)/C(=C/c1n(c2c(c1)cccc2)Cc1ccc(cc1)C#N)/C#N,1,449.50998,5.56248
667,O1c2cc(ccc2N(c2c1cccc2)C(=O)c1ccc(OC)cc1)C#N,1,342.35400000000004,3.6029998999999995
955,Clc1ccc(S(=O)(=O)N([C@H](CCC(F)(F)F)C(=O)N)Cc2ccc(cc2F)-c2ncon2)cc1,0,520.89099,2.9707601
771,O(C)c1ccccc1C[NH2+]CCCN1C(=O)c2c3c(ccc4c3c(cc2)C(=O)N(CCC[NH2+]CCCC[NH3+])C4=O)C1=O,1,574.7019700000001,3.266
595,Clc1cc(Nc2ncnc3c2cc(OCCC[NH+]2CCOCC2)c(OC)c3)ccc1F,1,447.918,3.14974
130,O1c2c(CC[C@]1(CC\C=C(\CC\C=C(\CCC=C(C)C)/C)/C)C)c1C[NH+](COc1cc2C)CCCCCO,1,524.81,6.5339999
920,S=C1N(CCN1\C=C(\C(=O)c1ccccc1)/C#N)C(=O)c1occc1,1,351.38599,0.96200001
326,S(=O)(=O)(Nc1cc(cnc1OC)-c1cc2c(ncnc2Nc2cc(C(OC)=O)c(F)cc2)cc1)CC,1,511.534,3.6459998999999996
880,Clc1cc2Sc3n(S(=O)(=O)c2cc1C(=O)Nc1c2nc(ccc2ccc1)C)ccn3,0,456.93399000000005,2.9030001
109,O(C(=O)C)[C@H]1C[C@@H]2[C@@]3([C@@H](CC[C@]2([C@@H]2CC=C(C(=O)C)[C@H](C=O)[C@@]12C)C)C(CCC3)(C)C)CO,1,458.63898,4.492000099999999
1008,Oc1ccc(cc1)C(=O)\C=C\C1=Cc2c(NC1=O)cccc2,1,291.306,3.1300001
245,O1[C@@H](C)[C@H](OC(=O)C)[C@@H](O[C@@H]2O[C@@H](C)[C@H](OC(=O)C)[C@@H](O)[C@H]2O)[C@@H](OC(=O)C)[C@@H]1O[C@@H]1[C@@H](OC(=O)C)[C@@H](O[C@@H](O[C@@H]2[C@@H](O)[C@@H](O)[C@@H](O[C@H]2C)OCCCCCCCCCCCC)[C@@H]1O)C,1,939.0549900000001,2.36796
785,S(C)C=1N2C(=NC(=O)CC2C)c2c(n(CCC[NH+]3CCCCC3)c(-c3ccccc3)c2C)N=1,1,464.65799000000004,6.178
623,S(CC(=O)Nc1ccc(cc1)/C(=N/O)/C)c1nnc(n1-c1ccccc1)-c1cc(OC)c(OC)cc1,0,503.58297999999996,5.1527400000000005
185,O1C[C@@H](NC(=O)c2nc3c(cc2O)cccc3)C(=O)N2[C@@H](CCCC2)C(=O)NCC(=O)N(CC(=O)N(C)[C@@H](C(C)C)C(OC[C@@H](NC(=O)c2nc3c(cc2O)cccc3)C(=O)N2[C@@H](CCCC2)C(=O)NCC(=O)N(CC(=O)N(C)[C@@H](C(C)C)C1=O)C)=O)C,1,1221.3359,0.58399999
826,O1C[C@@]23O[C@@H]2[C@H]2OC(=O)[C@@]4(C2[C@@](C3=CC1=O)(C=C[C@@H]4O)C)C,0,304.298,0.58700001
696,O(C)c1ccc(cc1)CN1c2c(cccc2)C(O)(C2N(C)C(NC2=O)=N)C1=O,1,380.40398999999996,1.515
698,O(C)c1cc(ccc1OC)CNc1nc2c(nc1-c1ccccc1)c(N)cc(N)c2,0,401.47,3.46927
1093,Clc1cc2c(nc3c(c2-c2ccccc2)C(=O)CC(C3)C(F)(F)F)cc1,0,375.77698,5.424759900000001
155,O1c2cc(OCC=C(C)C)ccc2C=CC1=O,0,230.263,2.9820001
1133,S(=O)(=O)(Nc1ncccc1)c1cc2nc(c(nc2cc1)-c1ccccc1)-c1ccccc1,1,438.51099000000005,5.08253
1062,s1ccnc1NC(=O)NC(C(F)(F)F)C(F)(F)F,0,293.19101,1.46852
981,Clc1nc(nc2n(cnc12)Cc1ccc(cc1)CCl)N,1,308.172,3.10906
1066,Oc1cc2c3c([nH]c2cc1)c(nc(c3)C(=O)[O-])C(=O)c1nc[nH]c1,0,321.272,1.0355299999999998
52,s1cc(cc1)-c1nnn(c1)C/C/1=C/CC[C@]2(O[C@H]2[C@H]2OC(=O)C([C@@H]2CC\1)=C)C,1,397.49899,2.345
1143,S1c2c(Sc3c1cccc3)cccc2C=1OC(N2CCOCC2)=CC(=O)C=1,0,395.50299,4.0450001
1005,FC(F)(F)c1cc(ccc1)Cn1c2c(nc1-c1nonc1N)cccc2,1,359.311,4.3368201
693,O1c2c(CC[C@]1(CC\C=C(\CC\C=C(\CCC=C(C)C)/C)/C)C)c1C[NH+](COc1cc2C)CCc1cc(OC)c(OC)cc1,1,602.88,7.4767399
1024,s1c2c(N(c3n(nnc3-c3ccccc3)C2=O)CCCC(=O)NCCc2nc[nH]c2)c2c1cccc2,1,497.58297999999996,3.266
686,Clc1cc2[nH+]ccc(Nc3ccc(cc3)C3=NN(C=O)C(C3)c3ccc(OC)cc3)c2cc1,0,457.94097999999997,6.1469998
111,o1c(cnc1-c1cncnc1)-c1ccc(OC(=O)C)cc1,0,281.27099999999996,1.092
635,O(C)c1c(OC)cc(cc1OC)/C(=C\c1cc(O)c(OC)cc1)/C(=O)C,1,358.38998,3.23348
1131,s1cccc1C1N(N=C2C1Cc1c2cccc1)c1ccc(S(=O)(=O)\N=C\2/SC=C(N/2c2ccccc2)c2ccccc2)cc1,0,630.8170200000001,9.6890001
533,O1CCN(CC1)c1cc(OC)c(Nc2nc(NC3CCCCC3)c3cc[nH]c3n2)cc1,1,422.53299000000004,3.1960001
46,Fc1ccc(cc1)-c1nnn(c1)C/C/1=C/CC[C@]2(O[C@H]2[C@H]2OC(=O)C([C@@H]2CC\1)=C)C,1,409.461,2.8480000000000003
436,O(C)c1c(OC)cc(cc1OC)-c1n[nH]c(c1)\C=C\C(=O)c1ccc(N)cc1,1,379.41598999999997,3.1844799999999998
300,O(C(=O)CN(Cc1ccccc1)c1nc(ncc1[N+](=O)[O-])NCCc1ccccc1)CC,0,435.48398,3.5699998999999996
1170,Clc1ccc(cc1)-c1oc(nn1)-c1sc2nnc(c(c2c1O)-c1ccccc1)-c1ccccc1,1,482.95099000000005,8.1289997
569,O(C)C1=CC=C2c3c(cc(OC)c(OC)c3OC)CC[C@H](NC(=O)C)C2=CC1=O,1,399.44299,2.2084799
161,S(O[C@H]1CC[C@]2([C@@H](CCC3=C2CC[C@@]2(C)[C@]3(CC[C@@H]2[C@@H](CC(=O)CC(C)C)C)C)[C@@]1(COS(=O)(=O)[O-])C)C)(=O)(=O)[O-],0,616.8369799999999,4.7350001
829,Brc1cc(S(=O)(=O)N[C@H]2CC[C@H]3[C@H]4[C@H](CC[C@]23C)c2c(cc(O)cc2)CC4)ccc1,1,490.46200999999996,6.0910001
311,O(C(=O)c1nn(cc1C(=O)c1nn(c(-c2ccccc2)c1C#N)-c1ccccc1)-c1ccccc1)CC,0,487.51898,4.461
671,O1c2c(N(c3c1cccc3)C(=O)c1ccc(OC)cc1)cccc2,1,317.34398999999996,3.9059998999999994
142,O1c2c(C[NH+](C1)CC1CC[NH2+]CC1)c(ccc2[C@H](CCC=C(C)C)C)C,0,358.57001,4.3629999
229,S1C[C@H]([NH2+]C1c1ccccc1)C(=O)NCCCCCCCCCCCCCCCCCC,1,461.77899,8.9200001
927,Clc1ccc(cc1)[C@@H]1O[C@@H](C[C@@](O)([C@H]1c1ccccc1)c1ccccc1)CSC#N,1,435.97500999999994,6.1750002
1045,Ic1cc(Cl)c(Nc2c(F)c(F)ccc2C(=O)NOCC2CC2)cc1,0,478.664,5.665
332,Clc1cc(Nc2ncnc3c2cc(cc3)-c2cc(NS(=O)(=O)CC)c(OC)nc2)ccc1OC,1,499.97900000000004,4.099999899999999
910,O=C1NC(=Nc2c1c1c3c(n(c1c1n(c4c(c12)cccc4)C)C)cccc3)N,0,367.41199,5.1465302
392,O(C)c1ccccc1C[NH2+]CCCN1C(=O)c2c3c(ccc4c3c(cc2)C(=O)N(CCC[NH2+]CCCC[NH2+]CCC[NH2+]C)C4=O)C1=O,1,646.83301,3.842
869,Clc1ccc(NC(=O)c2cc(NC(=O)C3(CC3)c3ncnc(NCC4CC[NH+](CC4)C)c3)c(cc2)C)cc1C(F)(F)F,1,602.08099,5.046760099999999
1000,Fc1cccc(F)c1NC(=O)n1nc(N)c2c1cccc2,0,288.25699,2.9300001
72,O=C1C=C2NC(=O)/C(=C/C=C\[C@H](OC)[C@@H](OC(=O)N)/C(=C/[C@H](C)[C@@H](O)[C@@H](OC)C[C@@H](CC(=C1NCC=C)C2=O)C)/C)/C,1,585.698,1.9677401
333,S(=O)(=O)(Nc1cc(cnc1OC)-c1cc2c(ncnc2Nc2cc(OC)c(OC)cc2)cc1)CC,1,495.56,3.2157400000000003
1077,S1c2cc(ccc2Nc2c1cccc2)C(=O)c1c2c([nH]c1)cccc2,1,342.42199999999997,5.0960002
986,Clc1ccc(cc1)C1Nc2nc(nc(N)c2N=C2C1CCc1c2cccc1)N,1,390.87799,2.8800001
479,O(C)c1cc(ccc1O)\C=C\C(=O)c1cc(N2C=C(NC2=O)c2ccccc2)ccc1,1,412.44498,4.6939998
1052,Clc1ccc(NC(=O)Nc2cc(-n3nc(c(c3)-c3ccncc3)-c3cc(O)c(Cl)cc3)ccc2)cc1C(F)(F)F,1,584.38501,6.6897602
64,O(CCCCCOc1cc2N=C[C@H]3N(CC(C3)=C)C(=O)c2cc1OC)c1cc2N=C[C@H]3N(CC(C3)=C)C(=O)c2cc1OC,1,584.67297,3.1654799
1124,Clc1ccc(N2CCN(C=O)C2=S)cc1,0,240.71400000000003,1.835
906,Clc1nc(Cl)nc2n(cnc12)Cc1ccccc1Cn1c2nc(Cl)nc(Cl)c2nc1,1,480.14599999999996,5.3861197999999995
346,O1[C@H]2[C@]34[C@@H]([C@@H](OC(=O)[C@@H](CC)C)C1=O)[C@](OC3)(C)[C@@H](O)[C@H](O)[C@@H]4[C@@]1([C@@H](C2)C(=CC(=O)[C@H]1O)C)C,1,478.53799000000004,0.51300001
60,Clc1nnc(NS(=O)(=O)c2ccc(NC(C[C@@H]3[C@]4([C@H](CCC3=C)[C@@](COC(=O)C)(C)[C@H](OC(=O)C)CC4)C)C3=CCOC3=O)cc2)cc1,1,701.2409700000001,6.0570002
748,Fc1cc2[nH]c(nc2cc1)-c1c2cc(OC)c(OC)cc2c2cc(OC)ccc2c1,0,402.42499,5.512740099999999
465,ClCC[NH+](CC(Oc1ccc(cc1OC)\C=C\C(=O)CC(=O)\C=C\c1cc(OC)c(OC(=O)C[NH+](CCCl)CCCl)cc1)=O)CCCl,1,734.50098,5.4214802
273,o1c(cnc1-c1cccnc1)-c1ccc(OCCC)cc1,0,280.327,3.2149999
1109,O=C/1c2cccnc2N\C\1=C/1\c2cccnc2NC\1=O,1,264.24399,0.69599998
24,BrC[C@H]1CC[C@H]2OC(=O)C(=C)[C@@]12O,1,247.088,1.48
144,o1c(cnc1-c1ncc(cc1)C[NH+](C)C1CCCCC1)-c1ccc(OCC=C(C)C)cc1,0,432.58797999999996,5.2585301
318,Clc1cc(ccc1OCC)C(=O)N1c2c(Sc3c1cccc3)cccc2,1,381.88300000000004,5.6890000999999994
1127,Clc1cc2[nH+]ccc(Nc3ccc(cc3)C3=NN(C=O)C(C3)c3ccccc3)c2cc1,1,427.91497999999996,6.191
58,O1O[C@H](CC[C@]1(CC[C@]1([C@@H]2CCCC(=C)[C@]2(CC[C@@H]1C)C)C)C)[C@H](C(=O)[O-])C,1,391.57198999999997,6.131
1047,Clc1cc(Cl)ccc1NC1=NS(=O)(=O)c2c1cc(NC(=O)Nc1ccc(Cl)cc1)cc2,1,495.77399,5.4990001
257,S(Oc1cc(cc2OC([C@H]3[C@H](c12)[C@@H](O)C(=CC3)C)(C)C)CCCCC)(=O)(=O)c1ccc(cc1)C,0,484.65698,6.0949998
849,Clc1cc(C2=NN(C(C2)\C=C\c2ccccc2)c2ccc(S(=O)(=O)N)cc2)c(O)cc1C,1,467.97699000000006,5.6240001
11,O=C1CC[C@]2([C@@H](CC[C@@]3([C@@H]2CC=C2[C@@H]4CC(C[C@@H](OC(=O)\C(=C/C)\C)[C@@]4(CC[C@]23C)C(=O)[O-])(C)C)C)C1(C)C)C,1,551.78796,6.2399998
1051,Clc1ccc(cc1O)-c1nn(cc1-c1ccncc1)-c1cc(NC(=O)Nc2cc(cc(c2)C(F)(F)F)C(F)(F)F)ccc1,1,617.93701,7.1085199999999995
843,Oc1c(cc(cc1C)\C=C\1/CCc2c(n(c3c2cccc3)C)C/1=O)C,1,331.41497999999996,5.053
782,s1c2c(nc(nc2N2CCOCC2)-c2c3c([nH]nc3)ccc2)cc1C[NH+]1CCN(S(=O)(=O)C)CC1,0,514.65497,0.88800001
305,O(c1nc2c(nc1-c1ccccc1)c(N)cc(N)c2)c1ccc(cc1)C(=O)N[C@@H](CCC(=O)[O-])C(OCC)=O,0,528.54498,3.63153
684,O(C)c1c(OC)cc(cc1OC)C1=NNC(C1)c1ccc(OC)cc1,1,342.39499,3.1194799
977,FC(F)(F)c1ccccc1C#C\C=C/C#Cc1ccccc1N,1,311.306,6.2607598
619,S1c2nc(cn2N=C1c1ccc(OC)cc1)-c1ccc(O)cc1O,1,339.375,3.4579998999999995
1088,Fc1ccc(cc1)CNC1=CC2=NCCc3c2c([nH]c3)C1=O,1,295.31699,2.0039999
895,Clc1ncnc2n(cnc12)Cc1cc(ccc1)CCl,0,293.15698,3.4510601000000003
902,Brc1n2N=C(Sc2nc1-c1ccc(Cl)cc1)C1CC1,1,354.659,4.566
526,O(C)c1c(OC)c(cc(OC)c1OC)CCc1c2c(nc(nc2C)N)n(c1)Cc1ccccc1,1,462.54999000000004,3.4822199
413,S(=O)(=O)(Nc1cc(cnc1OC)-c1cc2c(ncnc2Nc2cc(ccc2)C(OC)=O)cc1)c1ccc(F)cc1F,0,577.56799,4.9770002
683,Clc1cc(C2=NN(C(C2)c2cc(OC)c(OC)cc2)c2ccc(S(=O)(=O)N)cc2)c(O)cc1C,1,501.991,4.67874
365,Clc1cc(Nc2ncnc3c2cc(NC(=O)\C=C\C[NH+](C)C)c(O[C@H]2CCOC2)c3)ccc1F,1,486.95499,3.372
328,S(=O)(=O)(Nc1cc(cnc1OC)-c1cc2c(ncnc2Nc2ccc(F)cc2)cc1)CC,1,453.49799,3.6700001
717,Fc1ccc(cc1)Cn1cc(c2c1cccc2)\C=C\C(=O)\C=C\c1cc(OC)ccc1OC,0,441.50198,7.353000200000001
784,ClCCCn1c2N=C(SC)N3CC(=O)N=C3c2c(C)c1-c1ccccc1,1,386.90698,5.3309999
425,O1[C@H](C)[C@@H](O)[C@H](O[C@@H]2O[C@H](C)[C@@H](O)[C@H](O)C2)C[C@@H]1Oc1cc2c(c(O)c1C)c(O)c1c(C[C@@H]([C@H](OC)C(=O)C(=O)C)[C@H](O[C@@H]3O[C@H](C)[C@@H](O)[C@H](O[C@@H]4O[C@H](C)[C@@H](O)[C@H](O)C4)C3)C1=O)c2,1,908.9439699999999,1.376
749,O(C)c1cc2c(cc1OC)c1cc(OC)ccc1cc2-c1[nH]c2c(n1)cccc2,0,384.435,5.3227401
1095,s1cccc1C1N(N=C2C1Cc1c2cccc1)c1ccc(S(=O)(=O)\N=C\2/SCCC(=O)N/2C(=O)c2ccccc2)cc1,1,612.755,6.934
340,S(\C(\Nc1ccccc1)=C(\C(=O)Nc1ccc(OC)cc1)/C#N)CC,1,353.44597999999996,3.8689999999999998
1111,O=C1c2c(-c3nccc4c3c1ncc4)cccc2,0,232.24199,2.0869999
27,FC[C@H]1CC[C@H]2OC(=O)C(=C)[C@@]12O,1,186.18198999999998,0.83499998
1151,O1c2c(N(CCCCCC[NH+]3CC[NH+](CC3)CCCCCN3c4c(OC3=O)cccc4)C1=O)cccc2,0,508.66299000000004,4.934
965,S(=O)(=O)(N)c1ccc(cc1)\C=C\c1ccc(F)cc1,1,277.319,3.0910001
809,O1[C@@H]2O[C@]3(OO[C@]24[C@@H](CC[C@H]([C@@H]4CC3)C)[C@@H](C)[C@@H]1O[C@@H]1O[C@@H]2O[C@]3(OO[C@]24[C@@H](CC[C@H]([C@@H]4CC3)C)[C@H]1C)C)C,1,550.68896,8.1700001
331,S(=O)(=O)(Nc1cc(cnc1OC)-c1cc2c(ncnc2Nc2ccc(OC(F)(F)F)cc2)cc1)CC,1,519.50397,4.91576
800,O1[C@@H]2O[C@@]3(OO[C@]24[C@@H](CC[C@H]([C@@H]4CC3)C)[C@@H](C)[C@@H]1OCCCCO[C@H]1O[C@@H]2O[C@@]3(OO[C@]24[C@@H](CC[C@H]([C@@H]4CC3)C)[C@H]1C)C)C,1,622.7959599999999,8.972000099999999
894,Clc1nc(Cl)nc2n(cnc12)Cc1cc(ccc1)CCl,1,327.60199,4.4100599
430,O1c2cc(O)c3c4c(c5c6c(C(=O)C(OC)=C5C[C@H](O)C)c(O)cc(OC1)c6c24)C(C[C@H](OC(=O)C)C)=C(OC)C3=O,1,576.55402,4.177
879,O1CC(Cc2ccc(O)cc2)C(=O)c2c1cc(cc2)C,0,268.31198,3.0829999
95,s1c2c(cc1C(OC(=O)C)C)C(=O)c1c(scc1C(OC(=O)C)C)C2=O,1,392.452,2.9949999
978,FC1(F)[C@H](O)[C@H](O[C@H]1N1C=CC(=NC1=O)N)CO,1,263.19998,-0.93808001
985,Clc1nc(N)c2ncn(c2n1)[C@@H]1O[C@H](CO)[C@@H](O)C1,1,285.69101,-0.34494001
92,Clc1ccc(Nc2ncccc2C(=O)NNS(=O)(=O)c2ccc(NC(=O)C)cc2)cc1,0,459.914,2.75
565,O1c2c(OC1)cc1c(c3N(CC[NH+](C)C)C(=O)c4cc(OC)c(OC)cc4-c3cc1)c2,1,421.47299000000004,3.6187400999999997
1118,s1nc2c3c(ccc2n1)C(=O)c1c(cccc1)C3=O,1,266.28,3.2449999
53,O1[C@H]2[C@@H](CC\C(=C/CC[C@]3(O[C@@H]23)C)\Cn2nnc(c2)CCC)C(=C)C1=O,0,357.45398,1.95
798,O1[C@@H]2O[C@@]3(OO[C@]24[C@@H](CC[C@H]([C@@H]4CC3)C)[C@@H](C)[C@H]1OCC(OC(=O)CCC(=O)[O-])CO[C@H]1O[C@@H]2O[C@@]3(OO[C@]24[C@@H](CC[C@H]([C@@H]4CC3)C)[C@H]1C)C)C,1,723.83301,7.2834802
1090,Clc1ccc(-n2nc(C(=O)N3NC(=O)CC3=O)c(O)c2)cc1,1,320.69199,0.38699999
740,O(C)c1cc2NC(=O)c3n(-c2cc1)cc1c3cccc1,1,264.284,3.0409999
1125,Clc1ccc(cc1)C1=NN(C=O)C(C1)c1cc(Nc2c3c([nH+]cc2)cc(Cl)cc3)ccc1,1,462.35999000000004,6.820000200000001
888,Clc1c2c(cccc2)c(c2c1cccc2)-c1noc(C)c1C(=O)Nc1cc(n(c1)C)C(=O)NCCC[NH+](CCCNC(=O)c1n(cc(NC(=O)c2c(noc2C)-c2c3c(cccc3)c(Cl)c3c2cccc3)c1)C)C,1,1030.006,10.333
810,Brc1ccc(cc1)C=1N[C@@H](C)C(=O)c2n3c(nc2N=1)C=CC=C3,1,369.22198,3.0899999
209,[Se](CC(OC(=O)CCSC1=C(C)C(=O)c2c(cccc2)C1=O)C(=O)NCCCCCC(OCc1ccccc1)=O)C1=C(C)C(=O)c2c(cccc2)C1=O,1,800.78998,5.6939998
655,s1c2c(nc1NC(=O)COc1cc(ccc1OC)\C=C/c1cc(OC)c(OC)c(OC)c1)cccc2,1,506.57898,5.0582199
8,O(CCCCCCOc1ccc(cc1)C#Cc1ccccc1C#Cc1ncccc1)c1ccc(cc1)C#Cc1ccccc1C#Cc1ncccc1,1,672.828,13.48
892,Clc1nc(Cl)nc2ncn(c12)Cc1ccc(cc1)CCl,1,327.60199,4.3730602
407,S1\C(=C\C(O\N=C\2/CC[C@]3([C@@H](CC[C@@]4([C@@H]3CC=C3[C@@H]5CC(CC[C@@]5(CC[C@]34C)C(OC)=O)(C)C)C)C/2(C)C)C)=O)\C(=O)[N-]C1=O,0,637.862,7.096000200000001
493,O1c2c(cc(cc2OC)\C=C\c2cc(O)c3c(n(cc3)C)c2)C[C@H]2[C@]1(CC[C@@H](O)C2(C)C)C,1,447.57498,6.895999900000001
960,Fc1cc(F)ccc1-c1nc(N(C(=O)N)c2c(F)cccc2F)ccc1C(=O)N,0,404.32300000000004,3.0139999
440,s1c2c(nc1-c1cc(OC)c(OCCCCCOc3cc4N=C[C@H]5N(CCC5)C(=O)c4cc3OC)cc1)cccc2,1,571.698,6.175479900000001
701,O(C)c1ccc(N(C)c2nc(nc3c2n(cc3Cc2ccccc2)C)C)cc1,1,372.47198,5.3430599999999995
353,O(C)c1cc2N([C@@H]3[C@@]4([C@H]5[NH+](CC=C[C@@]5(CC)[C@@H](OC(=O)C)[C@]3(O)C(OC)=O)CC4)c2cc1[C@@]1(c2[nH]c3c(c2CC[NH+]2C[C@@](O)(C[C@@H](C1)C2)CC)cccc3)C(OC)=O)C,1,813.005,5.005000099999999
15,O1c2c(C=CC1(CCC(O)C(C)=C)C)c1[nH]c3c(c1cc2C)cccc3,0,347.45797999999996,5.836
937,O=C(c1cn(nc1-c1ccccc1)-c1ccccc1)c1nn(c(-c2ccccc2)c1C#N)-c1ccccc1,1,491.55399000000006,6.1389999
420,s1cc(nc1-c1c2cc(OC)ccc2n(c1)CCOC)-c1c2cccnc2[nH]c1,1,404.49399,4.282000099999999
412,Clc1ccc(cc1)-c1nc2cc(ccc2n1-c1n[nH]c(c1)C(C)(C)C)C(OC)=O,1,408.88898,6.42453
357,S(=O)(=O)(C)c1ccc(N2N=C(CCC2=O)c2ccc(cc2)CC)cc1,1,356.44597999999996,3.3510001000000003
987,Fc1ccc(cc1)C1Nc2nc(nc(N)c2N=C2C1CCc1c2cccc1)N,1,374.423,2.441
399,O1[C@]23[C@]1(C1CC(OC(=O)[C@H](O)[C@@H](NC(OC)=O)c4ccncc4)C2(C)C1(C)C)c1c(cccc1)C(C3)C,0,506.599,4.1789999
268,S(=O)(=O)(Nc1cc(cnc1OC)-c1cc2c(ncnc2Nc2cc(ccc2)C(OCC)=O)cc1)CCCC,0,535.625,4.7199998
113,O=C1N(c2nc(ncc2C(C)=C1C(=O)C)Nc1ncc(N2CC[NH2+]CC2)cc1)C1CCCC1,0,448.55099,1.161
131,O1c2c(CC[C@]1(CC\C=C(\CC\C=C(\CCC=C(C)C)/C)/C)C)c1C[NH+](COc1cc2C)CCCCO,0,510.78299000000004,6.0920000000000005
132,O1c2c(CC[C@]1(CC\C=C(\CC\C=C(\CCC=C(C)C)/C)/C)C)c1C[NH+](COc1cc2C)CCCO,1,496.75597999999997,5.6500001
673,S1c2c(N(c3c1cccc3)C(=O)c1cc(N)c(OC)cc1)cccc2,1,348.42599,4.084000100000001
1030,FC(F)(F)c1[nH+]ccc(Nc2ccc(cc2)CC(=O)N\N=C\c2ccccc2O)c1,1,415.39499,4.88376
343,S(C[C@H]1O[C@H]([C@@H]([C@](O)(C1)c1ccccc1)c1ccccc1)c1ccc(F)cc1)CC,1,422.564,6.561999799999999
723,O(C)c1c(OC)cc(cc1OC)[C@H]1[C@@H](N(N=C1C)C(=O)C)c1cc(O)c(OC)cc1,1,414.45797999999996,2.7804799
1163,Fc1c2c(ncnc2-c2occc2)n(c1)[C@@H]1O[C@H](CO)[C@@H](O)[C@H]1O,1,335.29098999999997,-0.67000002
286,[NH+](CCCCNc1c2c([n+](c3c1[nH]c1c3cccc1)C)cccc2)(CC)CC,1,376.548,6.12253
416,O1[C@@H]2O[C@@]3(OO[C@]24[C@@H](CC[C@H]([C@@H]4CC3)C)[C@@H](C)[C@H]1OC(CO[C@H]1O[C@@H]2O[C@@]3(OO[C@]24[C@@H](CC[C@H]([C@@H]4CC3)C)[C@H]1C)C)COC)C,1,638.79498,7.6304798
288,O(C(=O)C[NH2+]CC[NH+](CC)CC)c1ccc(cc1OC)\C=C\C(=O)CC(=O)\C=C\c1cc(OC)c(OC(=O)C[NH2+]CC[NH+](CC)CC)cc1,0,684.875,3.7874801
1156,S1c2c(N(CCCCCC[NH+]3CC[NH+](CC3)CCN3c4c(SC3=O)cccc4)C1=O)cccc2,0,498.716,4.880000099999999
1097,O=C1Nc2c(nc(nc2)NCCc2ccccc2)N(C1)Cc1ccccc1,0,359.43298,2.3380001
580,FC1(F)C[C@@H]2N(C1)C(=O)c1cc(OC)c(OCCCOc3cc4N=C[C@H]5N(CC(F)(F)C5)C(=O)c4cc3OC)cc1N=C2,1,604.55701,3.8653199999999996
847,Clc1ccc(-n2nc(C(=O)n3nc(cc3C)C)c(O)c2)cc1,1,316.74799,2.4505301
834,S(c1c2c([nH]c1C)N=C(NC2=O)N)c1cc(F)c(cc1)C(=O)N[C@@H](CCC(=O)[O-])C(=O)[O-],1,461.42999000000003,1.641
298,O1c2c(cc(cc2)-c2cc(OC)cc(OC)c2)C(CC(OCC)=O)C(C(OCC)=O)=C1N,1,441.47997999999995,3.7880001000000005
455,o1c2c(cc1\C=C(/C#N)\c1cc(OC)c(OC)c(OC)c1)cccc2,1,335.35898,3.5434799
1044,Clc1cc(Cl)ccc1Nc1ncccc1C(=O)NNS(=O)(=O)c1ccc(F)cc1,0,455.29699999999997,4.2389998
450,O(C)c1c(OC)cc(cc1OC)-c1nncn1-c1ccc(N(C)C)cc1,0,354.41,2.9714799
43,O1[C@H]2[C@@H](CC\C(=C/CC[C@]3(O[C@H]23)C)\COC(=O)c2c3c(n(c2)C)cccc3)C(=C)C1=O,1,421.49298,4.151
1181,S(CCCC[NH+]1CC[NH+](CC1)CCCCSc1oc2c(n1)cccc2)c1oc2c(n1)cccc2,0,498.716,5.5
124,O1c2c(CC[C@]1(CC\C=C(\CC\C=C(\CCC=C(C)C)/C)/C)C)c1c(OC[NH+](C1)CCCCCCCCO)c(C)c2C,1,580.91797,8.1169996
600,o1nc(c(-c2ccc(OC)cc2)c1N)-c1cc(OC)c2OCCOc2c1,1,354.36199999999997,3.194
1103,S1\C(=C/c2cc3c(nccc3)cc2)\C(=O)N=C1NCc1sccc1,0,351.45401,4.7080002
467,O(C(=O)C[NH2+]CC[NH+](C)C)c1ccc(cc1OC)\C=C\C(=O)CC(=O)\C=C\c1cc(OC)c(OC(=O)C[NH2+]CC[NH+](C)C)cc1,0,628.76697,2.42348
567,O(C)c1c(N)c2c(cc1OC)C\C(=C\c1cc(C)c(O)c(c1)C)\C2=O,1,339.39099,3.2697401000000004
59,S(=O)([O-])(=Nc1noc(c1)C)c1ccc(NC(C[C@@H]2[C@]3([C@H](CCC2=C)[C@@](COC(=O)C)(C)[C@H](OC(=O)C)CC3)C)C2=CCOC2=O)cc1,1,668.78796,4.5970001
261,O1[C@H](C(OCCCC)=O)[C@@H](O)[C@H](O)[C@@H](O)[C@@H]1O[C@H]1CC[C@]2([C@@H](CC[C@@]3([C@@H]2CC=C2[C@@H]4CC(CC[C@@]4(CC[C@]23C)C(O[C@@H]2O[C@H](CO)[C@@H](O)[C@H](O)[C@H]2O)=O)(C)C)C)C1(C)C)C,1,851.0839800000001,4.1479998
972,Fc1ccc(Oc2nc3c(nc2-c2ccccc2)c(N)cc(N)c3)cc1,0,346.36499,4.0985298
1159,S1c2c(N(CCCCC[NH+]3CC[NH+](CC3)CCCN3c4c(SC3=O)cccc4)C1=O)cccc2,0,498.716,4.880000099999999
542,O(C)c1cc(Nc2nc3c(nc2-c2ccccc2)c(N)cc(N)c3)cc(OC)c1,1,387.44299,3.74053
607,O(C)c1cc(ccc1OC)C(=O)\C=C\c1[nH]nc(c1)-c1ccc(OC)cc1,1,364.401,4.0697398
336,Clc1cc(Nc2ncnc3c2cc(cc3)-c2cc(NS(=O)(=O)CC)c(OC)nc2)ccc1OCc1ccc(F)cc1,0,594.0670200000001,6.0409999
1054,Clc1ccc(cc1O)-c1nn(cc1-c1ccncc1)-c1cc(NC(=O)Nc2cc(ccc2)C(F)(F)F)ccc1,1,549.94,6.099760099999999
484,O1c2c(cc(cc2OC)\C=C\c2cc(O)c(CC=C(C)C)c(O)c2)C[C@H]2[C@]1(C[C@@H](O)[C@@H](O)C2(C)C)C,1,494.62799,5.8860002
1108,O=C/1Nc2ncccc2\C\1=C/1\Nc2c(cccc2)\C\1=N/O,1,278.27099999999996,1.7690001
122,O=C1CC[C@]2([C@@H](CC[C@@]3([C@@H]2CC=C2[C@@H]4CC(C[C@@H](OC(=O)C=C(C)C)[C@@]4(CC[C@]23C)C(=O)[O-])(C)C)C)C1(C)C)C,1,551.78796,6.2399998
249,O1[C@H](C=C(CCCCCCCCC[NH+]2CCC(CC2)CC[C@H](O)COCCOC[C@@H](O)CCCCCCCCCC)C1=O)C,1,624.96796,8.425740199999998
957,Clc1cc(C(=O)N)c(NC(=O)\C=C\c2ccccc2)cc1,1,300.745,3.073
154,o1c(cnc1-c1cncnc1)-c1ccc(OCC=C(C)C)cc1,0,307.353,1.929
483,O1c2c(cc(cc2OC)\C=C\c2cc(O)c(C\C=C(\CCC=C(C)C)/C)c(O)c2)C[C@H]2[C@]1(C[C@@H](O)[C@@H](O)C2(C)C)C,0,562.7470099999999,6.75
739,O1CC(Cc2cc(O)c(OC)cc2)C(=O)c2c1cc(OC)cc2,0,314.33701,2.7320001
215,Clc1ccc(-n2nc(C(=O)N3N=C(CC3=O)C)c(O)c2)cc1,1,318.72,1.4880000000000002
146,o1c(cnc1-c1ncc(cc1)CN1CCCC1=O)-c1ccc(OCC=C(C)C)cc1,1,403.48199,2.90453
96,s1c2c(cc1C(OC(=O)C)C)C(=O)c1c(scc1)C2=O,1,306.362,2.4690001
823,O[C@@H]1CC[C@@H]([NH2+][C@@H]1C)CCCCCCCCCCC=1C[NH+]2[C@@H](CCC2)[C@@H](C=1)CCCCCCCCCC[C@H]1[NH2+][C@H](C)[C@@H](O)CC1,1,633.08301,9.7629995
670,Clc1cc2N(c3c(Oc2cc1)cccc3)C(=O)c1cc(O)c(OC)cc1,1,367.78799,4.2620001
391,S(c1ccccc1C(=O)NC)c1cc2[nH]nc(c2cc1)\C=C\c1ncccc1,1,386.47900000000004,4.6430001
792,O=C(N[C@@H]([C@@H](O)c1ccccc1)C)CCCCCCCCCCCCCCC[n+]1ccccc1,1,467.71799000000004,8.196999499999999
1065,Oc1ccc(cc1)\C=C\C(=O)[O-],1,163.15198999999998,2.04
13,Fc1ccc(cc1C)C[NH2+]CCC[C@H](NC(=O)[C@@H]1N(CCC1)C(=O)[C@H](NC(=O)[C@@H](NC(=O)[C@@H](NC(=O)[C@H](NC(=O)CCCC(C)C)C(C)C)[C@H](O)C)C(C)C)C(C)C)C(=O)N[C@H]([C@H](CC)C)C(=O)N[C@@H]1[C@H](OC(=O)[C@@H](NC(=O)/C(/NC(=O)[C@@H](NC(=O)[C@H](NC(=O)[C@H](NC1=O)[C@H](CC)C)C(C)C)Cc1ccccc1)=C/C)C(C)C)C,1,1601.049,8.6590004
1087,O1c2cc(ccc2OC1)CCNC1=CC2=NCCc3c2c([nH]c3)C1=O,1,335.36301000000003,1.6440001
941,n1cn(nc1)C(c1ccc(cc1)C#N)c1ccc(cc1)C#N,1,285.31,1.7890000000000001
527,O(C)c1cc(cc(OC)c1)CNc1nc2c(nc1-c1ccccc1)c(N)cc(N)c2,1,401.47,3.7935300000000005
26,BrC[C@H]1CC[C@H]2OC(=O)C(=C)[C@@]12OCC,1,275.142,2.4330001
323,O(C)c1ccc(OC)cc1CC(=O)Nc1[nH+]c(OCC)c(C#N)c(N)c1,0,357.38998,2.1199999
525,O1c2c(cc(cc2OC)CCc2cc(O)c(C\C=C(\CC\C=C(\CO)/C)/C)c(O)c2)C[C@H]2[C@]1(CC[C@@H](O)C2(C)C)C,1,564.763,6.4770002
55,O1O[C@H](CC[C@]1(CCC1C(CCCC1=C)(C)C)C)[C@H](C(OC)=O)C,1,338.48801000000003,4.8119998
766,Brc1ccc(cc1)-c1nc2SC=C(n2c1)CC(=O)N\N=C\c1c(OC)cccc1OC,0,499.38901,5.0900002
227,O1C2=C(C=3[C@@H](CC[C@](OCC)(C=3)C)C1(C)C)C(=O)C=C(CCCCC)C2=O,0,372.505,4.5419998
28,IC[C@H]1CC[C@H]2OC(=O)C(=C)[C@@]12O,0,294.08797999999996,1.8719999999999999
541,Clc1cc(Cl)c(OC)cc1Nc1c2cc(OC)c(OCCC[NH+]3CC[NH+](CC3)C)cc2[nH+]cc1C#N,1,533.47998,4.26474
777,S(=O)(=O)(C(C)C)c1ccccc1Nc1nc(nc2[nH]ccc12)Nc1ccccc1OC,1,437.52399,3.7769999999999997
935,O1CCN(CC1)\C=C\C(=O)c1nn(c(-c2ccccc2)c1C#N)-c1ccccc1,0,384.439,2.4690001
296,S=C1N(CCN1\C=C(/C(=O)c1ccccc1)\C(OCC)=O)C(=O)c1occc1,1,398.439,1.584
258,S=C1N(c2ccccc2)C(=S)N(C=2N=C(NCCC[NH+](CCCC)CCCC)N(C(=N)C1=2)c1ccccc1)c1ccccc1,1,624.90198,8.5109997
680,O1N=C(CC1c1cc(OC)c(OC)c(OC)c1)c1cc(OCCCCOc2cc3N=C[C@H]4N(CCC4)C(=O)c3cc2OC)c(OC)cc1,1,659.73596,4.981959799999999
250,O1[C@H](C=C(CCCCCCCCCCCC[C@H](O)COCCOC[C@@H](O)CCCCCCCCCC)C1=O)C,1,554.85297,8.61374
949,Clc1cc(SCc2ccccc2)c(S(=O)(=O)NC(NO)=N)cc1-c1onc(n1)-c1ccccc1,1,516.0020099999999,5.0279999
393,O(C)c1ccccc1C[NH2+]CCCN1C(=O)c2c3c(ccc4c3c(cc2)C(=O)N(CCC[NH2+]CCC[NH2+]C)C4=O)C1=O,1,574.7019700000001,3.3489999999999998
1101,s1cccc1C1N(N=C2C1Cc1c2cccc1)c1ccc(S(=O)(=O)\N=C\2/SCC(=O)CN/2c2ccccc2)cc1,0,584.745,7.1149998
153,o1c(cnc1-c1cccnc1)-c1ccc(OCC=C(C)C)cc1,0,306.36499,3.0739999
317,s1c(nnc1NCC(Oc1ccc(cc1OCC)\C=C\C(=O)CC(=O)\C=C\c1cc(OCC)c(OC(=O)CNc2sc(nn2)C)cc1)=O)C,0,706.8009599999999,5.479479799999999
850,Clc1c(C)c(C2=NN(C(C2)c2ccc(Cl)cc2)c2ccc(S(=O)(=O)N)cc2)c(O)cc1C,0,490.41098,5.829
1175,[nH]1cc(c2c1cccc2)CCNc1nc(nc2c1cccc2)-c1ccccc1,1,364.452,5.085
364,[NH2+]=C(N(C)C)NC(=[NH2+])N,0,131.183,-0.44100001
741,S(Oc1ccc2c([nH]c3cc(OC)ccc23)c1C)(=O)(=O)c1c2c(ccc1)c(N(C)C)ccc2,1,460.55399000000006,5.9559999
681,Clc1ccc(cc1)[C@H]1N(C(=O)N2CC(=O)NCC2)C(=N[C@H]1c1ccc(Cl)cc1)c1ccc(OC)cc1OC(C)C,0,581.5,5.4460001
205,O1c2c(C[C@H]3C[C@H]4C[C@@H]([C@@]13CO)C4(C)C)c(O)c(C=O)c(O)c2C=O,0,346.379,2.7290001
236,O[C@@H]([C@@H]([NH2+]CCCCCCCCCCCCCC)C)c1ccccc1,1,348.595,7.393000099999999
337,S(=O)(=O)(Nc1cc(cnc1OC)-c1cc2c(ncnc2Nc2cc(ccc2)C(OC)=O)cc1)CC,1,493.54400999999996,3.4949999
872,S(=O)(=O)(C)c1ccc(N2N=C(CCC2=O)c2ccc(cc2)C)cc1,1,342.41901,2.8759999
137,o1cncc1-c1ccc(OC\C=C(\CCC=C(C)C)/C)cc1,0,297.39797999999996,3.0150001
243,O1[C@@H](C)[C@H](OC(=O)C)[C@@H](O)[C@@H](OC(=O)C)[C@@H]1O[C@@H]1[C@@H](OC(=O)C)[C@@H](O[C@@H](O[C@@H]2[C@@H](O)[C@@H](O)[C@@H](O[C@H]2C)OCCCCCCCCCCCC)[C@@H]1O)C,1,750.87598,3.1564801
5,O1[C@H](CO)[C@](O)(C#C)[C@@H](O)[C@@H]1N1C=CC(=NC1=O)N,1,267.241,-2.1570001
235,[n+]1(ccn(c1)C)CCCCCCCCCCCCCCCC,1,307.54599,7.672999900000001
796,O1[C@@H]2O[C@@]3(OO[C@]24[C@@H](CC[C@H]([C@@H]4CC3)C)[C@@H](C)[C@H]1OC\C=C/CO[C@H]1O[C@@H]2O[C@@]3(OO[C@]24[C@@H](CC[C@H]([C@@H]4CC3)C)[C@H]1C)C)C,1,620.77997,8.7320004
194,O=C1C[C@@H]2[C@@]3([C@@H](CC[C@]2([C@@H]2CC=C(C=O)[C@@H](C=O)[C@@]12C)C)C(CCC3)(C)C)C,0,384.56,4.573
845,S1CC(=O)N(C1c1sccc1)c1cc2NC(=O)C=C(c2cc1)C,0,342.44299,2.694
359,FC(F)(F)c1cc2nc([nH]c2cc1)C[NH+]1CCN(CC1)c1ncncc1CC,0,391.42099,2.15576
74,S(=O)(=O)(n1cc(c2c1cccc2)[C@H]([NH2+][C@@H](CO)c1ccccc1)CC=C)c1ccc(cc1)C,0,461.60599,5.1979999999999995
434,Clc1cc(ccc1Cl)C(=O)\C=C\c1[nH]nc(c1)-c1cc(OC)c(OC)c(OC)c1,1,433.29099,5.075480000000001
979,O1[C@H](CO)[C@@H](O)[C@H](O)[C@@H]1N1C=CC(=NC1=O)N,1,243.21899,-2.529
279,O1c2c(C(=O)C=C1CCC)c(O)c1c(cc(O)cc1OC)c2,0,300.31,3.3080001000000006
534,S(=O)(=O)(C(C)C)c1ccccc1Nc1nc(nc2[nH]ccc12)Nc1ccc(N2CCOCC2)cc1OC,1,522.63,3.2950001
905,Clc1nc(Cl)nc2n(cnc12)Cc1cc(ccc1)Cn1c2nc(Cl)nc(Cl)c2nc1,1,480.14599999999996,5.4251199
1013,Oc1cc(ccc1)\C=C\C(=O)c1cc(N2C=C(NC2=O)c2ccccc2)ccc1,1,382.41898,4.7399998
129,O1c2c(CC[C@]1(CC\C=C(\CC\C=C(\CCC=C(C)C)/C)/C)C)c1C[NH+](COc1cc2C)CCCCCCO,1,538.8369799999999,6.975999799999999
406,O(C(=O)[C@@]12[C@@H](CC(CC1)(C)C)C1=CC[C@H]3[C@](CC[C@@H]4[C@@]3(CC\C(=N/O)\C4(C)C)C)(C)[C@@]1(CC2)C)C,0,483.73699999999997,6.367000099999999
338,S(=O)(=O)(Nc1cc(cnc1OC)-c1cc2c(ncnc2Nc2cc(F)ccc2)cc1)CC,1,453.49799,3.707
70,O=C1C[C@@H]2CC[C@H](C(=O)CC=C)[C@]2(O)C1=C,0,220.26799,0.72299999
491,O1c2c(cc(cc2OC)\C=C\c2cc(O)c3cc([nH]c3c2)CC=C(C)C)C[C@H]2[C@]1(CC[C@@H](O)C2(C)C)C,1,501.66699000000006,7.413000099999999
170,O1[C@H](CO)[C@@H](O)[C@H](O)[C@@H](O)[C@@H]1OC[C@@]12[C@@H]3[C@H]([C@@H]4CC[C@H]([C@@H](CCCC(C)C)C)[C@]4(CC3)C)CCC1=CC(=O)CC2,1,562.78796,4.2779999
1070,Clc1cc(OC(=O)c2ccccc2Nc2cc([nH+]cc2)C(F)(F)F)ccc1,1,393.772,5.54076
547,O1c2c(C(=O)C=C1C)c(O)c1c(cc(O)cc1OC)c2,0,272.25597999999997,2.391
240,OC[C@@H]([NH2+]CCCCCCCCCCCCCC)[C@H](O)c1ccccc1,1,364.59398999999996,6.3579998
697,O(C)c1ccc(cc1)CNc1nc2c(nc1-c1ccccc1)c(N)cc(N)c2,1,371.444,3.7265300999999997
999,O1[C@H](CO)[C@@H](O)[C@@H](O)[C@@H]1n1cc(c2c1ncnc2N)-c1cn[nH]c1,1,332.32001,-1.337
25,BrC[C@H]1CC[C@H]2OC(=O)C(=C)[C@@]12OC,1,261.11499,2.092
1139,FC1=CNC(=O)NC1=O,0,130.078,-0.85799998
865,Clc1cc2c(N=C(N(\N=C\c3ccccc3)C2=O)c2ccc(cc2)C)cc1,0,373.84299,6.191
540,O(C)c1cc(NC(CCC[NH2+]C(CCC[NH2+]C(CCC[NH2+]C(CCC[NH3+])C)C)C)C)c2ncccc2c1,0,518.8349599999999,5.0780001
61,S(=O)(=O)(Nc1nc(ccn1)C)c1ccc(NC(C[C@@H]2[C@]3([C@H](CCC2=C)[C@@](COC(=O)C)(C)[C@H](OC(=O)C)CC3)C)C2=CCOC2=O)cc1,1,680.823,3.8989998999999997
1063,Clc1cc2Sc3n(S(=O)(=O)c2cc1C(=O)Nc1sccn1)ccn3,0,398.875,1.425
890,Clc1nc(Cl)nc2n(cnc12)Cc1ccc(cc1)CCl,0,327.60199,4.3730602
789,[As](SCC(OC(=O)C(Cl)c1ccccc1)COC(=O)C(Cl)c1ccccc1)(C)C,1,517.3049900000001,5.1577401
10,Clc1cc(/C(=N/NC(=O)c2cc(S(=O)(=O)N3CCOCC3)ccc2)/C)c(O)cc1,1,437.90399,2.2869999
1179,[nH]1cc(c2c1cccc2)CCNc1ncnc2c1cccc2,0,288.35400000000004,3.0910001
692,O1CC(Cc2ccc(OC)cc2OC)C(=O)c2c1cccc2,0,298.33797999999996,3.003
769,O(C)c1ccccc1C[NH2+]CCCN1C(=O)c2c3c(ccc4c3c(cc2)C(=O)N(CCCC[NH2+]CCC[NH3+])C4=O)C1=O,1,574.7019700000001,3.266
518,O(C)c1c(OC)cc(cc1OC)C1=NNC(C1)c1ccc(N(C)C)cc1,1,355.43799,3.07848
148,o1c(cnc1-c1ccc(nc1)C[NH+]1CCCCC1)-c1ccc(OCC=C(C)C)cc1,0,404.534,4.0580001
127,O1c2c(CC[C@]1(CC\C=C(\CC\C=C(\CCC=C(C)C)/C)/C)C)c1C[NH+](COc1cc2C)C1CC[NH+](CC1)Cc1ccccc1,1,612.94299,8.220000299999999
878,s1cc(nc1NC(=O)CSc1nc(C)c(n1Nc1ccc(cc1)C)C)-c1ccccc1,1,449.603,6.0689998
428,O1[C@@H](CC(=O)[C@@H](\C=C(/C)\[C@@H](O)[C@@H](OC)C(=O)[C@@H](C[C@@H](\C=C\C=C\C=C(/C)\[C@@H](OC)C[C@H]2O[C@](O)([C@@H](CC2)C)C(=O)C(=O)N2[C@@H](CCCC2)C1=O)C)C)C)[C@@H](C[C@H]1C[C@@H](OC)[C@H](OC(=O)C(CO)(CO)C)CC1)C,1,1030.303,6.00174
90,O1[C@H](CO)[C@@H](O)[C@H](O)[C@@H](NC(=O)C)[C@@H]1OC[C@@]12[C@@H]3[C@H]([C@@H]4CC[C@H]([C@@H](CCCC(C)C)C)[C@]4(CC3)C)CCC1=CC(=O)CC2,1,603.841,4.2249999
1073,Clc1cc(cc(Cl)c1)C(=O)N1CCN(C(=O)c2cc(Cl)cc(Cl)c2)C1=S,0,448.15698,4.9530001
675,Fc1c(OC)c(F)c(F)cc1C(=O)c1ccc(OC)c(N)c1OC,0,341.285,3.0989999999999998
573,O(CCCC#Cc1ccccc1C#Cc1ccccc1)c1cc2N=C[C@H]3N(CCC3)C(=O)c2cc1OC,1,488.58698,7.0487399
816,O1[C@@]2(OC[C@@]34[C@H](CC=C3[C@H]3[C@H](CC4=O)[C@@]4([C@H](Cc5nc6C[C@]7([C@H](Cc6nc5C4)CC[C@@H]4[C@@H]7C[C@@H](O)[C@]5(C4=C[C@@H]4O[C@]6(O[C@@](C[C@H]6O)(CO)C)[C@@H](C)[C@@]45O)C)C)CC3)C)[C@@H]2C)[C@H](O)CC1(C)C,1,911.19,5.1505299
498,O1c2c(cc(cc2OC)\C=C\c2cc(OC)c(C\C=C(\CCC=C(C)C)/C)c(O)c2)C[C@H]2[C@]1(CC[C@@H](O)C2(C)C)C,1,560.77496,8.0290003
477,Clc1ccc(cc1)C=1NC(=O)N(C=1)c1cc(ccc1)C(=O)\C=C\c1cc(OC)c(O)cc1,1,446.88998,5.2859998
508,S=C1N(CCN1C(=O)c1cc(OC)c(OC)c(OC)c1)C(=O)c1cc(OC)c(OC)c(OC)c1,0,490.53299000000004,1.24596
1078,O=C(N1CCN(CC1)c1ncc(cn1)Cc1ccccc1)c1cc(Nc2ncnc3c2cccc3)ccc1,1,501.59399,3.4979998999999995
889,BrC=1Sc2n(C=1)c(\C=N/NC(=[NH2+])N)c(n2)-c1ccc([N+](=O)[O-])cc1,1,409.24799,5.2740002
272,s1c2cc(SCCC)ccc2nc1NC(OCCC)=O,1,310.44199,4.6490002
448,Clc1ccc(cc1OC)-c1nn(cc1-c1ccncc1)-c1cc(NC(=O)c2cc(ccc2)C(F)(F)F)ccc1,1,548.9519700000001,6.727759799999999
1147,O1c2cc(O\C=C\c3ccccc3)ccc2C=CC1=O,0,264.28,4.1799998
381,Clc1ccc(Nc2nc3N(CC(=O)Nc3cn2)C)cc1,0,289.72598,1.001
421,O1c2c(cc(cc2C=O)\C=C\c2cc(OCOC)c(C\C=C(\CCC=C(C)C)/C)c(OC)c2)C[C@H]2[C@]1(CC[C@@H](O)C2(C)C)C,1,602.81201,8.2919998
997,O1[C@H](CO)[C@@H](O)[C@@H](O)[C@@H]1n1cc(c2c1ncnc2N)-c1ccoc1,1,332.31597999999997,-0.93099999
1112,s1nc2c(n1)c1c(cc2SCc2ccccc2)C(=O)c2c(cccc2)C1=O,0,388.47101000000004,5.6599998
1129,Clc1cc2[nH+]ccc(Nc3cc(ccc3)C3=NN(C=O)C(C3)c3ccccc3)c2cc1,1,427.91497999999996,6.2280002
222,O1c2cc(OCC#CCC)ccc2C=CC1=O,0,228.24698999999998,3.5150001000000004
248,[n+]1(ccn(c1)C)CCCCCCCCCCCC,1,251.43798999999999,5.9050002
110,O1c2c(C(=O)C(O[C@@H]3O[C@@H](C)[C@H](OC(=O)C)[C@@H](OC(=O)C)[C@H]3O)=C1c1ccc(O)cc1)c(O)cc(O)c2,0,516.45502,2.0057398999999996
1079,s1cccc1C1N(N=C2C1Cc1c2cccc1)c1ccc(S(=O)(=O)\N=C/2\SC=C(N\2C(=O)c2ccccc2)c2ccccc2)cc1,0,658.8269700000001,9.1239996
750,Brc1cc2[nH]c(nc2nc1)-c1c2cc(OC)c(OC)cc2c2cc(OC)ccc2c1,1,464.319,5.3322701
946,Clc1ccc(cc1)-c1sc(cc1)-c1cc(F)c(cc1)C(=[NH2+])N,1,331.82198999999997,5.1890000999999994
830,S(=O)(=O)(N[C@H]1CC[C@H]2[C@H]3[C@H](CC[C@]12C)c1c(cc(O)cc1)CC3)c1cc(ccc1)C(F)(F)F,1,479.56299,6.227759799999999
746,P(Oc1c2c(-c3c(cc(OC)c(OC)c3OC)COC2)ccc1OC)(=O)([O-])[O-],1,410.315,1.23522
917,Brc1cc(Cl)c(Nc2c(cc3n(cnc3c2F)C)C(=O)NOCCO)cc1,0,457.68698,3.4159998999999996
224,Clc1ccc(Cl)cc1NC(=O)NC(CC)(C(F)(F)F)C(F)(F)F,0,383.11899,4.727519999999999
1036,FC(F)(F)c1[nH+]ccc(Nc2ccc(cc2)C(=O)N\N=C\c2ccc(O)cc2O)c1,1,417.36699999999996,4.5247598
664,O(C)c1c(OC)cc(cc1OC)\C=C\c1ccc(cc1)\C=C\C(=O)c1ccc(OC)cc1,1,430.5,6.0664802
463,s1c(nnc1NCCC(Oc1ccc(cc1OC)\C=C\C(=O)CC(=O)\C=C\c1cc(OC)c(OC(=O)CCNc2sc(nn2)C)cc1)=O)C,1,706.8009599999999,4.9734802
221,O1C(c2c(cc(O)c(O)c2O)C1=O)C,0,196.15798999999998,1.234
324,S(=O)(=O)(Nc1cc(cnc1OC)-c1cc2c(ncnc2Nc2cc(OC)c(cc2)C(OC)=O)cc1)CC,1,523.5700099999999,3.4489998999999996
1014,Clc1ccc(cc1)C(=O)\C=C\c1cn(nc1-c1ccc([N+](=O)[O-])cc1)-c1ccccc1,1,429.86298,6.1409998
1020,O=C(Nc1ccccc1)CCCCCCC(=O)N[O-],1,263.31699,2.3150001000000002
319,FC(F)(F)c1[nH+]ccc(Nc2ccc(cc2)CC(=O)N\N=C\c2cccc(OCC)c2O)c1,1,459.44800000000004,5.1787601
716,O(C)c1ccc(OC)cc1\C=C\C(=O)\C=C\c1c2c([nH]c1)cccc2,1,333.38698999999997,4.8569999
764,O(C)c1cc(Nc2nc3N(CC(=O)Nc3cn2)Cc2ccccc2)ccc1,0,361.405,2.1900001000000002
1032,Brc1ccc(cc1)-c1nc2SC=C(n2c1)CC(=O)N\N=C\c1ccc(O)cc1,0,455.336,4.8740001
176,O1c2c([C@H](C[C@@]13[C@H]1C[C@@H](CC3)C1(C)C)CC(C)C)c(O)c(C=O)c(O)c2C=O,0,386.48798,5.632000000000001
453,O(C)c1c(OC)cc(cc1OC)/C(=C/c1c2c([nH]c1)cccc2)/C#N,1,334.375,3.5584800000000003
263,O(CCCC)c1c2c(nccc2CC)c(NC(CCC[NH2+]C(CCC[NH2+]C(CCC[NH3+])C)C)C)cc1OC,0,532.8380099999999,5.9577398
1114,Clc1cc(Sc2c3nsnc3c3c(c2)C(=O)c2c(cccc2)C3=O)ccc1,1,408.88901,6.1550002
49,Clc1cc(ccc1)-c1nnn(c1)C/C/1=C/CC[C@]2(O[C@H]2[C@H]2OC(=O)C([C@@H]2CC\1)=C)C,1,425.91599,3.3239998999999996
101,O=C1N([C@H]2[C@H]1CC#C\C=C/C#C[C@H]2OC(=O)C)C(OC(C)(C)C)=O,0,329.35199,2.6889998999999998
400,s1cccc1C(=O)c1cc2[nH]c(nc2cc1)NC(OC)=O,1,301.32599,2.1489999
939,n12-c3c(N=Nc1c1c(cccc1)c2C#N)cccc3,0,244.25699,4.165
512,Fc1cc(OC)c(cc1OC)C(=O)c1cc(OC)c(OC)c(OC)c1,1,350.34198,2.9974799
982,Clc1nc(nc2n(cnc12)Cc1cc(ccc1)CCl)N,1,308.172,3.14606
29,O1[C@@H]2CC[C@H](COC)[C@]2(O)C(=C)C1=O,0,198.218,0.63800001
710,O(C)c1cc(NC(=O)n2nc(N)c3c2cccc3)ccc1OC,0,312.32898,2.32674
297,O1[C@H](CO)[C@@H](OC(C)C)[C@@H](OC(C)C)[C@@H]1n1nnc(C(OCC)=O)c1C#CC(OCC)=O,1,453.49199999999996,1.08374
390,Clc1ccc(NC(=O)Nc2ccc(Oc3cc(ncc3)C(=O)NC)cc2)cc1C(F)(F)F,1,464.83099000000004,3.73176
725,Fc1cc(ccc1)C=1Nc2c(c(O)c(OC)cc2)C(=O)C=1,1,285.27398999999997,3.3900001000000004
646,s1c2cc(F)ccc2nc1NC(=O)COc1cc(ccc1OC)\C=C\C(=O)c1cc(OC)c(OC)c(OC)c1,1,552.57898,4.8032198
866,O=C(c1cn(nc1C(=O)c1nn(c(-c2ccccc2)c1C#N)-c1ccccc1)-c1ccc(cc1)C)c1nn(c(-c2ccccc2)c1C#N)-c1ccccc1,1,700.7619599999999,7.160999799999999
252,[N+](CCCCCCCC)(CCCCCCCC)(CCCCCCCC)C,1,368.71398999999997,9.3409996
618,Clc1ccc(cc1)C=1Sc2nc(nn2C=1)-c1ccc(OC)cc1,0,341.82198999999997,3.8310001000000002
1007,Clc1ccc(cc1)C(=O)\C=C\C1=Cc2c(NC1=O)cccc2,1,309.75198,4.0300002
314,ClCC[NH2+]CC(Oc1ccc(cc1OCC)\C=C\C(=O)CC(=O)\C=C\c1cc(OCC)c(OC(=O)C[NH2+]CCCl)cc1)=O,1,637.55701,4.4594797999999995
264,O(CCCC)c1c2c(nccc2CC)c(NC(CCC[NH2+]C(CCC[NH2+]C(CCC[NH2+]C(CCC[NH3+])C)C)C)C)cc1OC,0,618.99597,6.9127402
98,O1[C@H](COC(=O)C)[C@@H](O)[C@H](O)[C@@H](O)[C@@H]1O[C@@H]1C[C@@H]2[C@@]([C@H]3CCC=4[C@](CCC=4[C@H](C[C@@H](O)[C@H](O)C(O)(C)C)C)(C)[C@]13C)(CC[C@@H](OC(=O)C)C2(C)C)C,0,738.95599,3.3689999999999998
694,O(C)c1cc(ccc1OC)CCNC1=CC2=NCCc3c2c([nH]c3)C1=O,1,351.40601000000004,1.63774
738,O1CC(Cc2ccc(O)cc2)C(=O)c2c1cc(OC)cc2,0,284.311,2.7409999
255,O(CCCCC)c1c2c(nccc2CC)c(NC(CCC[NH2+]C(CCC[NH2+]C(CCC[NH2+]C(CCC[NH3+])C)C)C)C)cc1OC,0,633.02301,7.3547401
756,s1c2cc(OC)ccc2nc1NC(=O)COc1cc(ccc1OC)\C=C\C(=O)c1cc(OC)c(OC)c(OC)c1,1,564.61499,4.6062198
1150,O1c2c(N(CCCCCC[NH+]3CC[NH+](CC3)CCCCCCN3c4c(OC3=O)cccc4)C1=O)cccc2,0,522.69,5.3759999
634,o1c2c(cc1\C=C(/C#N)\c1cc(OC)c(OC)cc1)cccc2,1,305.33301,3.8007400000000002
470,O(C)c1c(OC)cc(cc1OC)C(=O)N1CCN(CC1)C(=O)\C=C\c1cc(OC)c(OCCCOc2cc3N=C[C@H]4N(CCC4)C(=O)c3cc2OC)cc1,1,742.82599,3.3789599000000003
839,Clc1ccc(-n2nc(C(=O)n3nc-4c(CCc5c-4cccc5)c3C)c(O)c2)cc1,1,404.85699,4.2375302
639,Clc1ccc(cc1)Cn1cc(c2c1cccc2)\C=C\C(=O)\C=C\c1ccc(OC)cc1,0,427.931,7.801000099999999
418,s1cc(nc1-c1c2cc(F)ccc2[nH]c1)-c1c2cccnc2n(c1)CCOC,1,392.45801,4.4790000999999995
123,O(C(=O)C=C(C)C)[C@@H]1CC(C[C@H]2C3=CC[C@H]4[C@](CC[C@@H]5[C@@]4(CC[C@H](O)C5(C)C)C)(C)[C@@]3(CC[C@@]12C(=O)[O-])C)(C)C,1,553.80402,6.850999799999999
269,s1c2cc(SCCCC)ccc2nc1NC(OCC)=O,1,310.44199,4.4770002
1164,s1cccc1-c1ncnc2n(cc(F)c12)[C@@H]1O[C@H](CO)[C@@H](O)[C@H]1O,1,351.358,0.145
620,S1c2nc(cn2N=C1c1ccc(OC)cc1)-c1cc(N)ccc1,1,322.392,3.404
426,O1[C@H](C)[C@@H](O)[C@H](O[C@@H]2O[C@H](C)[C@@H](O)[C@H](O)C2)C[C@@H]1Oc1cc2c(c(O)c1C)c(O)c1c(C[C@@H]([C@H](OC)C(=O)C(=O)C)[C@H](O[C@@H]3O[C@H](C)[C@@H](O)[C@H](O[C@@H]4O[C@H](C)[C@@H](O)[C@H](O[C@@H]5O[C@H](C)[C@@H](O)[C@@H](O)C5)C4)C3)C1=O)c2,1,1039.0869,1.51
968,Clc1ccc(cc1)-c1nn(c(N)c1)C1=NC(=O)C(=NN1)\C=C\c1occc1,1,380.79498,5.3330002
706,s1c2CCCCCCc2c2c1nc(nc2N1CCN(CC1)c1ccc(OC)cc1)-c1ncccc1,1,485.65601,5.20506
474,Fc1cc2c(N(C=C(C(=O)[O-])C2=O)C2CC2)cc1N1CC[NH+](CC1)CC(=O)Nc1ccc(cc1)C(=O)\C=C\c1cc(OC)c(OC)c(OC)c1,1,684.72101,3.8074801
432,S1c2c(N(c3c1cccc3)C(=O)c1ccc(F)c(OC)c1F)cccc2,1,369.39099,5.0209999000000005
943,Clc1ccc(-n2nc(C(=O)n3ncc(C#N)c3N)c(O)c2)cc1,1,328.71898999999996,1.2855299999999998
380,O=C1Nc2c(nc(nc2)NCc2ccccc2)N(C1)C,0,269.30798,0.46200001
679,Clc1cc2[nH+]ccc(Nc3cc(ccc3)C3N(N=C(C3)c3ccc(OC)cc3)C=O)c2cc1,1,457.94097999999997,6.184
555,O(C)c1cc(cc(OC)c1)/C(=C/c1c2c([nH]c1)cccc2)/C#N,1,304.349,4.139999899999999
104,O1[C@H]2[C@]34[C@@H]([C@@H](OC(=O)C)C1=O)[C@@H](C)[C@@H](O)[C@](OC3)(O)[C@@H]4[C@@]1([C@@H](C2)C(=CC(=O)[C@H]1O)C)C,1,436.457,0.17800000000000002
948,s1c(ccc1-c1ccccc1)-c1cc(F)c(cc1)C(=[NH2+])N,0,297.37698,4.5970001
704,O(C)c1ccc(N(C)c2nc(nc3c2CCC3)C)cc1,1,269.34799,2.5050001
719,O(C)c1ccc(OC)cc1\C=C\C(=O)N\N=C\c1ccccc1,1,310.353,4.2839999
208,O=C([O-])C(CC\C=C(\CC\C=C(\CCC=1C(CCCC=1C)(C)C)/C)/C)CC(=O)[O-],1,402.57498,4.0029997999999996
344,S(CC)c1[nH]c2c3c(ccc2n1)C(=O)c1c(cccc1)C3=O,1,308.36099,3.6510000000000002
73,O(CC)C(=O)n1cc(c2c1cccc2)[C@H]([NH2+][C@@H](CO)c1ccccc1)CC=C,0,379.47997999999995,4.5970001
969,Brc1cc(N)cc(Br)c1-c1oc(nn1)CCC(=O)c1[nH]c2c(n1)cccc2,1,491.14300999999995,3.766
1012,Clc1ccc(cc1)C=1NC(=O)N(C=1)c1cc(ccc1)C(=O)\C=C\c1cc(O)ccc1,1,416.86397999999997,5.3319998
383,O=C/1Nc2c(cccc2)\C\1=C/1\Nc2c(cccc2)\C\1=N/OCC[NH+]1CC[NH+](CC1)C,1,405.50198,2.441
1126,Clc1ccc(cc1)C1N(N=C(C1)c1ccc(Nc2c3c([nH+]cc2)cc(Cl)cc3)cc1)C=O,1,462.35999000000004,6.7829999999999995
643,O(C)c1ccc(cc1)\C=C\C(=O)\C=C\c1c2c(n(c1)Cc1ccccc1)cccc2,0,393.48599,7.209000099999999
254,O(CCCCC)c1c2c(nccc2CC)c(NC(CCC[NH2+]C(CCC[NH2+]C(CCC[NH3+])C)C)C)cc1OC,0,546.86499,6.3997402
543,O(C)c1c(OC)cc(Nc2nc3c(nc2-c2ccccc2)c(N)cc(N)c3)cc1OC,0,417.46898999999996,3.1590099
259,O=C1c2cc(NC(=O)C[NH2+]CCCC)ccc2-c2c1cc(NC(=O)C[NH2+]CCCC)cc2,1,438.57199,3.825
158,O=C1N2[C@@H](CCC2)C(=O)N[C@@H]1Cc1c2c([nH]c1CC=C(C)C)cccc2,0,351.44998,2.2739999
178,s1nc2c(n1)c1c(cc2SC(C)C)C(=O)c2c(cccc2)C1=O,1,340.42699999999996,5.0190000999999995
998,s1cc(cc1)-c1c2c(ncnc2N)n(c1)[C@@H]1O[C@H](CO)[C@@H](O)[C@H]1O,1,348.38300000000004,-0.11599999999999999
924,O=C1N([O-])C(=O)C(=C1c1c2c(n(c1)CCCCCC#N)cccc2)c1c2c(n(c1)CCCCCC#N)cccc2,1,532.62396,6.788000099999999
993,O1c2cc(ccc2OC1)C1=Nc2c(ncnc2N)NC(C1)c1ccc([N+](=O)[O-])cc1,1,404.38599,2.0280001
575,s1c2c(nc1-c1ccc(OCCCCCOc3cc4N=C[C@H]5N(CCC5)C(=O)c4cc3OC)cc1)cccc2,1,541.672,6.4327402000000005
438,s1c2c(nc1NC(=O)C1=Nc3n(nc(c3)-c3ccccc3)C(=C1)c1cc(OC)c(OC)c(OC)c1)cccc2,1,537.59998,4.93648
189,s1c2c(cc1C(O)C)C(=O)c1c(scc1)C2=O,1,264.32501,1.88
106,O1CC2[C@@H]([C@@]3([C@@H](C[C@@H]2OC(=O)C)[C@]2([C@H](C[C@H]3O)[C@@]3([C@@H](CC2)C(CCC3)(C)C)C)C)C)[C@@H]1OC(=O)C,0,490.681,5.77
1049,s1c2cc(OC(F)(F)F)ccc2nc1NC(=O)Nc1ccc(F)cc1,1,371.314,4.7107601
899,Clc1ncnc2n(cnc12)Cc1ccccc1CCl,1,293.15698,3.41206
1029,S(CC(=O)NCc1ccccc1)C=1N2N=C(c3ccccc3)C(=O)N=C2c2c(N=1)cccc2,1,453.526,5.592999900000001
881,O=C1Nc2c(-n3c1c1c(cccc1)c3)cccc2C,0,248.28499,3.3440001000000006
329,S(=O)(=O)(Nc1cc(cnc1OC)-c1cc2c(ncnc2Nc2ccc(F)cc2F)cc1)CC,1,471.48801,3.858
196,O=C1C[C@@H]2[C@@]3([C@@H](CC[C@]2([C@@H]2CC=C(C=O)[C@H](C=O)[C@@]12C)C)C(CCC3)(C)C)C,0,384.56,4.573
1084,Clc1cccc(Cl)c1C(=O)N1c2c(cccc2)\C(=C\c2c3c([nH]c2)cccc3)\C1=O,1,433.29398,6.4559999
836,S=C1NC(=O)C(=Cc2c3c(n(Cc4ccc(cc4)C#N)c2C)cccc3)C(=O)N1,1,400.46201,3.2049999
100,O1[C@H](COC(=O)C)[C@@H](O)[C@H](O)[C@@H](O)[C@@H]1O[C@@H]1C[C@@H]2[C@@]([C@H]3CC[C@@]45[C@@H](CC=C4[C@]13C)[C@H](C[C@@H](O)C5)C)(CC[C@@H](OC(=O)C)C2(C)C)C,0,648.83398,3.4519998999999997
458,O(C)c1cc(ccc1O)\C=C\C(=O)\C=C(/[O-])\C=C\c1cc(OC)c(O)cc1,0,367.37698,4.6110001
566,O1CC[NH+](CC1)CCCOc1cc2ncnc(Nc3ccc(NC(=O)c4ccccc4)cc3)c2cc1OC,0,514.6060200000001,3.3227401
640,Fc1ccc(cc1)Cn1cc(c2c1cccc2)\C=C\C(=O)\C=C\c1cc(OC)c(OC)cc1,0,441.50198,7.1047401
896,Clc1nc(Cl)nc2ncn(c12)Cc1cc(ccc1)CCl,1,327.60199,4.4100599
295,O(C)c1c(OC)cc(cc1OC)C1=NNC(C1)c1ccc(N(CC)CC)cc1,1,383.49199999999996,3.7604799
676,Fc1c(OC)c(F)c(F)cc1C(=O)c1cc(O)c(OC)cc1,1,312.24298,3.5480001000000003
813,O[C@@H]1CC[C@H]([NH2+][C@H]1C)CCCCCCCCCCc1cc(c[n+]2c1CCC2)CCCCCCCCCC[C@@H]1[NH2+][C@H](C)[C@H](O)CC1,0,629.0509599999999,10.682
728,O(C)c1cc2[nH]c(CC=C(C)C)c(c2cc1)C[C@@H]1NC(=O)[C@H]2N(CCC2)C1=O,0,381.47598,2.267
157,O=C1N2[C@H](CCC2)C(=O)N[C@H]1Cc1c2c([nH]c1CC=C(C)C)cccc2,0,351.44998,2.2739999
1168,[se]1c2c(n(nc2-c2oc(cc2)CO)Cc2ccccc2)cc1,0,357.27398999999997,2.2260001
495,O1c2c(cc(cc2OC)\C=C\c2cc(OC)c3c([nH]cc3CC=C(C)C)c2)C[C@H]2[C@]1(CC[C@@H](O)C2(C)C)C,1,515.69397,7.676000099999999
929,S(CC1OC1)c1nc(-c2ccccc2)c(C#N)c(n1)N1CCOCC1,1,354.43399,1.6390001
588,O(Cc1nnn(c1)Cc1c2cc(OC)c(OC)cc2c2cc(OC)c(OC)cc2c1)c1c(cc(cc1C)C)C,0,527.62097,5.6314802
361,O(Cc1ccccc1)c1nc(nc2[nH]cnc12)\N=N\N(C(=O)N(\N=N\c1nc(OCc2ccccc2)c2nc[nH]c2n1)C)C,0,592.58398,0.75111997
912,[nH]1nc(cc1-c1c2c(n(c1)C)cccc2)-c1c2c(n(c1)C)cccc2,0,326.40297999999996,5.7280002
352,O(C)c1cc2CC[NH+]3[C@@H](C[C@H](C[C@H]4[NH2+]CCc5cc(O)c(OC)cc45)[C@H](C3)CC)c2cc1OC,1,468.63800000000003,4.92274
384,O=C1Nc2c(nc(nc2)NN2CC[NH+](CC2)C)N(C1)Cc1ccccc1,0,354.43799,-0.57499999
378,Brc1ccccc1Cn1cc(c2c1cccc2)\C=C\1/N(C)C(=NC/1=O)N,1,409.28699,5.6409998
1076,Clc1cccc(Cl)c1C=1SC(=S)N(N=1)C(=O)c1ccc(O)cc1,0,383.27898999999996,5.2610002
180,o1c2c(nc1[C@@H](n1nnc(c1)\C=C\C(=O)N[O-])C(C)C)cccc2,1,326.336,2.1995299
1067,Clc1cc(Cl)cc(Cl)c1OC(=O)c1ccccc1Nc1cc([nH+]cc1)C(F)(F)F,1,462.66199000000006,6.75776
551,Fc1ccc(cc1)Cn1cc(c2c1cccc2)\C=C\C(=O)\C=C\c1cc(OC)c(OC)cc1OC,0,471.52797999999996,7.0957398000000005
396,S=C1N(CCN1\C=C(\C(=O)C)/C(OC)=O)C(=O)c1occc1,1,322.341,-0.419
449,Clc1ccc(cc1OC)-c1nn(cc1-c1ccncc1)-c1cc(NC(=O)c2ccccc2)ccc1,1,480.95499,5.756
9,s1c2CCCCc2c2c1ncnc2N\N=C\c1ncccc1,1,309.397,4.783
88,O=C1C[C@@H]2[C@@]3([C@@H](CC[C@]2([C@@H]2CC=C(C(=O)C)[C@H](C=O)[C@@]12C)C)C(CCC3)(C)C)C(=O)[O-],1,427.561,3.227
827,Brc1cc(S(=O)(=O)N[C@H]2CC[C@H]3[C@H]4[C@H](CC[C@]23C)c2c(CC4)c([N+](=O)[O-])c(O)cc2)ccc1,1,535.45898,5.9850001
373,ClCCCCN(P(OCc1oc([N+](=O)[O-])cc1)(OC[C@H]1O[C@@H](N2C=CC(=NC2=O)N)C(F)(F)[C@@H]1O)=O)C,1,571.85797,0.55492002
562,O1C[C@H]2[C@@H]([C@@H](c3c(cc4OCOc4c3)[C@H]2O[C@@H]2O[C@H]3[C@@H](O[C@@H](OC3)C)[C@H](O)[C@H]2O)c2cc(OC)c(O)c(OC)c2)C1=O,1,588.56201,1.6160001
685,O1N=C(CC1c1cc(OCCCCOc2cc3N=C[C@H]4N(CCC4)C(=O)c3cc2OC)c(OC)cc1)c1cc(OC)c(OC)c(OC)c1,1,659.73596,4.981959799999999
80,Fc1ccc(Nc2nc(Nc3cc4n(CC=C)c(nc4cc3)C)c3c(n2)cccc3)cc1,1,424.483,5.454
368,S=C1N(c2ccccc2)C(=S)N(C=2N=C(NCC[NH+](C)C)N(C(=N)C1=2)c1ccccc1)c1ccccc1,1,526.7130099999999,5.2750001
1040,s1cccc1-c1n(nc-2c1Cc1c-2cccc1)-c1ccc(S(=O)([O-])=NC(=O)NC2CCCCC2)cc1,0,517.65399,5.454999900000001
574,s1c2c(nc1-c1ccc(NC(=O)CCCCOc3cc4N=C[C@H]5N(CCC5)C(=O)c4cc3OC)cc1)cccc2,1,554.67102,5.2877402
30,O1[C@H]2[C@@H](CC\C(=C/CC[C@]3(O[C@H]23)C)\COC(=O)\C=C\c2c3c([nH]c2)cccc3)C(=C)C1=O,1,433.504,4.2399998
709,O(CCCOc1ccccc1NC(=O)Nc1ccc(OC)cc1)c1ccccc1NC(=O)Nc1ccc(OC)cc1,1,556.61896,4.9619999
190,O(C)c1cc([nH]c1\C=C\1/N=C(C)C(C(=O)CCC(Oc2ccc(cc2)\C(=C(/CC)\c2ccccc2)\c2ccc(OCC[NH+](C)C)cc2)=O)=C/1C)-c1[nH]ccc1,1,737.9209599999999,8.4705296
22,O=C1C[C@@H]2CC[C@H](CO)[C@]2(O)C1=C,0,182.21899,0.066
1145,s1c2c(c3c1cccc3)cccc2-c1c2OC(N3CCOCC3)=CC(=O)c2ccc1,0,413.49698,5.7129997999999995
718,Clc1ccc(cc1)\C=N\NC(=O)\C=C\c1cc(OC)ccc1OC,1,344.798,4.8759999
230,P(CCCCCCCCCCCCCCCCCC)CCCCCCCCCCCCCC,1,482.86199999999997,13.133
152,o1c(cnc1-c1ncc(cc1)C[NH2+]CCCCCCO)-c1ccc(OCC=C(C)C)cc1,1,436.57599000000005,4.0855298
242,O1[C@@H](C)[C@H](OC(=O)C)[C@@H](OC(=O)C)[C@@H](OC(=O)C)[C@@H]1O[C@@H]1[C@@H](O)[C@@H](O[C@@H](O[C@@H]2[C@@H](OC(=O)C)[C@@H](O[C@@H](O[C@@H]3[C@@H](O)[C@@H](O)[C@@H](O[C@H]3C)OCCCCCCCCCCCC)[C@@H]2O)C)[C@@H]1OC(=O)C)C,1,981.09198,2.4604399
617,S\1C=C(N(/C/1=N/NC(=O)c1ccc(O)cc1)c1ccc(OC)cc1OC)c1ccc(OC)cc1,0,477.54099,6.098
514,O(C)c1cc(cc(c1)C)-c1n(ncc1-c1cc(ncc1)-c1ccc(N(C)C)cc1)CC#N,1,423.51999000000006,4.255000099999999
868,ClCC(=O)Nc1ccc2c(c1NC(=O)c1ccc(cc1)C)C(=O)c1c(cccc1)C2=O,1,432.86298,3.9300001000000004
1074,Clc1cc(ccc1Cl)C(=O)N1CCN(C(=O)c2cc(Cl)c(Cl)cc2)C1=S,0,448.15698,4.8010000999999995
404,O1[C@H](C(OC)=O)[C@@H](O)[C@H](O[C@@H]2O[C@H](CO)[C@H](O)[C@H](O)[C@H]2O)[C@@H](O)[C@@H]1O[C@H]1CC[C@]2([C@@H](CC[C@@]3([C@@H]2CC=C2[C@@H]4CC(CC[C@@]4(CC[C@]23C)C(=O)[O-])(C)C)C)C1(C)C)C,1,807.995,3.22
535,O(C)c1cc(NC(CCC[NH2+]C(CCC[NH3+])C)C)c2nc(ccc2c1)C(C)(C)C,0,402.62698,4.6279997999999996
632,O(C)c1cc(ccc1OC)/C(=C/c1c2c([nH]c1)cccc2)/C#N,1,304.349,3.8157400999999997
510,O(C)c1cc(cc2c1[nH]c1c2cccc1)C(=O)[O-],0,240.23799,3.3680000000000003
321,FC(F)(F)c1[nH+]ccc(Nc2cc(ccc2)C(=O)N\N=C\c2cccc(OCC)c2O)c1,1,445.42099,5.1277599
705,O(C)c1ccc(N(C)c2nc(nc3[nH]c4c(c23)cccc4)N)cc1,1,319.36798,3.1470001
844,S1CC(=O)N(C1c1ccccc1)c1cc2NC(=O)C=C(c2cc1)C,0,336.41501,3.1639999999999997
403,O1c2c(OC1)cc1c(c2)[C@H]([C@@H](C(OC)=O)[C@H](CO)[C@H]1O)c1cc(OC)c(OC)c(OC)c1,1,446.452,1.5464798999999998
1037,FC(F)(F)c1[nH+]ccc(Nc2cc(ccc2)C(=O)N\N=C\c2ccc(O)cc2O)c1,1,417.36699999999996,4.5617599
840,s1c2cc(O)ccc2nc1-c1cc(C)c(N)cc1,0,256.32901,3.55
743,O(C)c1cc2nnc3c4cccnc4[nH]c3c2cc1,1,250.261,3.3605299
1021,O=C(Nc1ccccc1-c1ccccc1)CCCCCCCn1nnc(c1)-c1cccnc1,1,439.56299,4.9510002
818,O1CC=2C(=CC1=O)[C@@]1(C3[C@H](OC(=O)[C@@]3(C)[C@@H](O)C=C1)C=2)C,1,288.29898,1.275
1094,Clc1ccccc1-c1c2c(nc3c1cc(Cl)cc3)CC(CC2=O)C(F)(F)F,0,410.22198,6.01476
174,O1CC(=CC1=O)[C@H]1CC[C@]2(O)[C@H]3[C@H](CC[C@]12C)[C@@]1([C@@H](C[C@@H](O[C@@H]2O[C@@H](CC(C)C)[C@H](O)CC2)CC1)CC3)C,1,530.74597,6.5
34,Clc1ncc(cc1)CNC(=O)CCC(OC/C/1=C/CC[C@]2(O[C@H]2[C@H]2OC(=O)C([C@@H]2CC\1)=C)C)=O,1,488.96799000000004,2.4619999
812,O[C@H]1CC[C@H]([NH2+][C@@H]1C)CCCCCCCCCCc1cc(c[n+]2c1CCC2)CCCCCCCCCC[C@H]1[NH2+][C@@H](C)[C@H](O)CC1,0,629.0509599999999,10.682
973,S(c1nc2c(nc1-c1ccccc1)c(N)cc(N)c2)c1ccc(F)cc1,0,362.43201,4.73453
854,Oc1cc(cc(c1)C)-c1nn(cc1-c1cc(ncc1)-c1ccc(N(C)C)cc1)CC#N,1,409.49298,3.9909999
197,O[C@@H]1C[C@@H]2[C@@]3([C@@H](CC[C@]2([C@@H]2CC=C(C=O)[C@H](C=O)[C@@]12C)C)C(CCC3)(C)C)C,0,386.57599,5.184
342,Clc1ccc(cc1)[C@@H]1O[C@@H](C[C@@](O)([C@H]1c1ccccc1)c1ccccc1)CSCC,1,439.01898,7.000999900000001
579,FC1(F)C[C@@H]2N(C1)C(=O)c1cc(OC)c(OCCC[NH+]3CC[NH+](CC3)CCCOc3cc4N=C[C@H]5N(CC(F)(F)C5)C(=O)c4cc3OC)cc1N=C2,1,732.7760000000001,3.7093201000000002
755,O(C)c1cc2c(cc1OC)c1cc(OC)c(OC)cc1cc2-c1[nH]c2cc(OC)ccc2n1,0,444.48699999999997,5.0584798
437,O1c2cc(ccc2OC1)C(=O)\C=C\c1[nH]nc(c1)-c1cc(OC)c(OC)c(OC)c1,1,408.41,3.5614800000000004
552,O(C)c1cc(OC)c(OC)cc1\C=C\C(=O)\C=C\c1c2c(n(c1)Cc1ccccc1)cccc2,0,453.53799000000004,6.94274
360,O=C1c2c(ccc3nc([nH]c23)CC)C(=O)c2c1cccc2,1,276.29498,2.9860001
253,O(CCCCC)c1c2c(nccc2CC)c(NC(CCC[NH2+]C(CCC[NH3+])C)C)cc1OC,0,460.707,5.4447398
928,S(C[C@H]1O[C@H]([C@@H]([C@](O)(C1)c1ccccc1)c1ccccc1)c1ccc(F)cc1)C#N,1,419.51999000000006,5.7360001
898,Clc1nc(Cl)nc2n(cnc12)Cc1ccccc1CCl,1,327.60199,4.3710599000000006
1174,s1c2CCCCCCc2c2c1nc(nc2N1CCOCC1)-c1ncccc1,1,380.51599,3.63606
599,o1nc(c(-c2ccc(OC)cc2)c1N)-c1cc(OC)c(OC)c(OC)c1,1,356.37799,3.04948
944,Clc1cc(cc(Cl)c1)-c1sc(cc1)-c1ccc(cc1)C(=[NH2+])N,1,348.27701,5.704
3,Fc1c2c(ncnc2N)n(c1)[C@@H]1O[C@H](CO)[C@](O)(C#C)[C@H]1O,1,308.26898,-1.2009999999999998
861,O=C1Nc2cc(C)c(cc2-n2c1c1c(cccc1)c2)C,0,262.31198,3.7160001000000005
971,Fc1ccc(Nc2nc3c(nc2-c2ccccc2)c(N)cc(N)c3)cc1,0,345.38097999999997,3.8705298999999997
84,O1[C@@H](C[C@@]2(OC2)CC1(C)C)\C=C\C(=C\CC1CCC(NC(=O)\C=C/[C@@H](OC(=O)C(C)C)C)CC1)\C,1,487.681,5.6999998
828,S(=O)(=O)(N[C@H]1CC[C@H]2[C@H]3[C@H](CC[C@]12C)c1c(CC3)c([N+](=O)[O-])c(O)cc1)c1cc(ccc1)C(F)(F)F,1,524.56,6.1217599
883,Clc1ccc(cc1)-c1nc(sc1)NC(=O)CSc1nc(C)c(n1Nc1ccccc1)C,1,470.02099999999996,6.3629999
629,O(C)c1c(OC)cc(cc1OC)-c1nncn1-c1cc(O)c(OC)cc1,1,357.366,2.73948
1069,Clc1cc(Cl)ccc1OC(=O)c1ccccc1Nc1cc([nH+]cc1)C(F)(F)F,1,428.21698,6.1307602
501,O1c2c(cc(cc2)\C=C\c2cc(OC)c(C\C=C(\CCC=C(C)C)/C)c(O)c2)C[C@H]2[C@]1(CC[C@@H](O)C2(C)C)C,1,530.74896,8.0380001
994,O1[C@H](CO)[C@@H](O)[C@@H](O)[C@@H]1n1cc(c2c1ncnc2N)-c1cc[nH]c1,1,331.332,-0.99699998
489,O1c2c(cc(cc2O)\C=C\c2cc(OC)c3c([nH]cc3CC=C(C)C)c2)C[C@H]2[C@]1(CC[C@@H](O)C2(C)C)C,1,501.66699000000006,7.4120002000000005
528,O(C)c1c(OC)cc(cc1OC)CNc1nc2c(nc1-c1ccccc1)c(N)cc(N)c2,1,431.496,3.2120099
485,O1c2c(cc(cc2OC)\C=C\c2cc(O)c(CCC(C)C)c(O)c2)C[C@H]2[C@]1(CC[C@@H](O)C2(C)C)C,1,480.64499000000006,7.8420000000000005
32,O1[C@H]2[C@@H](CC\C(=C/CC[C@]3(O[C@@H]23)C)\COC(=O)CCC(=O)NCCCCCCCCCNC(=O)CCC(OC/C/2=C/CC[C@]3(O[C@H]3[C@H]3OC(=O)C([C@@H]3CC\2)=C)C)=O)C(=C)C1=O,1,851.047,4.6240001
93,ClCC1c2c3c(cccc3)c(O)cc2N(C1)C(=O)c1[nH]c2c(c1)cc(NC(=O)c1[nH]c3c(c1)cc(NC(=O)C)cc3)cc2,1,592.0549900000001,5.0419998
653,s1c2cc(F)ccc2nc1NC(=O)COc1cc(ccc1OC)\C=C/c1cc(OC)c(OC)c(OC)c1,0,524.56897,5.24822
1031,Brc1ccc(cc1)-c1nc2SC=C(n2c1)CC(=O)N\N=C\c1ccc(Cl)cc1Cl,0,508.22699000000006,6.401
1107,Fc1ccccc1-c1nc(c2n1C=CC=C2)\C=C\1/c2c(NC/1=O)cccc2,1,355.37198,4.118
762,O(C)c1cc(ccc1)CNc1nc2N(CC(=O)Nc2cn1)Cc1ccccc1,0,375.43201,2.2430000000000003
590,O1c2cc(OCc3nnn(c3)Cc3c4cc(OC)c(OC)cc4c4cc(OC)c(OC)cc4c3)ccc2OC1,0,529.54901,4.372479900000001
502,S(C)C=1NC(=O)C2=C(N=1)NC\1=C(C[NH+](C/C/1=C\c1cc(OC)c(OC)c(OC)c1)C)C2c1cc(OC)c(OC)c(OC)c1,1,609.724,3.5309601
44,FC(F)(F)c1cc(cc(c1)C(F)(F)F)-c1nnn(c1)C/C/1=C/CC[C@]2(O[C@H]2[C@H]2OC(=O)C([C@@H]2CC\1)=C)C,1,527.46497,4.6755199
387,[Si](O[C@@H]1[C@H](CC(=O)N(OC)C)[C@H](O[C@H]1n1c2ncnc(NC(=O)Nc3ccccc3)c2nc1)CNC(=O)NC)(C(C)(C)C)(C)C,0,641.8049900000001,1.0650600000000001
309,S1c2n(ncn2)C(=O)C1CC(=O)Nc1ccc(cc1)C(OCC)=O,0,346.36699999999996,0.80699998
1176,n1cnc2c(cccc2)c1N1CCN(CC1)c1ncc(cn1)Cc1ccccc1,1,382.47098,2.4979999
669,Clc1cc2N(c3c(Oc2cc1)cccc3)C(=O)c1ccc(OC)cc1,1,351.789,4.5349998
410,O=C/1NC(=O)N\C\1=C/c1c2c(n(c1)Cc1ccc(cc1)C#N)cc(cc2)C(OC)=O,1,400.39398,3.4170001000000005
281,O1c2c(C(=O)C=C1CCC)c(OC)c1c(cc(OC)cc1OC)c2,0,328.36397999999997,3.8360000000000003
817,O1CC=2C(=CC1=O)[C@@]1(C3[C@H](OC(=O)[C@]3(CC=C1)C)C=2)C,0,272.29999,1.936
1016,S=C1N(CCN1C=C(C(=O)c1ccccc1)C(=O)c1ccccc1)C(=O)c1occc1,1,430.48398,2.8169999
885,n1n(c(-c2ccccc2)c(C#N)c1-c1nnc(c2nn(cc12)-c1ccccc1)C)-c1ccccc1,0,453.509,5.71206
724,s1c(ccc1-c1[nH]c2c(c1)cc(OC)cc2)-c1c2cc(OC)ccc2[nH]c1,0,374.46398999999997,5.6240001
115,s1c2c(cc1C(=O)C)C(=O)c1c(scc1C(=O)C)C2=O,1,304.34601000000004,1.643
316,O(C(=O)C[NH2+]CC[NH+](CC)CC)c1ccc(cc1OCC)\C=C\C(=O)CC(=O)\C=C\c1cc(OCC)c(OC(=O)C[NH2+]CC[NH+](CC)CC)cc1,1,712.92896,4.46948
795,O1[C@@H]2O[C@@]3(OO[C@]24[C@@H](CC[C@H]([C@@H]4CC3)C)[C@@H](C)[C@H]1OCC(O)CO[C@H]1O[C@@H]2O[C@@]3(OO[C@@]24[C@@H](CC3)[C@@H](CC[C@H]4C1)C)C)C,1,610.7409700000001,7.1570000999999985
760,S(=O)(=O)(N)c1ccc(cc1)\C=C\c1cc(OC)ccc1,1,289.35501,2.931
302,[Si](O[C@@H]1[C@H](CC(OCC)=O)[C@H](O[C@H]1n1c2ncnc(NC(=O)Nc3ccccc3)c2nc1)COC(=O)NC)(C(C)(C)C)(C)C,1,627.77399,2.3510598999999996
601,o1nc(c(-c2ccc(OC)cc2)c1N)-c1cc(OC)c2OCOc2c1,1,340.33499,3.3039998999999995
702,O(C)c1ccc(N(C)c2nc(nc3CC(Cc23)C)C)cc1,1,283.375,2.8629999
951,Clc1cc2c(n(cc2\C=C\2/SC(NC/2=O)=N)Cc2ccc(F)cc2)cc1,0,385.85001,5.9130001
200,O=C1\C(\C[C@]2([C@@H](CC[C@@]3([C@@H]2CC=C2[C@@H]4CC(C[C@@H](O)[C@@]4(CC[C@]23C)C(=O)[O-])(C)C)C)C1(C)C)C)=C\C=C\c1ccccc1,1,583.83301,7.514999900000001
181,O1CC(=CC1=O)[C@H]1CC[C@]2(O)[C@H]3[C@H](CC[C@]12C)[C@@]1([C@@H](C[C@@H](O[C@@H]2O[C@@H](C(C)C)[C@H](O)CC2)CC1)CC3)C,1,516.7189900000001,6.058000099999999
116,s1c2c(cc1C(=O)C)C(=O)c1c(scc1)C2=O,1,262.30899,1.7930000000000001
289,o1c(cnc1-c1ncc(cc1)C[NH+](CC)CC)-c1ccc(OCC=C(C)C)cc1,1,392.52297999999996,3.96153
165,O1c2c(C[C@H]3C[C@H]4C[C@@H]([C@@]13CCO)C4(C)C)c(O)c(C(=O)CC(C)C)c(O)c2C=O,0,416.51398,4.3720002000000004
721,O(C)c1ccc(OC)cc1CC1Cc2c(nc(nc2N)N)CC1,1,314.38901,1.635
996,s1cccc1-c1c2c(ncnc2N)n(c1)[C@@H]1O[C@H](CO)[C@@H](O)[C@H]1O,1,348.38300000000004,-0.23600000000000002
193,Clc1ccc(cc1)C=1CCC(CC=1C[NH+]1CCN(CC1)c1ccc(cc1)C(=O)N=S(=O)([O-])c1cc(S(=O)(=O)C(F)(F)F)c(N[C@H](CC[NH+]2CCOCC2)CSc2ccccc2)cc1)(C)C,0,975.6389800000001,8.848759699999999
774,O(C)c1ccccc1C[NH2+]CCCN1C(=O)c2c3c(ccc4c3c(cc2)C(=O)N(CCC[NH2+]CC[NH2+]CCC[NH3+])C4=O)C1=O,1,604.7520099999999,2.4330001
742,O(C)c1cc2c(-n3c4c(C2=O)c(NCCC[NH+]2CC[NH+](CC2)CCCN2C(=O)c5cc([N+](=O)[O-])cc6c5c(ccc6)C2=O)ccc4nc3)cc1,1,675.74597,4.809
903,Clc1ccc(OCc2n3N=C(Sc3nn2)SSC=2Sc3n(N=2)c(nn3)COc2ccc(Cl)cc2)cc1,0,595.53998,7.564000099999999
482,Fc1cc(cc2c1O[C@]1([C@H](C2)C(C)(C)[C@H](O)CC1)C)\C=C\c1cc(OC)c(C\C=C(\CCC=C(C)C)/C)c(O)c1,1,548.73901,8.225999799999999
274,o1c(cnc1-c1cncnc1)-c1ccc(OCCC)cc1,0,281.315,2.0699999
699,O(C)c1ccc(cc1)Cn1cc(c2c1cccc2)C=C1C(=O)N(C)C(=O)N(C)C1=O,1,403.43799,3.7809998999999994
745,O1Cc2c(-c3c(cc(OC)c(OC)c3OC)C1)ccc(OC)c2O,1,332.35199,2.81848
959,Ic1cc(C(=O)N)c(NC(=O)\C=C\c2ccccc2Cl)cc1,1,426.64099000000004,4.2610002
586,O(C)c1cc2c(cc1OC)c1cc(OC)c(OC)cc1cc2Cn1nnc(c1)CN1C(=O)c2c3c(cccc3ccc2)C1=O,1,588.62,5.0964799
803,O1[C@@H]2O[C@@]3(OO[C@]24[C@@H](CC[C@H]([C@@H]4CC3)C)[C@@H](C)[C@H]1OCCO[C@H]1O[C@@H]2O[C@@]3(OO[C@]24[C@@H](CC[C@H]([C@@H]4CC3)C)[C@H]1C)C)C,0,594.742,7.8397398
304,O1c2c(OC1)cc1c(c2)[C@H]([C@@H](C(OCC)=O)[C@H](CO)[C@H]1O)c1cc(OC)c(O)c(OC)c1,1,446.452,2.1199999
156,O=C1N2[C@@H](CCC2)C(=O)N[C@H]1Cc1c2c([nH]c1CC=C(C)C)cccc2,0,351.44998,2.2739999
990,Clc1ccc(Nc2nc(nc3c2-c2c(C3)cccc2)N)cc1,1,308.772,3.5989999999999998
1057,s1cccc1-c1n(nc-2c1Cc1c-2cccc1)-c1ccc(S(=O)([O-])=NC(=O)Nc2ccccc2)cc1,0,511.60599,5.130000099999999
1180,[NH2+]1CCc2c([nH]c3c2cccc3)C1c1ccc(cc1)C1[NH2+]CCc2c1[nH]c1c2cccc1,1,420.56,5.4239998
188,s1c2c(cc1C(O)C)C(=O)c1c(scc1C(O)C)C2=O,1,308.37799,1.817
962,O=C1N2C(=N[N-]1)c1cc(c(nc1C=C2)-c1ccc(cc1)C1([NH3+])CCC1)-c1ccccc1,0,407.47699,4.7199998
753,Clc1ccc(S(=O)(=O)N2N=C(CC2c2ccccc2)c2c3OC(=O)C=Cc3ccc2OC)cc1,1,494.95499,5.3979998
867,O1CC[NH+](CC1)CCOc1c2c(cccc2)c(NC(=O)Nc2n(nc(c2)C(C)(C)C)-c2ccc(cc2)C)cc1,0,528.677,4.9429998
758,s1c2cc(OC)ccc2nc1NCC(Oc1ccc(cc1OC)\C=C\C(=O)CC(=O)\C=C\c1cc(OC)c(OC(=O)CNc2sc3cc(OC)ccc3n2)cc1)=O,0,808.88898,7.2174802
23,BrC[C@@H]1[C@H]2[C@H](OC(=O)C2=C)CC1,0,231.08899,1.932
967,s1cccc1C1N(N=C2C1Cc1c2cccc1)c1ccc(S(=O)(=O)N)cc1,0,395.50699,3.6210001000000003
184,O1C[C@@H](NC(=O)c2nc3c(cc2)cccc3)C(=O)N2[C@@H](CCCC2)C(=O)NCC(=O)N(CC(=O)N(C)[C@@H](C(C)C)C(OC[C@@H](NC(=O)c2nc3c(cc2)cccc3)C(=O)N2[C@@H](CCCC2)C(=O)NCC(=O)N(CC(=O)N(C)[C@@H](C(C)C)C1=O)C)=O)C,1,1189.338,1.13
497,O1c2c(cc(cc2OC)\C=C\c2cc(OC)c3c(n(cc3)C)c2)C[C@H]2[C@]1(CC[C@@H](O)C2(C)C)C,1,461.60199000000006,7.1599998
173,O1c2c([C@@H](C[C@]13[C@H]1C[C@@H](CC3)C1(C)C)CC(C)C)c(O)c(C=O)c(O)c2C=O,0,386.48798,5.632000000000001
247,O1[C@@H](C)[C@H](OC(=O)C)[C@@H](O[C@@H]2O[C@@H](C)[C@H](OC(=O)C)[C@@H](OC(=O)C)[C@H]2OC(=O)C)[C@@H](OC(=O)C)[C@@H]1O[C@@H]1[C@@H](OC(=O)C)[C@@H](O[C@@H](O[C@@H]2[C@@H](O)[C@@H](O)[C@@H](O[C@H]2C)OCCCCCCCCCCCC)[C@@H]1O)C,1,1023.1289999999999,2.8011798999999997
1028,Clc1ccc(cc1)\C=C\C(=O)c1ccc(NC(=O)CO[N+](=O)[O-])cc1,1,360.75299,3.8610001000000005
1011,Oc1cc(ccc1O)CCOC(=O)\C=C\c1cc(O)c(O)cc1,1,316.30899,3.2049999
687,Brc1cc\2c(NC(=O)/C/2=C\2/SC(=NC/2=O)N2N=C(CC2c2ccc(OC)cc2)c2cc3c(cc2)cccc3)cc1,1,609.50397,8.342
402,O1c2c(OC1)cc1c(c2)[C@H]([C@@H](C(OC)=O)[C@H](CO)[C@H]1O)c1cc(OC)c(O)c(OC)c1,1,432.42499000000004,1.7790000000000001
674,O1C[C@@H](O)[C@H](O)[C@@H](OC(=O)c2ccc(OC)cc2)[C@@H]1O[C@@H]1[C@@H](OC(=O)C)[C@@H](OC[C@@H]1O)O[C@H]1C[C@H]2[C@H]3[C@H](CC[C@]2(C)[C@@]1(O)[C@@H](C(=O)CCC(C)C)C)[C@@]1(C(C[C@@H](O)CC1)=CC3)C,1,873.0459599999999,3.2462201
1141,Clc1ccc(cc1)CN1C(=Nc2c(cccc2)C1=O)\C=C\c1cccnc1,1,373.84299,4.566999900000001
320,FC(F)(F)c1[nH+]ccc(Nc2ccc(cc2)C(=O)N\N=C\c2cccc(OCC)c2O)c1,1,445.42099,5.0907602
933,n1n(c(-c2ccccc2)c(C#N)c1-c1nnc(c2nn(cc12)-c1ccccc1)-c1nn(c(-c2ccccc2)c1C#N)-c1ccccc1)-c1ccccc1,0,682.75098,8.738590199999999
1105,Clc1ccccc1-c1c2c(c3c4cc(O)ccc4[nH]c3c1)C(=O)NC2=O,0,362.772,4.822
1144,S(CCCCCOC1=COC(=CC1=O)C[NH+]1CCOCC1)c1c2c(ncc1)cc(cc2)C(F)(F)F,0,509.569,4.1817598
814,O1[C@@H](C)[C@H](C)[C@H](O)[C@H](\C=C\C=C\C=C\C=C\C=C\C=C\C=C\[C@H](O[C@@H]2O[C@H](C)[C@@H](O)[C@H]([NH3+])[C@@H]2O)C[C@@H]2O[C@@](O)(C[C@H](O)[C@H]2C(=O)[O-])C[C@@H](O)C[C@@H](O)[C@H](O)CC[C@@H](O)C[C@@H](O)CC1=O)C,1,924.091,2.7950001
1010,Clc1ccc(cc1)\C=C\C(=O)\C=C\c1c2c([nH]c1)cccc2,0,307.78,5.5019999
239,OC[C@@H]([NH2+]CCCCCCCCCCCCCC)[C@H](O)c1ccc([N+](=O)[O-])cc1,1,409.591,6.2930002
237,OC[C@H]([NH2+]CCCCCCCCCCCCCC)Cc1ccccc1,1,348.595,7.019000099999999
163,O1[C@H](CO)[C@@H](O)[C@H](O)[C@@H](OC(=O)\C=C/c2ccc(O)cc2)[C@@H]1OCC=1[C@@H]2[C@@H]([C@](O)(CC2)CO)[C@@H](OC=1)OC(=O)CC(C)C,1,608.6369599999999,0.65774
451,O(C)c1c(OC)cc(cc1OC)-c1nncn1-c1cc2c(n(cc2)C)cc1,1,364.405,3.8524799
822,O[C@@H]1CC[C@@H]([NH2+][C@@H]1C)CCCCCCCCCCC=1C[NH+]2[C@@H](CCC2)[C@@H](C=1)CCCCCCCCCC[C@@H]1[NH2+][C@H](C)[C@H](O)CC1,1,633.08301,9.7629995
515,O(C)c1cc(cc(c1)C)-c1nn(cc1-c1ccc(nc1)-c1cc(ccc1)C(=O)C)CC#N,1,422.48798,4.1919999
291,FC(F)(F)c1[nH+]ccc(Nc2ccc(cc2)C(=O)N\N=C\c2ccc(N(CC)CC)cc2O)c1,1,472.491,5.42976
824,O1C[C@]2(O)[C@H](CC1=O)[C@@]1([C@@H](C=C2)[C@](CCC1)(C(=O)[O-])C)C,0,293.33898999999997,1.399
788,Clc1cc2SC=3N(c2cc1)C(=N)C(C#N)=C(SC)N=3,0,306.80099,3.7880001000000005
63,s1ccnc1NS(=O)(=O)c1ccc(NC(C[C@@H]2[C@]3([C@H](CCC2=C)[C@@](COC(=O)C)(C)[C@H](OC(=O)C)CC3)C)C2=CCOC2=O)cc1,1,671.836,4.630000099999999
846,Clc1ccc(N2N=C(N(CCOc3cc4OC(=O)C=C(c4cc3)C)C2=O)C)cc1,1,411.845,4.3189998
909,O=C1N(c2n(nnc2-c2ccccc2)-c2n(c3c(c12)cccc3)C)CCCC(=O)NCC(=O)N(C(=O)NC1CCCCC1)C1CCCCC1,0,664.81097,6.302529799999999
833,[n+]1(c2c([nH]c3c2cccc3)c(Nc2ccc(N3CCCCC3)cc2)c2c1cccc2)C,1,407.54098999999997,7.3035302
922,S=C1N(CCN1C=C(C#N)C#N)C(=O)c1ccccc1,0,282.327,0.39199999
1056,Clc1cc2Sc3n(S(=O)(=O)c2cc1C(=O)Nc1c2nsnc2ccc1)ccn3,0,449.923,2.7249999
651,s1c2cc(NC(=O)COc3cc(ccc3OC)\C=C/c3cc(OC)c(OC)c(OC)c3)ccc2nc1C,1,520.6060200000001,5.0602198
372,S(=O)(=O)(N)c1ccc(cc1)\C=C\c1ccc(N(C)C)cc1,1,302.39801,2.8529999
841,s1c2c(nc1-c1cc(C)c(N)cc1)cccc2,0,240.33,3.8210001000000005
938,Clc1ccc(NC=2N=C3Sc4cc(Cl)ccc4N3C(=N)C=2C#N)cc1,0,386.26599,5.170000099999999
75,O=C1C[C@@H]2CC[C@H]([C@H](O)CC=C)[C@]2(O)C1=C,0,222.28400000000002,0.93699998
231,[PH2+](CCCCCCCCCCCCCCCCCC)CCCCCCCCCCCCCC,1,483.87,13.298
232,[P-](F)(F)(F)(C(F)(F)C(F)(F)F)(C(F)(F)C(F)(F)F)C(F)(F)C(F)(F)F,1,445.004,5.6097999000000005
422,O1c2c(cc(cc2CO)\C=C\c2cc(OCOC)c(C\C=C(\CCC=C(C)C)/C)c(OC)c2)C[C@H]2[C@]1(CC[C@@H](O)C2(C)C)C,1,604.828,7.8429999000000015
921,S=C1N(CCN1\C=C(\C(=O)N)/C#N)C(=O)c1occc1,0,290.30301000000003,-1.61
488,O1c2c(cc(cc2O)\C=C\c2cc(OC)c(C\C=C(\CCC=C(C)C)/C)c(O)c2)C[C@H]2[C@]1(CC[C@@H](O)C2(C)C)C,1,546.7479900000001,7.764999900000001
223,O1[C@H](CO)[C@@H](O)[C@H](O)[C@@H](OC(=O)\C=C\c2ccc(O)cc2)[C@@H]1OCC=1[C@@H]2[C@@H]([C@](O)(CC2)CO)[C@@H](OC=1)OC(=O)C(CC)C,1,608.6369599999999,0.66974002
464,ClCC(Oc1ccc(cc1OC)\C=C\C(=O)CC(=O)\C=C\c1cc(OC)c(OC(=O)CCl)cc1)=O,1,521.349,4.5594802
893,Clc1ncnc2ncn(c12)Cc1ccc(cc1)CCl,1,293.15698,3.4140601000000004
202,ClCCN(CCCl)c1ccc(cc1)B1OC(C)(C)C(O1)(C)C,0,344.09,4.2160001
315,O(C(=O)C[NH2+]CC[NH+](C)C)c1ccc(cc1OCC)\C=C\C(=O)CC(=O)\C=C\c1cc(OCC)c(OC(=O)C[NH2+]CC[NH+](C)C)cc1,0,656.82098,3.10548
376,Clc1ccc(cc1)Cn1cc(c2c1cccc2)C=C1C(=O)N(C)C(=O)N(C)C1=O,0,407.85699,4.4169998
654,s1c2cc(OC(F)(F)F)ccc2nc1NC(=O)COc1cc(ccc1OC)\C=C/c1cc(OC)c(OC)c(OC)c1,0,590.5750099999999,6.4939799
415,O1[C@H](COC(=O)C)[C@@H](O)[C@H](O)[C@@H](O)[C@@H]1O[C@@H]1C[C@@H]2[C@@]([C@H]3CC[C@H]4[C@](CC[C@]45O[C@H](C[C@@H]5C)[C@H](O)C(OC)(C)C)(C)[C@]13C)(CC[C@@H](OC(=O)C)C2(C)C)C,0,752.98297,5.54
797,O1[C@@H]2O[C@@]3(OO[C@]24[C@@H](CC[C@H]([C@@H]4CC3)C)[C@@H](C)[C@H]1OCC(=O)CO[C@H]1O[C@@H]2O[C@@]3(OO[C@]24[C@@H](CC[C@H]([C@@H]4CC3)C)[C@H]1C)C)C,1,622.7520099999999,7.643000099999999
251,O(CCCCCCCC)c1c2c(nccc2CC)c(NC(CCC[NH2+]C(CCC[NH3+])C)C)cc1OC,0,502.78799000000004,6.770739999999999
961,P(OC[C@H]1O[C@@H](n2cnc(C(=O)N)c2N)[C@H](O)[C@@H]1O)(=O)([O-])[O-],0,336.19698999999997,-4.2750001
182,S1S[C@@]23N([C@H]4Nc5c(cccc5)[C@]4([C@@H]2O)C24[C@H](N5[C@@]6(SS[C@](N(C)C6=O)(CO)C5=O)[C@H]2O)Nc2c4cccc2)C(=O)[C@]1(N(C)C3=O)C(C)C,1,740.90698,3.2969998999999994
519,O(C)c1c(OC)cc(cc1OC)C1N(N=C(C1)c1ccc(N(C)C)cc1)C(=O)C,1,397.47501,3.02948
472,O(C\C=C(\CCC=C(C)C)/C)c1ccc(cc1OC)\C=C\C(=O)[O-],1,329.41598999999997,3.72474
637,O(C)c1ccc(cc1)\C=C\C(=O)\C=C\c1c2c([nH]c1)cccc2,0,303.36099,4.8660002
783,Clc1ccc(NC(=O)c2ccc(S(=O)(=O)C)cc2Cl)cc1-c1ncccc1,0,421.30399000000006,4.0
780,O(C)C1=CN2C(=CC1=O)C(=O)c1c2c(ncc1)CC(C)C,1,284.315,1.8630000000000002
219,SCCC1OC([NH2+]C(CC(=O)[O-])(C)C(=O)NC(C)C(=O)Nc2c(cccc2)C(=O)N1)C[NH3+],1,468.55499000000003,-0.25299999
41,O1[C@H]2[C@@H](CC\C(=C/CC[C@]3(O[C@H]23)C)\COC(=O)c2[nH]c3c(c2)cc(OC)cc3)C(=C)C1=O,1,437.49199999999996,3.5899998999999996
821,O=C(N[C@H]([C@H](O)c1ccccc1)C)CCCCCCCCCCCCCCC[n+]1ccccc1,1,467.71799000000004,8.196999499999999
460,O(C)c1cc(ccc1O)\C=C\C(=O)CC(=O)\C=C\c1cc(OC)c(O)cc1,0,368.38498,3.7179998999999997
312,O(CC)c1cc(ccc1O)\C=C\C(=O)CC(=O)\C=C\c1cc(OCC)c(O)cc1,0,396.439,4.4000001
121,S(O[C@H]1CC[C@@]23[C@@H](CC[C@@H]4[C@]2(CC[C@@]2(C)[C@]4(CC[C@@H]2[C@@H](CC(=O)C=C(C)C)C)C)C3)[C@@]1(COS(=O)(=O)[O-])C)(=O)(=O)[O-],0,614.82098,5.053
211,[Se](CC(OC(=O)[C@H](NC(OC(C)(C)C)=O)CO)C(=O)NCCCCCC(OCc1ccccc1)=O)C1=C(C)C(=O)c2c(cccc2)C1=O,1,729.68799,3.642
668,O1c2cc(ccc2N(c2c1cccc2)C(=O)c1cc(O)c(OC)cc1)C#N,1,358.353,3.3299999
524,O(C)c1c(OC)cc(cc1OC)CC1Cc2c(nc(nc2N)N)CC1,0,344.41497999999996,1.1294799999999998
589,O(C)c1cc2c(cc1OC)c1cc(OC)c(OC)cc1cc2Cn1nnc(c1)COc1ccc(OCc2ccccc2)cc1,0,591.664,6.411479900000001
560,O1C[C@H]2[C@@H]([C@@H](c3c(cc4OCOc4c3)[C@H]2NC(=O)C[NH+]2CC[NH+](CC2)CCCCCCCCCC[NH+]2CC[NH+](CC2)CC(=O)N[C@H]2[C@@H]3[C@@H]([C@@H](c4c2cc2OCOc2c4)c2cc(OC)c(O)c(OC)c2)C(OC3)=O)c2cc(OC)c(O)c(OC)c2)C1=O,1,1193.402,5.934
141,Oc1c(C[NH2+]CC2CC[NH2+]CC2)c(ccc1[C@H](CCC=C(C)C)C)C,1,346.55899,4.073
832,[NH2+]1CCC(Nc2c3c([n+](c4c2[nH]c2c4cccc2)C)cccc3)CC1,1,332.45099,4.941530200000001
594,FC(F)(F)c1cc(NC(=O)Nc2ccc(Oc3cc4cc(OC)c(OC)cc4nc3C)cc2)ccc1,1,497.47299000000004,5.3084998
31,O1[C@H]2[C@@H](CC\C(=C/CC[C@]3(O[C@@H]23)C)\COC(=O)CCC(=O)N2CCC(CC2)C)C(=C)C1=O,1,445.556,2.4389998999999998
374,O(CCCN(C)c1ccccc1)c1ccc(O)cc1,1,257.33301,3.5269999999999997
1138,O=C1Nc2c(-n3c1c1c(cccc1)c3)cccc2,0,234.25799999999998,3.0480001
791,O1[C@@H]2O[C@@]3(OO[C@]24[C@@H](CC[C@H]([C@@H]4CC3)C)[C@@H](C)[C@H]1OC[C@@H](O[C@H]1O[C@@H]2O[C@@]3(OO[C@]24[C@@H](CC[C@H]([C@@H]4CC3)C)[C@H]1C)C)C)C,1,608.7689799999999,8.301739699999999
1071,Clc1ccccc1OC(=O)c1ccccc1Nc1cc([nH+]cc1)C(F)(F)F,1,393.772,5.50176
537,O(C)c1cc(NC(CCC[NH2+]C(CCC[NH2+]C(CCC[NH3+])C)C)C)c2nc(ccc2c1)C(C)(C)C,0,488.785,5.5830002
1046,Ic1cc(F)c(Nc2c(F)c(F)ccc2C(=O)NOC[C@H](O)CO)cc1,1,482.19597999999996,3.1400001
765,FC(F)(F)c1[nH+]ccc(Nc2ccccc2C(Oc2cc(OC)ccc2)=O)c1,1,389.353,4.9047599
1160,ClCCN(CCCl)c1ccc(cc1)B(O)O,1,261.944,1.944
389,O=C(Nc1ccccc1)NC,0,150.181,0.84100002
568,O1Cc2c(-c3c(C1)cc1OCOc1c3)c(OC)c(OC)c(OC)c2,1,330.336,2.9164801
322,FC(F)(F)c1[nH+]ccc(Nc2ccccc2C(=O)N\N=C\c2cccc(OCC)c2O)c1,1,445.42099,5.0887599
819,O1CC=2C(=CC1=O)[C@@]1(C3[C@H](OC(=O)[C@]3(C[C@@H](O)C1)C)C=2)C,0,290.315,0.86500001
690,O(C)c1cc(ccc1OC)CC1Cc2c(nc(nc2N)N)CC1,1,314.38901,1.3867399999999999
1038,FC(F)(F)c1[nH+]ccc(Nc2ccccc2C(=O)N\N=C\c2ccccc2O)c1,1,401.36798,4.7937598
1092,Brc1cc2c(nc3c(c2-c2ccccc2F)C(=O)CC(C3)C(F)(F)F)cc1,0,438.21799000000004,5.7817602
76,O(CC)C(=O)n1cc(c2c1cccc2)[C@@H]([NH2+][C@@H](C(C)C)CO)CC=C,0,345.46297999999996,4.1220002000000004
118,O[C@H]1CC[C@@]23[C@@H](CC[C@@H]4[C@]2(CC[C@@]2(C)[C@]4(CC[C@@H]2[C@@H](CC(=O)C=C(C)C)C)C)C3)[C@@]1(CO)C,1,456.711,5.763
790,[As](SCC(O)CO)(C)C,1,212.14498999999998,-0.44600001
656,S1C(C[NH+]2CC[NH+](CC2)C)C(=O)N(NS(=O)(=O)C=2C(=O)N3C(=NC=2\N=C\c2ccc(OC)cc2)NN=C3C)C1c1ccc(OC)cc1,0,683.815,4.6719999
1165,o1cccc1-c1ncnc2n(ccc12)[C@@H]1O[C@H](CO)[C@@H](O)[C@H]1O,1,317.30099,-0.81999999
1018,S1c2n(ncn2)C(=O)C1CC(=O)Nc1ccccc1,1,274.30399,0.52499998
626,o1nc(N)c(c1-c1ccc(OC)cc1)-c1cc(OC)c2OCOc2c1,1,340.33499,3.415
48,O1[C@H]2[C@@H](CC\C(=C/CC[C@]3(O[C@@H]23)C)\Cn2nnc(c2)-c2ccc(OC)cc2)C(=C)C1=O,1,421.49698,2.6510000000000002
802,O1[C@@H]2O[C@@]3(OO[C@]24[C@@H](CC[C@H]([C@@H]4CC3)C)[C@@H](C)[C@@H]1OCCO[C@H]1O[C@@H]2O[C@@]3(OO[C@]24[C@@H](CC[C@H]([C@@H]4CC3)C)[C@H]1C)C)C,1,594.742,7.8397398
128,O1c2c(CC[C@]1(CC\C=C(\CC\C=C(\CCC=C(C)C)/C)/C)C)c1C[NH+](COc1cc2C)CCCCCCCCO,1,566.89099,7.860000099999999
134,O1c2cc(OC\C=C(\CC\C=C(\CCC=C(C)C)/C)/C)ccc2C=CC1=O,1,366.50097999999997,4.71
554,s1c(ccc1-c1ccc(cc1)C(=[NH2+])N)-c1cc(OC)cc(OC)c1,1,339.439,4.4320002
625,o1nc(c(c1)-c1cc(OC)c(OC)c(OC)c1)-c1ccc(OC)cc1,1,341.36301000000003,3.5104799
1167,O1[C@H](CO)[C@@H](O)[C@@H](O)[C@@H]1n1c2ncnc(c2cc1)-c1ccoc1,1,317.30099,-0.69999999
486,O1c2c(cc(cc2OC)\C=C\c2cc(O)c3c([nH]cc3C\C=C(\CCC=C(C)C)/C)c2)C[C@H]2[C@]1(CC[C@@H](O)C2(C)C)C,1,569.7860099999999,8.276
793,O=C(N[C@@H]([C@H](O)c1ccc([N+](=O)[O-])cc1)C)CCCCCCCCCCCCCCC[n+]1ccccc1,1,512.71497,8.132
107,O1C=C2[C@@H]([C@@]3([C@@H](C[C@@H]2OC(=O)C)[C@]2([C@H](C[C@H]3O)[C@@]3([C@@H](CC2)C(CCC3)(C)C)C)C)C)[C@@H]1OC(=O)C,0,488.66497999999996,5.2829999999999995
351,OC[C@H](NC=1[NH+]=C(n2ncc(c2[NH+]=1)C(C)C)NCc1ccccc1)CC,1,356.474,4.2480001
1022,ClCCN(CCCl)c1ccc(cc1)CCCC(=O)NCCC[P+](c1ccccc1)(c1ccccc1)c1ccccc1,1,606.59796,7.48
538,O(C)c1cc(NC(CCC[NH2+]C(CCC[NH2+]C(CCC[NH3+])C)C)C)c2ncccc2c1,0,432.67699999999996,4.1230001000000005
313,ClCC[NH+](CC(Oc1ccc(cc1OCC)\C=C\C(=O)CC(=O)\C=C\c1cc(OCC)c(OC(=O)C[NH+](CCCl)CCCl)cc1)=O)CCCl,0,762.5549900000001,6.103479900000001
260,O1[C@H](C(OCCCC)=O)[C@@H](O)[C@H](O[C@@H]2O[C@H](CO)[C@H](O)[C@H](O)[C@H]2O)[C@@H](O[C@@H]2O[C@H](CO)[C@@H](O)[C@H](O)[C@H]2O)[C@@H]1O[C@H]1CC[C@]2([C@@H](CC[C@@]3([C@@H]2CC=C2[C@@H]4CC(CC[C@@]4(CC[C@]23C)C(=O)[O-])(C)C)C)C1(C)C)C,0,1012.217,2.2044799
1083,s1cccc1\C=C\1/CC\C(=C/c2sccc2)\C/1=O,0,272.392,3.4289998999999995
570,o1nc(C)c(-c2cc3[nH]c4nc(nc(c4c3cc2OC)-c2c3c(ncc2)cccc3)C)c1C,1,435.48699999999997,4.5780001
1135,s1c2CCCCCCc2c2c1N=C(NC2=O)c1ncccc1,1,311.409,2.9820001
730,O1CC=2Nc3c(cc(OC)cc3)C(C=2C1=O)c1cc(OC)c2OCOc2c1,1,367.35699,3.0350001
659,O(C)c1c(OC)cc(cc1OC)-c1n[nH]c(c1)\C=C\C(=O)c1ccc(OC)cc1,1,394.42699999999996,3.8124800000000003
807,O1[C@@H]2O[C@]3(OO[C@]24[C@@H](CC[C@H]([C@@H]4CC3)C)[C@@H](C)[C@@H]1O[C@H]1O[C@@H]2O[C@]3(OO[C@]24[C@@H](CC[C@H]([C@@H]4CC3)C)[C@H]1C)C)C,1,550.68896,8.1700001
276,s1c2cc(SCCC)ccc2nc1NC(OCC)=O,1,296.41501,4.0349998
727,O(C)c1cc2c([nH]cc2CCNC(=O)C)cc1,0,232.28298999999998,1.6130000000000002
1152,S1c2c(N(CCCCCC[NH+]3CC[NH+](CC3)CCCCCCN3c4c(SC3=O)cccc4)C1=O)cccc2,0,554.82397,6.647999799999999
1140,Clc1ccccc1\C=N\N1C(=Nc2c(cccc2)C1=O)c1occc1,1,349.77698,4.5689998
1,Brc1c2c(ncnc2N)n(c1)[C@@H]1O[C@H](CO)[C@](O)(C#C)[C@H]1O,1,369.17499,-0.55599999
678,O1CC23C4C2COC4c2c(cc(OC)c(OC)c2)C13c1cc(OC)c(OC)cc1,1,396.439,2.95348
942,s1c2cc(OC(F)(F)F)ccc2nc1NC(=O)Nc1ccc(cc1)C#N,1,378.33398,4.2177601
301,FC(F)(F)c1[nH+]ccc(Nc2ccccc2C(=O)NCC(OCC)=O)c1,0,368.33499,2.7257599999999997
473,O(CC=C(C)C)c1ccc(cc1OC)\C=C\C(=O)[O-],0,261.297,2.8607398999999996
1134,S\1c2n(ncn2)C(=O)/C/1=C/c1ccc(F)cc1,0,247.25298999999998,2.237
39,O1[C@H]2[C@@H](CC\C(=C/CC[C@]3(O[C@H]23)C)\COC(=O)c2c3c([nH]c2)cccc3)C(=C)C1=O,1,407.466,3.596
1137,Clc1cc2NC(=O)c3n(-c2cc1Cl)cc1c3cccc1,0,303.14797999999996,4.3039999
241,O1[C@@H](C)[C@H](O)[C@@H](OC(=O)C)[C@@H](OC(=O)C)[C@@H]1O[C@@H]1[C@@H](OC(=O)C)[C@@H](O[C@@H](O[C@@H]2[C@@H](O)[C@@H](O)[C@@H](O[C@H]2C)OCCCCCCCCCCCC)[C@@H]1O)C,1,750.87598,2.9082201000000003
754,S(=O)(=O)(N1N=C(CC1c1ccc(cc1)C)c1c2OC(=O)C=Cc2ccc1OC)c1ccccc1,1,474.53699000000006,5.1040000999999995
877,O=C(N)c1cc(ccc1NC(=O)\C=C\c1ccccc1)C,1,280.327,2.779
354,O(C)c1cc2N([C@@H]3[C@@]4([C@H]5[NH+](CC=C[C@@]5(CC)[C@@H](OC(=O)C)[C@]3(O)C(OC)=O)CC4)c2cc1[C@@]1(c2[nH]c3c(c2CC[NH+]2C[C@@](O)(C[C@H](C1)C2)CC)cccc3)C(OC)=O)C=O,1,826.98798,4.5549998
682,Clc1cc(C2=NN(C(C2)c2ccc(OC)c(OC)c2OC)c2ccc(S(=O)(=O)N)cc2)c(O)cc1C,1,532.01697,4.34548
339,Clc1cc(Cl)ccc1\C=N/NC(=O)\C(=C(\SCC)/Nc1ccccc1)\C#N,1,419.336,5.9660001
763,o1nc(-c2nc3c(n2Cc2cc(OC)ccc2)cccc3)c(n1)N,1,321.34,3.3580599
520,Clc1cc2[nH+]ccc(Nc3ccc(cc3)C3=NN(C=O)C(C3)c3cc(OC)c(OC)c(OC)c3)c2cc1,1,517.99298,5.6324800999999995
582,O(C)c1cc2c(cc1OC)c1cc(OC)c(OC)cc1cc2-c1[nH]c2c(n1)cc(cc2C)C,1,442.51498,5.73348
1113,s1nc2c(n1)c1c(cc2Sc2ccc(F)cc2F)C(=O)c2c(cccc2)C1=O,1,410.42398,5.867000099999999
429,O1c2cc(O)c3c4c(c5c6c(C(=O)C(OC)=C5C[C@H](O)C)c(O)cc(OC1)c6c24)C(C[C@H](O)C)=C(OC)C3=O,0,534.51697,3.5880001000000004
499,S(C)c1cc(cc2c1O[C@]1([C@H](C2)C(C)(C)[C@H](O)CC1)C)\C=C\c1cc(OC)c(C\C=C(\CCC=C(C)C)/C)c(O)c1,0,576.84198,8.665
379,O=C1Nc2c(nc(nc2)NCCc2ccccc2)N(C1)C,0,283.33499,0.55000001
442,Clc1ccc(cc1OC)-c1nn(cc1-c1ccncc1)-c1cc(NC(=O)Nc2cc(cc(c2)C(F)(F)F)C(F)(F)F)ccc1,1,631.9639900000001,7.37252
299,O(C(=O)C(NC(=O)c1ccc(Nc2nc3c(nc2-c2ccccc2)c(N)cc(N)c3)cc1)CCC(OCC)=O)CC,0,556.6229900000001,3.8875300999999998
516,O(C)c1cc(cc(c1)C)-c1nn(cc1-c1cc(ncc1)-c1ccc(N(C)C)cc1)CC#N,1,423.51999000000006,4.255000099999999
549,O(C)c1cc(OC)cc(OC)c1\C=C\C(=O)\C=C\c1c2c([nH]c1)cccc2,0,363.41299,4.848
804,O1[C@@H]2O[C@@]3(OO[C@]24[C@@H](CC[C@H]([C@@H]4CC3)C)[C@@H](C)[C@H]1OCC[C@H](O[C@H]1O[C@@H]2O[C@@]3(OO[C@]24[C@@H](CC[C@H]([C@@H]4CC3)C)[C@H]1C)C)CO[C@H]1O[C@@H]2O[C@@]3(OO[C@]24[C@@H](CC[C@H]([C@@H]4CC3)C)[C@H]1C)C)C,1,905.1319599999999,12.301739999999999
225,s1c2c(nc1NC(=O)NC(CC)(C(F)(F)F)C(F)(F)F)cccc2,0,371.30499,4.13552
689,O(C)c1cc(ccc1OC)C1N(N=C(C1)c1[nH]c2c(n1)cccc2)c1ccccc1,0,398.466,4.84974
447,Clc1ccc(cc1OC)-c1nn(cc1-c1ccncc1)-c1cc(NC(=O)c2cc(C(F)(F)F)c(N3CCOCC3)cc2)ccc1,1,634.0579799999999,6.2067599
1039,s1cccc1C1N(N=C2C1Cc1c2cccc1)c1ccc(S(=O)([O-])=NC(=S)NC(=O)c2ccccc2)cc1,0,557.69897,5.4039998
150,o1c(cnc1-c1ncc(cc1)C[NH+]1C[C@H]([NH+](C)C)CC1)-c1ccc(OCC=C(C)C)cc1,1,434.58398,3.3675300999999997
293,FC(F)(F)c1[nH+]ccc(Nc2ccccc2C(=O)N\N=C\c2ccc(N(CC)CC)cc2O)c1,1,472.491,5.4277600999999995
761,FC(F)(F)c1[nH+]ccc(Nc2ccccc2C(=O)N\N=C\c2cccc(OC)c2O)c1,1,431.39398,4.7477598
1104,Clc1ccc(cc1)C1N(N=C(C1)c1cc2c(cc1)cccc2)C(=O)\C=C\1/SC(=O)[N-]C/1=O,1,460.92099,5.8330002
891,Clc1ncnc2n(cnc12)Cc1ccc(cc1)CCl,1,293.15698,3.4140601000000004
256,s1c2cc(SCCCCC)ccc2nc1NC(OCC)=O,1,324.46898999999996,4.9190001
201,BrCCN(CCCl)c1ccc(cc1)B1OC(C)(C)C(O1)(C)C,0,388.54098999999997,4.4219999
159,O=C1N2[C@H](CCC2)C(=O)N[C@@H]1Cc1c2c([nH]c1CC=C(C)C)cccc2,1,351.44998,2.2739999
57,O1O[C@@H](CC[C@]1(CC[C@]1([C@@H]2CCCC(=C)[C@]2(CC[C@@H]1C)C)C)C)[C@H](C(=O)[O-])C,1,391.57198999999997,6.131
78,O=C1C[C@@H]2CC[C@H]([C@@H](O)CC=C)[C@]2(O)C1=C,0,222.28400000000002,0.93699998
355,O1CCOc2c1cc(cc2)-c1c([nH]nc1C)-c1cc(CC)c(O)cc1O,0,352.38998,4.295000099999999
871,Clc1ccc(cc1)C1=NOC=2C(SC=C3C=2C=CC=C3)=C1c1ccc(cc1)C,1,401.91699,7.415999900000001
105,O1[C@@H]2C[C@H](O)[C@@]3([C@H]([C@H](OC(=O)c4ccccc4)[C@]4(O)C[C@H](OC(=O)[C@H](O)[C@@H](NC(=O)c5ccccc5)c5ccccc5)C(=C([C@@H](OC(=O)C)C3=O)C4(C)C)C)[C@]2(OC(=O)C)C1)C,1,853.91797,4.335
776,O(C)c1ccccc1NC(=O)n1nc(N)c2c1cccc2,0,282.30301000000003,2.582
1153,S1c2c(N(CCCCCC[NH+]3CC[NH+](CC3)CCCCCN3c4c(SC3=O)cccc4)C1=O)cccc2,0,540.797,6.2059999
476,Clc1ccc(cc1)C=1NC(=O)N(C=1)c1cc(ccc1)C(=O)\C=C\c1cc(OC)c(OC)c(OC)c1,0,490.94299,5.0444797999999995
183,o1c2c(nc1[C@H](n1nnc(c1)\C=C\C(=O)N[O-])C(C)C)cccc2,1,326.336,2.1995299
427,O1[C@H](C)[C@@H](O)[C@H](O[C@@H]2O[C@H](C)[C@@H](O)[C@H](O)C2)C[C@@H]1Oc1cc2c(c(O)c1C)c(O)c1c(C[C@@H]([C@H](OC)C(=O)[C@@H](O)[C@H](O)C)[C@H](O[C@@H]3O[C@H](C)[C@@H](O)[C@H](O[C@@H]4O[C@H](C)[C@@H](O)[C@H](O[C@@H]5O[C@H](C)[C@@H](O)[C@@H](O)C5)C4)C3)C1=O)c2,1,1071.129,1.024
660,O(C)c1c(OC)cc(cc1OC)-c1n[nH]c(c1)\C=C\C(=O)c1cc(OC)c(OC)cc1,1,424.45300000000003,3.5552199
1004,Brc1cc(ccc1)Cn1c2c(nc1-c1nonc1N)cccc2,1,370.20999,4.2000599
966,S(=O)(=O)(N)c1ccc(cc1)\C=C\c1cc(O)c(O)cc1,1,291.327,2.3570001
703,O(C)c1ccc(N(C)c2nc(nc3NC(Cc23)C)C)cc1,1,284.36301000000003,2.3559999
446,Clc1ccc(cc1C(F)(F)F)C(=O)Nc1cc(-n2nc(c(c2)-c2ccncc2)-c2cc(OC)c(Cl)cc2)ccc1,1,583.39697,7.317760000000001
71,O(CC)C(=O)n1cc(c2c1cccc2)C([NH2+]Cc1ccccc1)CC=C,0,349.45398,5.170000099999999
630,O(C)c1ccc(-n2nc(c3c2N(C)C2(CC4C5(N(c6n(nc(c6C(C(C5)C34C)C)C)-c3ccc(OC)cc3)C)C2)C)C)cc1,1,592.78796,6.1560001
262,O(CCCC)c1c2c(nccc2CC)c(NC(CCC[NH2+]C(CCC[NH3+])C)C)cc1OC,0,446.67999000000003,5.002739900000001
781,O(C)C1=CN2C(=CC1=O)C(=O)c1c2c(ncc1)Cc1ccccc1,1,318.332,2.3380001
876,O=C1N(C)C(=O)N(C)C(=O)C1=Cc1c2c(n(c1)Cc1ccc(cc1)C)cccc2,0,387.439,4.1230001000000005
695,Clc1cc2c(N(Cc3ccc(OC)cc3)C(=O)C2(O)C2N(C)C(NC2=O)=N)cc1,1,414.849,2.1440001
976,O=C1NC(=O)CCC1N1Cc2c(cccc2N)C1=O,1,259.26498,-0.177
838,Clc1cc2c(nc3c(c2C)C(=O)CC(C3)C(F)(F)F)cc1,0,313.70599,3.7627599000000003
310,Clc1ccc(-n2nc(C(OCC)=O)c(c2)C(=O)c2nn(c(-c3ccccc3)c2C#N)-c2ccccc2)cc1,0,521.9639900000001,5.053
649,O(C)c1cc(cc(OC)c1)\C=C\c1ccc(OC)cc1,0,270.328,4.4889998
622,O1c2c(OC1)c(OC)cc(-c1[nH]nnc1-c1ccc(OC)cc1)c2OC,1,355.35001,3.0880001
81,n1c(Nc2cc3n(CC=C)c(nc3cc2)C)c2c(nc1Nc1cc3n(CC=C)c(nc3cc1)C)cccc2,1,500.60999000000004,6.1040000999999995
1023,s1c2c(-n3nnc(c3N(CCCC(=O)NCCc3nc[nH]c3)C2=O)-c2ccccc2)c2c1cccc2,0,497.58297999999996,2.411
768,S(CC(=O)NCc1ccccc1OC)C=1N2N=C(c3ccccc3)C(=O)N=C2c2c(N=1)cccc2,1,483.55199999999996,5.5469999
228,O1C2=C(c3c(ccc(c3)C)C1(C)C)C(=O)C=C(CCCCC)C2=O,0,324.41998,5.0089998
468,S(=O)(=O)(N)c1ccc(NCC(Oc2ccc(cc2OC)\C=C\C(=O)CC(=O)\C=C\c2cc(OC)c(OC(=O)CNc3ccc(S(=O)(=O)N)cc3)cc2)=O)cc1,0,792.84296,2.8334799
119,S(O[C@H]1CC[C@@]23[C@@H](CC[C@@H]4[C@]2(CC[C@@]2(C)[C@]4(CC[C@@H]2[C@@H](CC(=O)C=C(C)C)C)C)C3)[C@@]1(CO)C)(=O)(=O)[O-],1,535.76599,5.4079999999999995
593,Clc1cc(NC(=O)Nc2ccc(Oc3cc4cc(OC)c(OC)cc4nc3C)cc2)ccc1Cl,1,498.366,5.555739900000001
947,s1c(ccc1-c1ccc(F)cc1)-c1ccc(cc1)C(=[NH2+])N,1,297.37698,4.5619998
1171,Clc1ccc(cc1)C1=NNC(C1)c1cc(ccc1O)Cc1cc(C2NN=C(C2)c2ccc(Cl)cc2)c(O)cc1,1,557.48096,8.224
1061,s1c2c(nc1NC(=O)C1=Nc3n(nc(c3)-c3ccccc3)C(=C1)c1ccc(F)cc1)cccc2,1,465.51199,5.6479998
974,Brc1cc(ccc1N)-c1sc2c(n1)cccc2,0,305.19901,4.3210001
234,S1C[C@H]([NH2+]C1c1ccc(NC(=O)C)cc1)C(=O)NCCCCCCCCCCCCCCCC,1,490.77698,7.327000099999999
145,o1c(cnc1-c1ncc(cc1)C[NH+]1CCCC1)-c1ccc(OCC=C(C)C)cc1,1,390.50699,3.8115301
1116,S(CC[NH+]1CCCC1)c1[nH]c2c3c(ccc2n1)C(=O)c1c(cccc1)C3=O,0,378.47598,3.5469998999999994
97,O1[C@H](CO)[C@@H](O)[C@H](O)[C@@H](OC(=O)\C=C/c2ccc(O)cc2)[C@@H]1OCC=1[C@@H]2[C@@H]([C@](O)(CC2)COC(=O)C)[C@@H](OC=1)OC(=O)CC(C)C,1,650.67401,1.24674
233,[n+]1(ccn(c1)C)CCCCCCCCCCCCCCCCCC,1,335.60001,8.5570002
1058,S(=O)([O-])(=NC(=O)Nc1ccccc1)c1ccc(N2N=C3C(Cc4c3cccc4)C2c2cccnc2)cc1,0,508.582,4.577000099999999
652,s1c2cc(ccc2nc1NC(=O)COc1cc(ccc1OC)\C=C/c1cc(OC)c(OC)c(OC)c1)C(F)(F)F,1,574.57599,6.029980200000001
731,O(C)c1cc2CCCN(c2cc1)c1nc(nc2c1[nH]cc2Cc1ccccc1)C,1,384.483,5.1730599
729,O(C)c1cc2[nH]c(CC=C(C)C)c(c2cc1)C[C@H]1NC(=O)[C@H]2N(CCC2)C1=O,1,381.47598,2.267
99,O1[C@H](COC(=O)C)[C@@H](O)[C@H](O)[C@@H](O)[C@@H]1O[C@@H]1C[C@@H]2[C@@]([C@H]3CC[C@H]4[C@](CC[C@]45O[C@H](C[C@@H]5C)[C@H](O)C(O)(C)C)(C)[C@]13C)(CC[C@@H](OC(=O)C)C2(C)C)C,0,738.95599,4.928
815,O1CC(=CC1=O)[C@H]1CC[C@]2(O)[C@H]3[C@H](CC[C@]12C)[C@@]1([C@@H](C[C@@H](O[C@@H]2O[C@@H](C)[C@H](O)CC2)CC1)CC3)C,1,488.66497999999996,5.086
641,FC(F)(F)Oc1ccc(cc1)Cn1cc(c2c1cccc2)\C=C\C(=O)\C=C\c1cc(OC)c(OC)cc1,0,507.50800000000004,8.3505001
661,O(C)c1cc(ccc1OC)-c1n[nH]c(c1)\C=C\C(=O)c1cc(OC)c(OC)cc1,1,394.42699999999996,3.8124800000000003
1033,Brc1ccc(cc1)-c1nc2SC=C(n2c1)CC(=O)N\N=C\c1ccccc1,0,439.33700999999996,5.1820002
160,O=C(N[O-])\C=C\c1nnn(c1)C(\C=C\c1ccccc1)C(C)C,1,311.36499,3.1689998999999998
466,O(C(=O)C[NH2+]C12CC3CC(C1)CC(C2)C3)c1ccc(cc1OC)\C=C\C(=O)CC(=O)\C=C\c1cc(OC)c(OC(=O)C[NH2+]C23CC4CC(C2)CC(C3)C4)cc1,0,752.94897,7.95748
266,O(CCCC)c1nc2c(cc1C1Nc3c(cccc3)C(=O)NC1)cccc2,1,361.44498,4.402
424,O1[C@H](C)[C@@H](O)[C@H](O[C@@H]2O[C@H](C)[C@@H](O)[C@H](O)C2)C[C@@H]1Oc1cc2c(c(O)c1C)c(O)c1c(C[C@@H]([C@H](OC)[C@@H](O)C(=O)C)[C@H](O[C@@H]3O[C@H](C)[C@@H](O)[C@H](O[C@@H]4O[C@H](C)[C@@H](O)[C@H](O[C@@H]5O[C@H](C)[C@@H](O)[C@@H](O)C5)C4)C3)C1=O)c2,1,1041.103,1.382
363,O=C(\C=C\N(C)C)c1nn(c(-c2ccccc2)c1C#N)-c1ccccc1,0,342.40198,2.9030001
648,s1c2c(nc1NC(=O)COc1cc(ccc1OC)\C=C\C(=O)c1cc(OC)c(OC)c(OC)c1)cccc2,1,534.5889900000001,4.613220200000001
68,n1n(c2N(C)C3(CC4C5(N(c6n(nc(c6C(C(C5)C4(c2c1C)C)=C)C)-c1ccccc1)C)C3)C)-c1ccccc1,1,530.71997,6.0240002
806,O1[C@@H](CO[C@H]2O[C@@H]3O[C@@]4(OO[C@]35[C@@H](CC[C@H]([C@@H]5CC4)C)[C@H]2C)C)[C@H]1CO[C@H]1O[C@@H]2O[C@@]3(OO[C@]24[C@@H](CC[C@H]([C@@H]4CC3)C)[C@H]1C)C,1,636.77899,7.895999900000001
103,O(C(=O)C)[C@@H]1C[C@@H]2[C@@](C)([C@@H](C=O)[C@@H]1C(=O)C)[C@@H](O)C[C@@H]1[C@@]3([C@@H](CC[C@]12C)C(CCC3)(C)C)C,1,460.655,4.8629999
521,Clc1cc2[nH+]ccc(Nc3cc(ccc3)C3=NN(C=O)C(C3)c3cc(OC)c(OC)c(OC)c3)c2cc1,1,517.99298,5.6694797999999995
811,O[C@@H]1CC[C@H]([NH2+][C@H]1C)CCCCCCCCCCC=1C[NH+]2[C@@H](CCC2)[C@@H](C=1)CCCCCCCCCC[C@H]1[NH2+][C@@H](C)[C@H](O)CC1,1,633.08301,9.7629995
1136,FC1=CN([C@@H]2O[C@H](CO)[C@@H](O)C2)C(=O)NC1=O,1,246.19400000000002,-1.601
585,O(C)c1cc2c(cc1OC)c1cc(OC)c(OC)cc1cc2Cn1nnc(c1)CN1C(=O)c2c(ccc(c2)C)C1=O,1,552.5869799999999,4.2114801
203,ClCCN(CCOS(=O)(=O)C)c1ccc(cc1)B1OC(C)(C)C(O1)(C)C,0,403.73499,2.964
1085,Clc1cccc(Cl)c1N1c2c(cccc2)\C(=C\c2ncccc2)\C1=O,1,367.23499,4.9990001
16,O1[C@H](COC(=O)C)[C@@H](O)[C@H](O)[C@@H](O)[C@@H]1O[C@@H]1C[C@@H]2[C@@]([C@H]3CC=C4[C@](CC[C@H]4[C@H](C[C@@H](O)[C@H](O)C(C)=C)C)(C)[C@]13C)(CC[C@@H](OC(=O)C)C2(C)C)C,1,720.94098,4.0510001
1034,Brc1ccc(cc1)-c1nc2SC=C(n2c1)CC(=O)N\N=C\c1ccccc1O,1,455.336,4.8720002000000004
478,O(C)c1c(OC)cc(cc1OC)\C=C\C(=O)c1cc(N2C=C(NC2=O)c2ccccc2)ccc1,1,456.49799,4.4524798
79,n1c(Nc2cc3n(CC=C)c(nc3cc2)C)c2c(nc1Nc1cc3nc(n(c3cc1)CC=C)C)cccc2,1,500.60999000000004,6.1040000999999995
851,Clc1c(C)c(C2=NN(C(C2)c2ccc(N(C)C)cc2)c2ccc(S(=O)(=O)N)cc2)c(O)cc1C,1,499.035,5.152
1025,Clc1cc(Cl)ccc1-c1oc(nn1)CCC(=O)c1[nH]c2c(n1)cccc2,1,387.22598,3.9909999
773,O(C)c1ccccc1C[NH2+]CCCN1C(=O)c2c3c(ccc4c3c(cc2)C(=O)N(CCC[NH2+]CCC[NH3+])C4=O)C1=O,1,560.6749900000001,2.8239999
631,O1[C@H](COC1(C)C)[C@@H]1O\C(\[C@@H]2OC(O[C@H]12)(C)C)=C(/c1cc(OC)c(OC)c(OC)c1)\c1cc(O)c(OC)cc1,1,544.59698,5.7184801
362,O(C(=O)N(\N=N\c1nc(OCc2ccccc2)c2nc[nH]c2n1)C)c1ccc([N+](=O)[O-])cc1,1,448.39899,2.2000599
1132,s1cccc1C1N(N=C2C1Cc1c2cccc1)c1ccc(S(=O)([O-])=NC(=S)Nc2ccccc2)cc1,0,529.68903,5.8330002
397,S=C1N(CCN1\C=C(/C#N)\C(OC)=O)C(=O)c1occc1,1,305.314,-0.61199999
199,O=C(Nc1cc2NCC(c2cc1)(C)C)c1cccnc1NCc1ccncc1,0,373.45999,2.549
1001,Clc1cc2c(n(nc2N)C(=O)Nc2ccc(cc2)Cc2ccccc2)cc1,1,376.84698,5.3049998
367,S(CCC[NH+](C)C)c1[nH]c2c3c(ccc2n1)C(=O)c1c(cccc1)C3=O,1,366.465,3.457
794,O1[C@@H]2CC[C@@H]3C[C@@H](C=C([C@]23O)C1=O)C,0,194.23,1.25
835,s1c2N=C(N(\N=C\3/SC=C(N/3Cc3ccccc3)c3ccccc3)C(=O)c2c(C)c1C(=O)N)C,1,487.608,5.5250001
713,Clc1cc2SC=3N(c2cc1)C(=N)C(C#N)=C(N=3)Nc1ccc(OC)cc1,1,381.84698,4.5339999
1080,S=C1N(CCN1C(=O)c1occc1)C(=O)c1occc1,1,290.29901,-0.207
855,O(c1ccc(cc1)-c1nccc(c1)-c1cn(nc1-c1cc(cc(O)c1)C)CC#N)c1ccccc1,1,458.52099999999996,5.6859999000000006
1006,O=C1Nc2c(C=C1\C=C\C(=O)\C=C\C1=Cc3c(NC1=O)cccc3)cccc2,1,368.392,3.4549999
1162,Clc1ccccc1[C@@]1(O)C[C@@H](O[C@@H]1c1ccccc1Cl)CO,0,339.21799,4.0949998
371,S1c2c(N(c3c1cccc3)C(=O)n1cc(c3c1cccc3)C[NH+](C)C)cccc2,1,400.526,5.3559999000000005
932,Clc1ccc(-n2nc3c(c2)c(nnc3-c2nn(c(-c3ccccc3)c2C#N)-c2ccccc2)-c2nn(c(-c3ccccc3)c2C#N)-c2ccccc2)cc1,1,717.19598,9.3305902
882,FC(F)(F)c1cc(NC(=O)c2cc(Nc3nc(ccn3)-c3cccnc3)c(cc2)C)cc(-n2cc(nc2)C)c1,0,529.526,4.33676
214,O1[C@H]2[C@]34[C@@H]([C@@H](O)C1=O)[C@@H](C)[C@@H](O)[C@](OC3)(O)[C@@H]4[C@@]1([C@@H](C2)C(=CC(=O)[C@H]1O)C)C,1,394.41998,-0.41100001
226,s1ccnc1NC(=O)NC(CC)(C(F)(F)F)C(F)(F)F,0,321.245,2.4895201
950,Clc1cc(SCc2cc3OCOc3cc2)c(S(=O)(=O)NC(NO)=N)cc1-c1sc(nn1)-c1ccccc1,1,576.078,6.0640000999999994
529,o1nc(-c2nc3c(n2Cc2cc(OC)c(cc2)C)cccc3)c(n1)N,1,335.36699999999996,3.6540599
886,S1c2n(N=C1c1ccc(N)cc1)c(nn2)C,0,231.283,1.758
1019,O=C/1Nc2c(cc(NC(=O)CCCCCCC(=O)N[O-])cc2)\C\1=C\c1[nH]ccc1,1,395.439,2.4159999
945,Clc1ccc(cc1)-c1sc(cc1)-c1ccc(cc1)C(=[NH2+])N,1,313.832,5.0009999
1128,Clc1ccc(cc1)C1N(N=C(C1)c1cc(Nc2c3c([nH+]cc2)cc(Cl)cc3)ccc1)C=O,1,462.35999000000004,6.820000200000001
398,O1[C@]23[C@@H](O[C@H]4OC=C([C@H]([C@@H]24)C=C3)C(OC)=O)\C(=C/c2ccc(O)cc2)\C1=O,1,368.341,1.8219999999999998
166,O1c2c(C[C@H]3C[C@H]4C[C@@H]([C@@]13CO)C4(C)C)c(O)c(C(=O)CC(C)C)c(O)c2C=O,0,402.48699999999997,3.9300001000000004
900,Clc1nc(Cl)nc2ncn(c12)Cc1ccccc1CCl,1,327.60199,4.3710599000000006
613,O(C)c1cc(ccc1O)\C=C\C(=O)c1cc(N2C=C(NC2=O)c2ccc(OC)cc2)ccc1,1,442.47098,4.6500001
325,Clc1ccc(Nc2ncnc3c2cc(cc3)-c2cc(NS(=O)(=O)CC)c(OC)nc2)cc1C(OC)=O,1,527.98901,4.085
647,s1c2cc(OC(F)(F)F)ccc2nc1NC(=O)COc1cc(ccc1OC)\C=C\C(=O)c1cc(OC)c(OC)c(OC)c1,1,618.5849599999999,6.0489802
1177,[nH]1c2c(nc1-c1ccc(cc1)-c1nccc3c1[nH]c1c3cccc1)cccc2,1,360.41998,5.63553
366,O1[C@H]2[C@@H](CC\C(=C/CC[C@]3(O[C@H]23)C)\COC(=O)c2[nH]c3c(c2)cccc3)C(C[NH+](C)C)C1=O,1,453.55899000000005,3.181
169,O=C1N2N([C@@H]3CC[C@]4([C@@H](CC[C@@H]4[C@@H](CCCC(C)C)C)C3=CC2)C)C(=O)C=C1,1,384.564,5.380000099999999
91,O1[C@H](CO)[C@@H](O)[C@H](O)[C@@H](NC(=O)C)[C@@H]1OC[C@@]12[C@@H]3[C@H]([C@@H]4CC[C@H]([C@@H](CCCC(C)C)C)[C@]4(CC3)C)CCC1=C[C@@H](O)CC2,0,605.85699,4.4510002
509,S=C1N(CCN1C=O)C(=O)c1cc(OC)c(OC)c(OC)c1,0,324.35699,0.11947999999999999
808,O1[C@@H]2O[C@@]3(OO[C@]24[C@@H](CC[C@H]([C@@H]4CC3)C)[C@@H](C)[C@H]1OC1CCC(O[C@H]2O[C@@H]3O[C@@]4(OO[C@]35[C@@H](CC[C@H]([C@@H]5CC4)C)[C@H]2C)C)CC1)C,1,648.83398,9.7460003
517,O(C)c1c(OC)cc(cc1OC)C1N(N=C(C1)c1cc(OC)c(O)cc1)C(=O)C,1,400.431,2.7974801
40,Clc1cc2cc([nH]c2cc1)C(OC/C/1=C/CC[C@]2(O[C@@H]2[C@H]2OC(=O)C([C@@H]2CC\1)=C)C)=O,1,441.91098,4.2259998
1041,Ic1cnc(nc1NCCCNC(=O)c1sccc1)Nc1cc(NC(=O)N2CCCC2)ccc1,1,591.47797,3.1059999
33,O1[C@H]2[C@@H](CC\C(=C/CC[C@]3(O[C@@H]23)C)\COC(=O)CCC(=O)NCCCCCCCCNC(=O)CCC(OC/C/2=C/CC[C@]3(O[C@H]3[C@H]3OC(=O)C([C@@H]3CC\2)=C)C)=O)C(=C)C1=O,1,837.01996,4.1820002
1082,Clc1ccc(-n2nc(C(=O)n3nc(cc3C(F)(F)F)-c3occc3)c(O)c2)cc1,1,422.75,3.4642899
500,S(=O)(=O)(N)c1ccc(cc1)\C=C\c1cc(OC)cc(OC)c1,0,319.38097999999997,2.9610000000000003
287,O(C)c1cc(cc(OC)c1)-c1cc2c(nc1NC(=O)NC(C)(C)C)nc(nc2)NCCCC[NH+](CC)CC,0,524.69,3.9679998999999997
218,FC1(F)CC1C(=O)Nc1cc2c([nH]nc2-c2[nH]c3cc(N4CC(OCC4)C)ccc3n2)cc1,1,452.465,3.5669798999999998
936,Clc1ccc(-n2nc(C(=O)Nc3ccccc3)c(c2)C(=O)c2nn(c(-c3ccccc3)c2C#N)-c2ccccc2)cc1,0,569.02399,5.724
1089,O=C1c2[nH]cc3CCN=C(C=C1NCc1ccccc1)c23,1,277.327,1.851
108,O1C=C2[C@@H]([C@@]3([C@@H](C[C@@H]2OC(=O)C)[C@]2([C@H](C[C@H]3OC(=O)C)[C@@]3([C@@H](CC2)C(CCC3)(C)C)C)C)C)[C@@H]1OC(=O)C,0,530.7019700000001,5.8720002000000004
54,O1O[C@H](CC[C@@]1(CCC1C(CCCC1=C)(C)C)C)[C@H](C(=O)[O-])C,1,323.453,4.6690001
417,Brc1cc2c([nH]cc2-c2scc(n2)-c2c3cccnc3n(c2)CCOC)cc1,1,453.36397999999997,5.1240001
627,O(C)c1c(OC)cc(cc1OC)-c1nncn1-c1ccc(OC)cc1,1,341.36699999999996,3.01248
86,S=C1N(CCN1\C=C(/C(=O)c1ccccc1)\C(=O)C)C(=O)c1occc1,1,368.41299,1.155
306,S(c1nc2c(nc1-c1ccccc1)c(N)cc(N)c2)c1ccc(cc1)C(=O)N[C@@H](CCC(=O)[O-])C(OCC)=O,1,544.612,4.267530000000001
970,Fc1ccc(cc1)CNc1nc2c(nc1-c1ccccc1)c(N)cc(N)c2,1,359.40799,3.9235301
1009,OCC[NH+](Cc1ccc(cc1)\C=C\C(=O)N[O-])CCc1c2c([nH]c1)cccc2,1,379.45999,3.4539999999999997
863,[se]1c(ccc1C)C=1Nc2c(cc3OCOc3c2)C(=O)C=1,1,332.22,2.2720001
688,Clc1cc2[nH+]ccc(Nc3cc(ccc3)C3=NN(C=O)C(C3)c3ccc(OC)cc3)c2cc1,1,457.94097999999997,6.184
642,Fc1cc(ccc1)Cn1cc(c2c1cccc2)\C=C\C(=O)\C=C\c1ccc(OC)cc1,0,411.47598,7.399000200000001
62,S(=O)(=O)(Nc1ncccn1)c1ccc(NC(C[C@@H]2[C@]3([C@H](CCC2=C)[C@@](COC(=O)C)(C)[C@H](OC(=O)C)CC3)C)C2=CCOC2=O)cc1,1,666.7959599999999,3.6400001000000004
726,O(C)c1c(OC)cc(cc1OC)/C(=C/c1c2cc(OC)ccc2[nH]c1)/C#N,1,364.401,3.5514801
958,Ic1cc(C(=O)N)c(NC(=O)\C=C\c2ccccc2)cc1,1,392.19597999999996,3.6710000000000003
462,ClCC[NH2+]CCC(Oc1ccc(cc1OC)\C=C\C(=O)CC(=O)\C=C\c1cc(OC)c(OC(=O)CC[NH2+]CCCl)cc1)=O,0,637.55701,3.9534800000000003
563,O1C[C@H]2[C@@H]([C@@H](c3c(cc4OCOc4c3)[C@@H]2O)c2cc(OC)c(OC)c(OC)c2)C1=O,1,414.41,1.8884798999999999
334,S(=O)(=O)(Nc1cc(cnc1OC)-c1cc2c(ncnc2Nc2ccc(OC)cc2)cc1)CC,1,465.534,3.4730000000000003
386,Clc1cccc(Cl)c1\C=C\C=1Oc2c(C(=O)C=1)c(O)cc(O)c2[C@H]1CC[NH+](C[C@H]1O)C,1,463.33698,4.1360002
864,S\1C=C(N(/C/1=N/NC(=O)c1ccc(O)cc1)c1c(cccc1C)C)c1ccc(cc1)C,0,429.54400999999996,7.085
370,O(CC[NH+](C)C)c1ccc(cc1)-c1[nH]c(c(n1)-c1ccncc1)-c1cc2c(cc1)/C(=N/O)/CC2,0,454.55399000000006,3.9159998999999996
914,Clc1cc(Cl)ccc1C1=C(c2c3c(n(c2)C)cccc3)C(=O)NC1=O,1,371.22299,5.077000099999999
350,O1CC2=C(C=C3N(Cc4c3nc3c(c4)cccc3)C2=O)[C@@](O)(CC)C1=O,1,348.358,2.3039999
409,O=C/1N=C(N)N(C)\C\1=C/c1c2c(n(c1)Cc1ccc(cc1)C(OC)=O)cccc2,1,388.42699999999996,4.7859998
874,Clc1cc2[nH+]ccc(Nc3ccc(cc3)C3=NN(C=O)C(C3)c3ccc(cc3)C)c2cc1,1,441.94199000000003,6.4889998
117,O1c2c(cc(NC(OC(C)(C)C)=O)cc2)C(NC(=O)Nc2cc(ccc2)C#N)CC1(C)C,1,436.51199,4.184
1100,Fc1ccc(Nc2nc3NCC(=O)Nc3cn2)cc1,0,259.24399,0.294
139,O1c2c(cc(cc2O)\C=C\c2cc(O)c(C\C=C(\CCC=C(C)C)/C)c(O)c2)C[C@H]2[C@]1(C[C@@H](O)[C@@H](O)C2(C)C)C,0,548.71997,6.4860001
36,O1[C@H]2[C@@H](CC\C(=C/CC[C@]3(O[C@@H]23)C)\COC(=O)NCCCCCCCCNC(OC/C/2=C/CC[C@]3(O[C@H]3[C@H]3OC(=O)C([C@@H]3CC\2)=C)C)=O)C(=C)C1=O,1,724.89197,5.1160002
382,s1c2c(N(c3n(nnc3-c3ccccc3)C2=O)CCC[NH+]2CC[NH+](CC2)C)c2cccnc12,0,461.59399,3.0260000000000002
628,Fc1cc(-n2cnnc2-c2cc(OC)c(OC)c(OC)c2)ccc1OC,1,359.35699,3.2004799999999998
995,O1[C@H](CO)[C@@H](O)[C@@H](O)[C@@H]1n1cc(c2c1ncnc2N)-c1[nH]ccc1,1,331.332,-1.035
94,FC(F)(F)c1cc(cc(NC(=O)Nc2nc(ccn2)-c2ccc(nc2)-c2cc(NC(=O)C)ccc2)c1)C(F)(F)F,1,560.45801,4.4035201
511,o1c2c(ccc(OC)c2O)c(C(=O)c2cc(OC)c(OC)c(OC)c2)c1C,1,372.37299,2.9494801
140,Oc1ccc(cc1C\C=C(\CCC=C(C)C)/C)\C=C\c1cc(O)cc(O)c1,1,364.48499,5.670000099999999
558,O(c1nc2c(nc1-c1ccccc1)c(N)cc(N)c2)c1cc(OC)cc(OC)c1,1,388.42699999999996,3.9685299
282,O(C)c1ccccc1C[NH2+]CCCN1C(=O)c2c3c(ccc4c3c(cc2)C(=O)N(CCC)C4=O)C1=O,1,486.548,4.202000099999999
133,O1c2c(CC[C@]1(CC\C=C(\CC\C=C(\CCC=C(C)C)/C)/C)C)c1C[NH+](COc1cc2C)CCc1ccc(O)cc1,1,558.8269700000001,7.469999799999999
657,S1C(C[NH+]2CC[NH+](CC2)C)C(=O)N(NS(=O)(=O)C=2C(=O)N3C(=NC=2\N=C\c2ccc(OC)cc2)NN=C3C)C1c1sccc1,0,659.8170200000001,4.2459998
663,O(C)c1ccc(cc1)C(=O)\C=C\C1=Cc2c(NC1=O)cccc2,1,305.33301,3.3940001000000004
1055,Clc1ccc(cc1O)-c1nn(cc1-c1ccncc1)-c1cc(NC(=O)c2cc(C(F)(F)F)c(N3CCOCC3)cc2)ccc1,0,620.0310099999999,5.94276
285,S(SC(=S)N(CC)CC)(=O)(=O)c1ccccc1[N+](=O)[O-],0,334.44101,2.7490001
1172,O(CCN(CCOc1ccc(O)cc1)c1ccccc1)c1ccc(O)cc1,1,365.42899,4.349
901,Clc1ncnc2ncn(c12)Cc1ccccc1CCl,1,293.15698,3.41206
591,FC(F)(F)c1cc(cc(NC(=O)Nc2ccc(Oc3cc4cc(OC)c(OC)cc4nc3C)cc2)c1)C(F)(F)F,1,565.46997,6.3172597999999995
42,O1[C@H]2[C@@H](CC\C(=C/CC[C@]3(O[C@H]23)C)\COC(=O)c2oc3c(c2)cccc3)C(=C)C1=O,1,408.44998,3.5810001000000002
388,[Si](O[C@H]1[C@@H](O[Si](C(C)(C)C)(C)C)[C@@H](O[C@@H]1CNC(=O)NC)n1c2ncnc(NC(=O)Nc3ccccc3)c2nc1)(C(C)(C)C)(C)C,1,670.9619799999999,2.5208001
875,O1CC(Cc2ccc(cc2)C)C(=O)c2c1cccc2,0,252.31298999999999,3.3540001000000004
672,S1c2c(N(c3c1cccc3)C(=O)c1cc(F)c(OC)cc1)cccc2,1,351.401,4.9089999
1035,Clc1cc(\C=N\NC(=O)c2ccccc2Nc2cc([nH+]cc2)C(F)(F)F)c(O)cc1,1,435.81299,5.42276
177,S1C(=Cc2c(cccc2)C1=O)C(OC(C)C)=O,0,248.30200000000002,3.6340001
636,O(C)c1c(OC)cc(cc1OC)/C(=C/c1cc(O)c(OC)cc1)/C(O)C,1,360.40601000000004,3.3204801
187,s1c2c(cc1C(O)C)C(=O)c1sccc1C2=O,1,264.32501,1.88
778,S(=O)(=O)(Nc1cc2CN(C)C(=O)Nc2cc1)c1ccccc1OC,0,347.39499,1.5959999999999999
12,O(C(=O)\C(=C/C)\C)[C@@H]1CC(C[C@H]2C3=CC[C@H]4[C@](CC[C@@H]5[C@@]4(CC[C@H](O)C5(C)C)C)(C)[C@@]3(CC[C@@]12C(=O)[O-])C)(C)C,1,553.80402,6.850999799999999
77,O(CC)C(=O)n1cc(c2c1cccc2)[C@@H]([NH2+][C@H](CO)c1ccccc1)CC=C,0,379.47997999999995,4.5970001
335,S(=O)(=O)(Nc1cc(cnc1OC)-c1cc2c(ncnc2Nc2ccc(OC)nc2)cc1)CC,1,466.522,2.645
294,O(C)c1c(OC)cc(cc1OC)C1N(N=C(C1)c1ccc(N(CC)CC)cc1)C(=O)C,1,425.52899,3.7114799
0,O[C@@H](\C=C\CCCCCCCCC\C=C/CCCCCC)C#C,1,318.54498,6.9499998
37,O1[C@H]2[C@@H](CC\C(=C/CC[C@]3(O[C@@H]23)C)\COC(=O)NCCCCCNC(OC/C/2=C/CC[C@]3(O[C@H]3[C@H]3OC(=O)C([C@@H]3CC\2)=C)C)=O)C(=C)C1=O,1,682.81097,3.79
405,O1c2c(OC1)cc1c(c2)C(=O)[C@@H](CO)[C@H](C(OC)=O)[C@@H]1c1cc(OC)c(OC)c(OC)c1,0,444.43597,1.3324799999999999
1042,S1C=Cn2c1nc(c2-c1nc(ncc1)NCCNC(=O)c1ccccc1O)-c1cc(O)ccc1,1,472.52899,2.1925299
544,O(C)c1c(OC)cc(Nc2nc3N(CC(=O)Nc3cn2)C)cc1OC,0,345.35898,-0.14951999
612,O(C)c1c(OC)cc(cc1OC)\C=C\C(=O)c1cc(N2C=C(NC2=O)c2ccc(OC)cc2)ccc1,1,486.52399,4.4084802000000005
1043,Clc1cc(Cl)ccc1S(=O)(=O)NNC(=O)c1cccnc1Nc1ccc(Cl)cc1,0,471.75198,4.678
167,O1c2c(C[C@H]3C[C@H]4C[C@@H]([C@@]13CO)C4(C)C)c(O)c(C(=O)CC(C)C)c(O)c2C(=O)CC(C)C,0,458.595,5.131
345,[As](SCC(O)CO)(CC)CC,1,240.19898999999998,0.57999998
1026,Clc1cc(Cl)ccc1C=1Sc2n(N=1)c(nn2)CCC(=O)c1[nH]c2c(n1)cccc2,1,443.31799,4.2930002
991,Fc1ccc(cc1)-c1cc2c([nH]cc2-c2nc(ncc2)N)nc1,1,305.31597999999997,2.4760001
539,O(C)c1cc(NC(CCC[NH2+]C(CCC[NH2+]C(CCC[NH2+]C(CCC[NH3+])C)C)C)C)c2nc(ccc2c1)C(C)(C)C,0,574.94299,6.5380001
916,Brc1ccc(cc1)C=1NC(=O)C(C#N)=C(C=1)c1n(ccc1)C,0,354.207,3.5840001000000004
536,O(C)c1cc(NC(CCC[NH2+]C(CCC[NH3+])C)C)c2ncccc2c1,0,346.51898,3.168
