,Smiles,Label,Weight,logP(o/w)
121,O1[C@@H](C[C@]2(O[C@@]3(CC2)[C@@]2([C@@H](CC=C3C)C(CCC2)(C)C)C)C)[C@@H]1CO,0,348.52698,4.5809999
223,O(C)c1c2c(ccc1)C(=O)C([O-])=C(CC=C(C)C)C2=O,0,271.29199,2.381
293,O1[C@H](CC=CC1=O)\C=C\C1CCCCC1,0,206.28499,3.0069999999999997
88,O1[C@@H]2c3c([C@@]4([C@@H](C2)C(CCC4)(C)C)C1=O)c(O)c(O)c(c3)C(C)C,1,330.42398,5.3319998
79,O(CC=C(C)C)C1=C(CC=C(C)C)C(=O)c2c(C1=O)c(O)ccc2,0,326.392,3.0739999
43,Clc1c2[nH]c3c(C[C@]4([C@@H](CC[C@@]5([C@@H]4CC[C@@H]4[C@@H]6[C@@](CC[C@]45C)(CC[C@H]6C(C)=C)C(=O)[O-])C)C3(C)C)C)c2ccc1,0,561.22998,8.9499998
96,O1C2=C(CCC1(C)C)C(=O)c1c(cccc1)C2=O,0,242.27399,2.7149999
17,S=C(N1CC[NH2+]CC1)[N-]\N=C(/C)\c1ccc(O)cc1,1,278.38,1.23
281,O1CC[NH+](CC1)CCNc1nc(N)c2[N+]([O-])=C(C(=O)c2n1)c1ccccc1,1,369.405,-0.215
229,S(C)c1nc(N)c2[N+]([O-])=C(C(=O)c2n1)c1ccc(cc1)C,0,300.34201,1.585
257,O1c2c(CCC1(C(OC(C(=O)NCCc1ccccc1)c1no[n+]([O-])c1C)=O)C)c(C)c(O)c(C)c2C,0,509.55899000000005,3.9530001000000006
82,O(C(C)(C)C)C(=O)C#CC(O\C=C\C(OC(C)(C)C)=O)C(C)C,1,324.41699,4.5700002
62,O1C=CC2C(CC[C@H]2O)C1OC(=O)C,0,198.218,0.36399999
107,O1[C@@]2(CC[C@]1(CC(=O)N(Cc1ccccc1)C(C(=O)NC(C)(C)C)(C)C)C)[C@@]1([C@@H](CC=C2C)C(CCC1)(C)C)C,1,550.828,7.431000200000001
22,O1[C@H]/2[C@@H](CC\C(=C\CC\C(=C\2)\C)\C)[C@H](C[NH+]2CC(O)CC2)C1=O,0,320.453,1.1840000000000002
288,[Se](CC(=O)Nc1c2CCCCc2[nH+]c2c1cccc2)c1ccccc1,0,396.375,3.8659999
306,S=C(N1CC[NH2+]CC1)[N-]\N=C\c1ccccc1,1,248.354,1.6119999999999999
216,O1c2c(ccc(OC)c2)C(=CC1=O)c1cc(O)c(OC)cc1,1,298.29401,3.5569998999999997
211,O(C)C1=CC=C2c3c(cc(OC)c(OC)c3OC)CC[C@H](NC(=O)CCCCCCCCCn3nnc(c3)CCCC(OCCNc3nc(nc(n3)NCc3ccc(OC)cc3)NCc3ccc(OC)cc3)=O)C2=CC1=O,1,1057.2629,6.4344802
240,S=C(NC1CCCCC1)NC[C@]1(O)CC[C@H]2[C@H]3[C@H](CC[C@]12C)[C@@]1([C@H](C[C@@H](O)CC1)CC3)C,0,462.74298,5.6979999999999995
214,O(C)C1=CC=C2c3c(cc(OC)c(OC)c3OC)CC[C@H](NC(=O)CCCCCCCCCn3nnc(c3)CNc3nc(nc(n3)NCc3ccc(OC)cc3)NCc3ccc(OC)cc3)C2=CC1=O,1,957.1460000000001,6.0474801
135,S=C(NC[C@]1(O)CC[C@H]2[C@H]3[C@H](CC[C@]12C)[C@@]1([C@H](C[C@@H](O)CC1)CC3)C)NCCCC,0,436.70499,5.1160002
271,[Se](CCCCCCCCCCCCNc1c2CCCCc2[nH+]c2c1cccc2)C#N,0,471.57397000000003,6.801000099999999
117,O1[C@@]2(CC[C@]1(CCOC(=O)NCCC[NH+](C)C)C)[C@@]1([C@@H](CC=C2C)C(CCC1)(C)C)C,1,435.673,5.3249998
239,O[C@]1(CC[C@H]2[C@H]3[C@H](CC[C@]12C)[C@@]1([C@H](C[C@@H](O)CC1)CC3)C)C[NH3+],0,322.513,3.3840001
98,O1C2=C(CCC1(C)C)C(=O)C(=O)c1cc(O)ccc12,1,258.27297999999996,2.444
183,O(C)C1=C(CC=C(C)C)C(=O)c2c(cccc2O)C1=O,0,272.29999,2.26
93,O1C2=C(C=CC1(C)C)C(=O)c1c(C2=O)c(O)ccc1,1,256.25699,2.5190001
154,O1CC2=C(C=C3N(Cc4c3nc3c(c4)cccc3)C2=O)[C@@](O)(CC)C1=O,1,348.358,2.3039999
222,O1C2=C(CCC1(C)C)C(=O)C(=O)c1c2cccc1OC,1,272.29999,2.6689998999999998
123,O(C(=O)C#CC(O\C=C\C(OC)=O)CC)C,1,226.22799999999998,1.7920001
149,P(OCC)(OCC)(=O)C([NH2+]Cc1occc1)c1c2c(cc3c1cccc3)cccc2,0,424.457,4.71
218,O(C)c1cc2c(cc1)C(=O)C(CC=C(C)C)=C([O-])C2=O,0,271.29199,2.4200001
25,O1[C@H]/2[C@@H](CC\C(=C\CC\C(=C\2)\C)\C)[C@H](C[NH+]2CCCC2)C1=O,0,304.45398,2.1989999
190,O(C(=O)c1cc(ccc1)C)c1ccc(cc1OC)\C=C\[N+](=O)[O-],1,313.30899,3.8717401
54,O1c2c(CCC1(C(=O)N(C(CCC=C)C(=O)NC(C)(C)C)c1ccccc1)C)c(C)c(O)c(C)c2C,1,492.66,5.941999900000001
260,O1c2c(CCC1(C(OC(C(=O)NCCc1ccccc1)c1no[n+]([O-])c1C)=O)C)c(C)c(OCc1ccccc1)c(C)c2C,1,599.68396,6.005000099999999
241,S=C(Nc1ccccc1)NC[C@]1(O)CC[C@H]2[C@H]3[C@H](CC[C@]12C)[C@@]1([C@H](C[C@@H](O)CC1)CC3)C,0,456.69500999999997,5.454
33,O=C([O-])C(=C)[C@H]1CC=2[C@@](CC1)(CCCC=2C)C,1,233.33098999999999,2.7179999
308,S(=O)(CC#Cc1ccccc1C#CCO)c1ccccc1,0,294.37399,3.267
110,O1[C@@]2(CC[C@]1(CC(=O)N(Cc1ccccc1)C(C(=O)NCc1ccccc1)(C)C)C)[C@@]1([C@@H](CC=C2C)C(CCC1)(C)C)C,1,584.84497,8.0089998
36,O[C@@H]1C[C@H](C)[C@]2(C[C@@H](CCC2=C1)C(C(OC)=O)=C)C,1,264.36499,2.3840001
186,S(C[C@H]1O[C@@H](OCc2onc(c2)-c2cc(OC)c(OC)c(OC)c2)[C@@H]2OC3(O[C@H]12)CCCC3)c1[nH]ncn1,0,546.60101,3.3264799
262,S=C(N1CC[NH2+]CC1)[N-]\N=C\c1ccc(cc1)C,1,262.38101,1.91
66,[Si](O[C@H]1[C@@H]2[C@H]([C@@H](C1)C)[C@H](OC=C2)OC(=O)C)(C(C)(C)C)(c1ccccc1)c1ccccc1,1,450.64999000000006,6.1479998
68,[Si](OC[C@H]1O[C@H](O[C@@H]2OC=C[C@@H]3[C@H]2[C@]2(O[C@H]2[C@H]3O)CO[Si](C(C)(C)C)(C)C)[C@H](O)[C@@H](O)[C@@H]1O)(C(C)(C)C)(C)C,1,590.85699,0.391
52,Oc1c2c(ccc1)C(=O)C(C(C=C)(C)C)=C([O-])C2=O,0,257.26498,3.3410001000000005
85,O=C([O-])[C@]12[C@@H]([C@H]3CC[C@H]4[C@](CC[C@@H]5[C@@]4(Cc4c(n(c6c4cccc6)C)C5(C)C)C)(C)[C@@]3(CC1)C)[C@@H](CC2)C(C)C,0,542.828,9.8640003
213,O(C)C1=CC=C2c3c(cc(OC)c(OC)c3OC)CC[C@H](NC(=O)COCCOCCOCCOCCOCCOCCOCCOCCOCCOCCOCC(OCCNc3nc(nc(n3)NCc3ccc(OC)cc3)NCc3ccc(OC)cc3)=O)C2=CC1=O,1,1306.4709,-0.06738000400000001
144,O(C(=O)C#CC(O\C=C\C(OCC)=O)C(C)C)CC,1,268.30899,2.832
287,s1c(nnc1SC[C@H]1O[C@@H](OCc2nc(on2)-c2ccc([N+](=O)[O-])cc2)[C@@H]2OC3(O[C@H]12)CCCC3)N,0,534.57397,4.1479998
294,Fc1ccc(cc1)\C=C\[C@@H]1OC(=O)C=CC1,0,218.22699,3.145
99,O1C2=C(CCC1(C)C)C(=O)C(=O)c1c2cccc1O,1,258.27297999999996,2.405
165,O=Nc1c(ncnc1NC)NCCc1ccccc1,1,257.297,1.525
176,O(C(=O)C#CC(O\C=C\C(OC)=O)C(C)c1ccccc1)C,1,302.32599,3.0829999
162,O=C(N[C@@H](CCC(=O)[O-])C(=O)[O-])c1ccc(N(Cc2nc3c(nc(nc3N)N)nc2)C)cc1,1,452.431,-0.19841
129,O(C(=O)C#CC(O\C=C\C(OC)=O)CCCCCC)C,1,282.336,3.5599998999999998
291,O1[C@@H](CC=CC1=O)\C=C\C1CCCCC1,0,206.28499,3.0069999999999997
188,s1c(nnc1SC[C@H]1O[C@@H](OCc2nc(on2)-c2cc(OC)c(OC)c(OC)c2)[C@@H]2OC3(O[C@H]12)CCCC3)N,0,579.65497,3.6544800000000004
194,O(C)C1=CC=C2c3c(cc(OC)c(OC)c3OC)CC[C@H]([NH3+])C2=CC1=O,1,358.414,2.0394799999999997
124,O(C(=O)C#CC(O\C=C\C(OC)=O)C(CC)C)C,1,254.282,2.592
143,O(C(=O)C#CC(O\C=C\C(OC)=O)C(C)C)CC,1,254.282,2.4909999
132,O(C(=O)C#C[C@@H](O\C=C\C(OC)=O)CCCCC)C,1,268.30899,3.1180000000000003
50,O[C@]1([C@@H]2C[C@@H](CC[C@]2(CCC1)C)C(CO)=C)C,1,238.37098999999998,2.8759999
279,O1CCN(CC1)c1nc(N)c2[N+]([O-])=C(C(=O)c2n1)c1ccccc1,0,325.328,0.17600000000000002
80,O(CC=C(C)C)C1=CC(=O)c2c(cccc2O)C1=O,0,258.27297999999996,2.1889998999999998
263,N(=C\c1c2c(cc3c1cccc3)cccc2)/c1ccc(cc1)C,0,295.38498,6.3130002
298,O1[C@H](CC=CC1=O)[C@H]1C[C@@H]1c1ccccc1,0,214.26398999999998,2.6700001
232,Oc1cc2CC[C@H]3[C@@H]4CC[C@@](O)(C[NH3+])[C@]4(CC[C@@H]3c2cc1)C,0,302.43799,3.0009999
81,O(CC=C(C)C)C1=CC(=O)c2c(C1=O)c(O)ccc2,0,258.27297999999996,2.1889998999999998
301,O1[C@H]2[C@@H](OC13CCCC3)[C@@H](O[C@@H]2CO)OCc1nc(on1)-c1ccc([N+](=O)[O-])cc1,0,419.38998,2.4730000000000003
304,S=C(N1CC[NH2+]CC1)[N-]\N=C\c1ccc(O)cc1,1,264.353,1.304
139,O=Nc1c(ncnc1NC)NCCC,1,195.226,0.60399997
209,O(C)C1=CC=C2c3c(cc(OC)c(OC)c3OC)CC[C@H](NC(=O)CCn3nnc(c3)CCCCC(OCCNc3nc(nc(n3)NCc3ccc(OC)cc3)NCc3ccc(OC)cc3)=O)C2=CC1=O,1,973.10095,3.7824800000000005
59,O1c2c(CCC1(C(=O)N(C(C(=O)NC(C)(C)C)c1cc(OCC=C)ccc1)c1ccccc1)C)c(C)c(O)c(C)c2C,1,570.72998,7.192999799999999
9,Clc1nc2N(C=C(C(=O)NCCCOC(=O)[C@@H](NC(OC(C)(C)C)=O)C)C(=O)c2cc1)CC#C,1,490.944,2.5069999999999997
27,O1[C@H]/2[C@@H](CC\C(=C\CC\C(=C\2)\C)\C)[C@H](C[NH+]2CC[NH+](CC2)C\C=C\c2ccccc2)C1=O,0,436.63998,3.6240001000000004
37,O(C(=O)C(=C)[C@H]1CC=2[C@@](CC1)(CCCC=2C)C)C,1,248.36599999999999,2.8610001
6,Clc1nc2N(C=C(C(=O)NC(CC(=O)NC3CCCC3)c3ccccc3)C(=O)c2cc1)CC#C,1,476.96399,3.7460001000000003
136,S=C(NC[C@]1(O)CC[C@H]2[C@H]3[C@H](CC[C@]12C)c1c(cc(O)cc1)CC3)NCCCC,1,416.63,4.7329998
11,Clc1nc2N(C=C(C(=O)NCCCOC(=O)[C@H]3OC(N(C(OC(C)(C)C)=O)[C@@H]3c3ccccc3)(C)C)C(=O)c2cc1)CC#C,1,623.10596,5.3210001
258,O1c2c(CCC1(C(OC(C(=O)NCc1ccccc1)c1ccccc1)=O)C)c(C)c(O)c(C)c2C,0,473.569,5.907000099999999
30,S1CC[NH+](CC1)C[C@H]1[C@H]2[C@H](OC1=O)\C=C(\CC\C=C(\CC2)/C)/C,0,336.51999,1.869
42,O[C@H]1CC[C@]2([C@@H](CC[C@@]3([C@@H]2CC[C@@H]2[C@@H]4[C@@](CC[C@]23C)(CC[C@H]4C(C)=C)C(=O)[O-])C)C1(C)C)C,0,455.70300000000003,6.847000099999999
249,O1c2c(CCC1(C(=O)N(C(C(=O)NC1CCCCC1)c1ccccc1)c1ccccc1)C)c(C)c(O)c(C)c2C,1,540.70398,7.307000200000001
104,O1[C@@]2(CC[C@]1(C\C=C(\CO)/C)C)[C@@]1([C@@H](CC=C2C)C(CCC1)(C)C)C,0,346.55499,5.1069999
182,Oc1cc2CC[C@H]3[C@@H]4CC[C@@](O)(CNC(OC)=O)[C@]4(CC[C@@H]3c2cc1)C,1,359.466,3.4560001000000002
204,O(C)c1c(OC)cc(cc1OC)\C=C/c1cc(O)c(OC)cc1,1,316.353,3.6344800000000004
76,Oc1c2c(ccc1)C(=O)C([O-])=C(CC=C(C)C)C2=O,1,257.26498,2.1170001
227,O1C2=C(CCC1(C)C)C(=O)C(=O)c1c2c(OC)ccc1,1,272.29999,2.6689998999999998
201,O(C(=O)c1ccccc1)c1cc(ccc1OC)\C=C(\[N+](=O)[O-])/C,1,313.30899,4.199739900000001
4,Clc1nc2N(C=C(C(=O)NC(C(=O)Nc3ccccc3)c3ccccc3)C(=O)c2cc1)CC#C,1,470.91599,3.7750001
97,O1C2=C(CCC1(C)C)C(=O)C(=O)c1c2c(O)ccc1,1,258.27297999999996,2.405
126,O(C(=O)C#CC(O\C=C\C(OC)=O)CCCC)C,1,254.282,2.6760001
264,[Se]=C(Nc1ccc(cc1)C)NCCCCCCNc1c2CCCCc2[nH+]c2c1cccc2,1,494.56799,7.110000099999999
235,O1[C@]2(CC[C@H]3[C@H]4[C@H](CC[C@]23C)c2c(cc(O)cc2)CC4)CN=C1NC1CCCCC1,1,408.586,6.1609998
131,O1[C@@]2(CC[C@]1(CCn1nnc(c1)CCCCCCCCCC)C)[C@@]1([C@@H](CC=C2C)C(CCC1)(C)C)C,0,497.81198,8.673000300000002
69,[Si](OC[C@]12O[C@H]1[C@@H](O)[C@H]1[C@@H]2[C@@H](OC=C1)O[C@H]1O[C@H](CO)[C@@H](O)[C@H](O)[C@H]1O)(C(C)(C)C)(C)C,0,476.59399,-1.7269999999999999
151,O(C(=O)c1ccccc1)c1ccc(cc1OCC)\C=C(\[N+](=O)[O-])/C,0,327.336,4.54074
277,O=C1c2nc(nc(N)c2[N+]([O-])=C1c1ccccc1)N1CCCCC1,1,323.35598999999996,1.584
84,O=C1C=C2[C@@]3([C@@H](CC[C@@]2(O)C=C1C(C)C)C(CCC3)(C)C)C,0,302.45801,4.3740001
163,O=C1c2nc(nc(N)c2[N+]([O-])=C1c1ccccc1)N1CC[NH+](CC1)C,0,339.379,0.13500001
315,[Se]([Se]CCCCCNc1c2CCCCc2[nH+]c2c1cccc2)CCCCCNc1c2CCCCc2[nH+]c2c1cccc2,1,694.73401,8.1479998
157,O=C1c2ncnc(N)c2[N+]([O-])=C1c1ccc(cc1)CC,0,268.276,1.101
92,ICC1OC2=C(C1(C)C)C(=O)c1c(cccc1O)C2=O,1,384.16901,3.0929999
28,O1[C@H]/2[C@@H](CC\C(=C\CC\C(=C\2)\C)\C)[C@H](C[NH+]2CCN(CC2)c2ccc(O)cc2)C1=O,0,411.56597999999997,2.5380001
171,O(C(=O)C#CC(O\C=C\C(OC)=O)CC(C)C)C,1,254.282,2.592
282,O=C1c2nc(nc(N)c2[N+]([O-])=C1c1ccccc1)NCCc1ccccc1,0,359.38901,2.2179999
280,O=C1c2nc(nc(N)c2[N+]([O-])=C1c1ccccc1)NCC[NH+]1CCCC1,1,353.40601000000004,0.75099999
18,S=C(N1CC[NH2+]CC1)[N-]\N=C(/C)\c1cc([N+](=O)[O-])ccc1,1,307.37799,1.51
109,O1[C@@]2(CC[C@]1(CC(=O)N(Cc1ccccc1)C(C(=O)NCC[NH+]1CCOCC1)(C)C)C)[C@@]1([C@@H](CC=C2C)C(CCC1)(C)C)C,0,608.888,5.664
24,O1[C@H]/2[C@@H](CC\C(=C\CC\C(=C\2)\C)\C)[C@H](C[NH+]2CC(CCC2)C)C1=O,0,332.50800000000004,2.9990001
244,O[C@@H]1CC2=CC[C@H]3[C@@H]4CC=C(n5c6c(nc5)cccc6)[C@]4(CC[C@@H]3[C@]2(CC1)C)C,1,388.55499,4.5149999
64,[Si](O[C@H]1[C@H]2[C@@H]([C@H](C1)C)[C@@H](OC=C2)OC(=O)C)(C(C)(C)C)(c1ccccc1)c1ccccc1,1,450.64999000000006,6.1479998
195,O(C)c1cc2c(cc1C(C)C)C(=O)C=C1[C@@]2(CCCC1(C)C)C,0,312.453,5.922999900000001
203,O(C)c1ccc(cc1O)\C=C\[N+](=O)[O-],0,195.174,1.882
16,Clc1ccc(cc1)/C(=N/[N-]C(=S)N1CC[NH2+]CC1)/C,1,296.82599,2.1300001
246,O1c2c(CCC1(C(=O)N(C(C(=O)NC(C)(C)C)c1cc(OCCCO[N+](=O)[O-])ccc1)c1ccccc1)C)c(C)c(O)c(C)c2C,1,633.742,7.012000099999999
83,O1[C@]23C([C@@]4([C@@H](CC2)C(CCC4)(C)C)C1)=C(O)C(=O)C(=C3)C(C)C,0,316.44097999999997,3.957
274,Oc1c2c(ccc1)C(=O)C=C(N)C2=O,1,189.17,0.74699998
34,O[C@]1([C@@H]2C[C@@H](CC[C@]2(CCC1)C)C(C(=O)[O-])=C)C,1,251.34599,3.1960001
237,O1[C@]2(CC[C@H]3[C@H]4[C@H](CC[C@]23C)c2c(cc(O)cc2)CC4)CNC1=O,1,327.42398,3.7980001000000003
187,S(C[C@H]1O[C@@H](OCc2nc(on2)-c2cc(OC)c(OC)c(OC)c2)[C@@H]2OC3(O[C@H]12)CCCC3)c1[nH]ncn1,0,547.5889900000001,2.56848
207,O(C)C1=CC=C2c3c(cc(OC)c(OC)c3OC)CC[C@H](NC(=O)CCCCCn3nnc(c3)CCCCCCCCCCCCCCCC(OCCNc3nc(nc(n3)NCc3ccc(OC)cc3)NCc3ccc(OC)cc3)=O)C2=CC1=O,1,1169.479,9.97048
236,O1[C@]2(CC[C@H]3[C@H]4[C@H](CC[C@]23C)c2c(cc(O)cc2)CC4)CN=C1Nc1ccccc1,1,402.53799,5.9169998
21,O1[C@H]/2[C@@H](CC\C(=C\CC\C(=C\2)\C)\C)[C@H](C[NH+]2CCC(CC2)CO)C1=O,0,348.50699,1.7920001
101,O1C2=C(CCC1(C)C)C(=O)C(=O)c1c2cccc1,1,242.27399,2.7149999
208,O(C)C1=CC=C2c3c(cc(OC)c(OC)c3OC)CC[C@H](NC(=O)CCn3nnc(c3)CCCCCCCCC(OCCNc3nc(nc(n3)NCc3ccc(OC)cc3)NCc3ccc(OC)cc3)=O)C2=CC1=O,1,1029.2089999999998,5.550479900000001
146,O1c2c(CCC1(C(=O)N(C(C(=O)NCCc1ccccc1)c1ccccc1)CC(OCC)=O)C)c(C)c(O)c(C)c2C,0,572.7019700000001,5.6599998
3,Clc1nc2N(C=C(C(=O)NC(C(=O)NC3CCCC3)c3ccccc3)C(=O)c2cc1F)CC#C,1,480.92699999999996,3.846
58,O=Nc1c(ncnc1NC)NCC=C,1,193.20999,0.31099999
206,O(C)c1ccc(cc1)CNc1nc(nc(n1)NCCO)NCc1ccc(OC)cc1,1,410.478,1.3099999
160,Oc1c2c(ccc1)C(=O)C=C(N(C)C)C2=O,1,217.22400000000002,1.334
111,O1[C@@]2(CC[C@]1(CC(=O)N(Cc1ccccc1)C(C(=O)Nc1c(cccc1C)C)(C)C)C)[C@@]1([C@@H](CC=C2C)C(CCC1)(C)C)C,1,598.8720099999999,8.467
250,O1c2c(CCC1(C(=O)N(C(C(=O)NCCc1ccccc1)c1cc(OCCCO[N+](=O)[O-])ccc1)c1ccccc1)C)c(C)c(O)c(C)c2C,1,681.7860099999999,7.678
70,[Si](OC[C@H]1O[C@H](O[C@@H]2OC=C[C@@H]3[C@H]2[C@]2(O[C@H]2[C@H]3O)CO[Si](C(C)(C)C)(c2ccccc2)c2ccccc2)[C@H](O)[C@@H](O)[C@@H]1O)(C(C)(C)C)(c1ccccc1)c1ccccc1,1,839.14099,7.007000000000001
140,O1[C@@]2(CC[C@]1(C\C=C(\C(OCC)=O)/C)C)[C@@]1([C@@H](CC=C2C)C(CCC1)(C)C)C,0,388.59198,5.9109998
230,S(C)c1nc(NCC[NH+]2CCOCC2)c2[N+]([O-])=C(C(=O)c2n1)c1ccccc1,0,400.483,1.0490000000000002
303,FC1=CNC(=O)NC1=O,1,130.078,-0.85799998
113,O1[C@@]2(CC[C@]1(CC(=O)N(C(C(=O)Nc1c(cccc1C)C)(C)C)c1ccccc1)C)[C@@]1([C@@H](CC=C2C)C(CCC1)(C)C)C,1,584.84497,8.3330002
296,O1[C@H](CC=CC1=O)\C=C\c1ccccc1,0,200.237,2.9920001
150,P(OCC)(OCC)(=O)C(Nc1ccc(cc1)C)c1c2c(cc3c1cccc3)cccc2,0,433.48801,6.1589999
314,[Se](CCCCCNc1c2CCCCc2[nH+]c2c1cccc2)CCCCCNc1c2CCCCc2[nH+]c2c1cccc2,1,615.771,8.1479998
7,Clc1nc2N(C=C(C(=O)NC(CC(=O)Nc3ccccc3)c3ccccc3)C(=O)c2cc1F)CC#C,1,502.93298,4.0510001
75,Oc1c2c(ccc1)C(=O)C(CC=C(C)C)=C([O-])C2=O,0,257.26498,2.1170001
275,Clc1cc(NC(=O)c2sc3nc4c(cc3c2N)C(=O)CCC4)ccc1,1,371.84799,2.9170001
29,O1[C@H]/2[C@@H](CC\C(=C\CC\C(=C\2)\C)\C)[C@H](C[NH+]2CCOCC2)C1=O,0,320.453,1.2329999999999999
159,Oc1c2c(ccc1)C(=O)C(N(C)C)=CC2=O,0,217.22400000000002,1.334
243,O1[C@]2(CC[C@H]3[C@H]4[C@H](CC[C@]23C)[C@@]2([C@H](C[C@@H](O)CC2)CC4)C)CNC1=O,1,347.49899,4.1810002
161,O=C1c2nc(nc(N)c2[N+]([O-])=C1c1ccccc1)NCCC[NH+](C)C,1,341.39499,0.66100001
19,O1[C@H]/2[C@@H](CC\C(=C\CC\C(=C\2)\C)\C)[C@H](C[NH+](C)C)C1=O,1,278.41598999999997,1.6670001
5,Clc1nc2N(C=C(C(=O)NC(CC(=O)NC3CCCC3)c3ccccc3)C(=O)c2cc1F)CC#C,1,494.95398,3.9339999999999997
305,Clc1ccc(cc1)\C=N\[N-]C(=S)N1CC[NH2+]CC1,1,282.79901,2.204
153,O(CC)c1ccc(Nc2ncnc(NC)c2N=O)cc1,0,273.29599,1.681
44,Fc1c2[nH]c3c(C[C@]4([C@@H](CC[C@@]5([C@@H]4CC[C@@H]4[C@@H]6[C@@](CC[C@]45C)(CC[C@H]6C(C)=C)C(=O)[O-])C)C3(C)C)C)c2ccc1,1,544.77496,8.5109997
224,O1C2=C(CCC1(C)C)C(=O)c1c(cccc1OC)C2=O,0,272.29999,2.6689998999999998
8,Clc1nc2N(C=C(C(=O)NC(CC(=O)Nc3ccccc3)c3ccccc3)C(=O)c2cc1)CC#C,1,484.94299,3.8629998999999997
212,O(C)C1=CC=C2c3c(cc(OC)c(OC)c3OC)CC[C@H](NC(=O)CCn3nnc(c3)CCC(OCCNc3nc(nc(n3)NCc3ccc(OC)cc3)NCc3ccc(OC)cc3)=O)C2=CC1=O,1,945.047,2.8984799
253,S(=O)(=O)(c1[n+](onc1Oc1cc(ccc1)C(OC(=O)C1(Oc2c(CC1)c(C)c(O)c(C)c2C)C)C(=O)NC(C)(C)C)[O-])c1ccccc1,1,679.7470099999999,6.3759999
299,Clc1ccc(cc1)\C=C\[N+](=O)[O-],0,183.59399,2.7909999
191,S(C[C@H]1O[C@@H](OCC2ON=C(C2)c2cc(OC)c(OC)c(OC)c2)[C@@H]2OC3(O[C@H]12)CCCC3)c1[nH]ncn1,0,548.617,3.2614801
73,O1C2=C(CC1C(O[N+](=O)[O-])(C)C)C(=O)c1c(cccc1O)C2=O,1,319.26898,2.1229999
313,S(SCCCCCNc1c2CCCCc2[nH+]c2c1cccc2)CCCCCNc1c2CCCCc2[nH+]c2c1cccc2,1,600.94,10.052
192,O1c2c(C(=CC1=O)c1cc(O)c(OC)cc1)c(OC)cc(OC)c2,1,328.31998,3.5480001000000003
254,O1c2c(CCC1(C(OC(C(=O)NC(C)(C)C)c1no[n+]([O-])c1C)=O)C)c(C)c(O)c(C)c2C,0,461.51498,3.2869998999999996
202,O(C)c1ccc(cc1)\C=C\[N+](=O)[O-],0,179.175,2.155
130,O(C(=O)C#CC(O\C=C\C(OC)=O)CCCCCCCCCC)C,1,338.444,5.3280001
172,O(C(=O)C#CC(O\C=C\C(OC)=O)CCc1ccccc1)C,1,302.32599,3.155
102,O1[C@H]2[C@@H](OC1(C)C)[C@@H](O[C@@H]2CO)OCc1nc(on1)-c1ccc([N+](=O)[O-])cc1,0,393.35199,1.739
269,S(CCCCCCNc1c2CCCCc2[nH+]c2c1cccc2)C#N,0,340.51498,5.1009998
205,S=C(N1CC[NH2+]CC1)[N-]\N=C\c1ccc(OC)cc1,1,278.38,1.568
228,S(C)c1nc(NCCc2ccccc2)c(N=O)c(n1)N,0,289.36301000000003,2.165
51,O1[C@H]/2[C@@H](CC\C(=C\CC\C(=C\2)\C)\C)C(=C)C1=O,0,232.32299999999998,2.0829999
53,Oc1c2c(ccc1)C(=O)C([O-])=C(C(C=C)(C)C)C2=O,0,257.26498,3.3410001000000005
47,O=C([O-])[C@]12[C@@H]([C@H]3CC[C@H]4[C@](CC[C@@H]5[C@@]4(Cc4c([nH]c6c4cccc6)C5(C)C)C)(C)[C@@]3(CC1)C)[C@@H](CC2)C(C)=C,0,526.78497,8.3599997
32,O=C1C[C@H](C)[C@]2(C[C@@H](CCC2=C1)C(C(=O)[O-])=C)C,1,247.31400000000002,2.0150001
122,O1[C@H](C[C@]2(O[C@@]3(CC2)[C@@]2([C@@H](CC=C3C)C(CCC2)(C)C)C)C)[C@H]1CO,0,348.52698,4.5809999
119,O1[C@@]2(CC[C@]1(CCn1nnc(c1)CCCCc1nnn(c1)CC[C@]1(O[C@@]3(CC1)[C@@]1([C@@H](CC=C3C)C(CCC1)(C)C)C)C)C)[C@@]1([C@@H](CC=C2C)C(CCC1)(C)C)C,1,769.1759599999999,9.842
166,O=Nc1c(ncnc1NC)NCc1ccccc1,1,243.26998999999998,1.4369999999999998
65,O1[C@@H]2C[C@H](O)[C@@]3([C@H]([C@H](OC(=O)c4ccccc4)[C@]4(O)C[C@H](OC(=O)[C@H](O)[C@@H](NC(=O)c5ccccc5)c5ccccc5)C(=C([C@@H](OC(=O)C)C3=O)C4(C)C)C)[C@]2(OC(=O)C)C1)C,1,853.91797,4.335
180,O1[C@@]2(CC[C@]1(CC(OC)=O)C)[C@@]1([C@@H](CC=C2C)C(CCC1)(C)C)C,0,334.5,4.882
158,O=[N+]([O-])\C(=C\c1cc(ccc1)CC)\C,1,191.23,3.6719998999999994
245,S(=O)(C)c1nc(N)c2[N+]([O-])=C(C(=O)c2n1)c1ccccc1,0,302.314,-0.69999999
256,O1c2c(CCC1(C(OC(C(=O)NCCc1ccccc1)c1ccccc1)=O)C)c(C)c(O)c(C)c2C,0,487.59598,5.994999900000001
35,O=C1C[C@H](C)[C@]2(C[C@@H](CCC2=C1)C(C(OC)=O)=C)C,1,262.349,2.158
89,O1[C@@H]2c3c([C@@]4([C@@H]([C@H]2O)C(CCC4)(C)C)C1=O)c(O)c(O)c(c3)C(C)C,0,346.423,4.316999900000001
116,O1[C@@]2(CC[C@]1(CCO)C)[C@@]1([C@@H](CC=C2C)C(CCC1)(C)C)C,0,306.48999,4.7729998
49,O[C@]1([C@@H]2C[C@@H](CC[C@]2(CCC1)C)C(C=O)=C)C,1,236.355,3.325
108,O1[C@@]2(CC[C@]1(CC(=O)N(Cc1ccccc1)C(C(=O)NC1CCCCC1)(C)C)C)[C@@]1([C@@H](CC=C2C)C(CCC1)(C)C)C,1,576.8659700000001,8.199999799999999
56,O1c2c(CCC1(C(=O)N(C(CCC=C)C(=O)NCc1ccccc1)c1ccccc1)C)c(C)c(O)c(C)c2C,1,526.677,6.52
231,S(C)c1nc(NCc2ccccc2)c2[N+]([O-])=C(C(=O)c2n1)c1ccccc1,0,376.44,3.3940001000000004
103,O1O[C@H](CC[C@@]1(CC\C=C(\CCC=1C(CCCC=1C)(C)C)/C)C)[C@@H](C(=O)[O-])C,1,391.57198999999997,5.005000099999999
114,O1[C@@]2(CC[C@]1(CC(=O)[O-])C)[C@@]1([C@@H](CC=C2C)C(CCC1)(C)C)C,0,319.465,4.7389998
55,O1c2c(CCC1(C(=O)N(C(CCC=C)C(=O)NC(C)(C)C)c1ccccc1)C)c(C)c(OC(OC(C)(C)C)=O)c(C)c2C,1,592.77698,7.678999900000001
268,O=C1N(c2ncnc(NCCc3ccccc3)c2N([O-])C1=O)C,0,312.30899,0.40400001
248,O1c2c(CCC1(C(=O)N(C(C(=O)NC(C)(C)C)c1ccccc1)c1ccccc1)C)c(C)c(O)c(C)c2C,1,514.66602,6.5380001
221,O(C(=O)c1cc(OC)ccc1)c1ccc(cc1OC)\C=C\[N+](=O)[O-],0,329.30798,3.5297400999999997
39,O1C2=C(CC1C(C)=C)C(=O)c1c(cccc1O)C2=O,1,256.25699,1.921
0,O(C(=O)\C=C\OC(C#C)c1ccccc1)C,0,216.23599,2.4159999
95,O1C2=C(CCC1(C)C)C(=O)c1c(cccc1O)C2=O,1,258.27297999999996,2.405
167,Brc1cc(Nc2ncnc(NC)c2N=O)ccc1,0,308.13901,2.2190001
127,O(C(=O)C#CC(O\C=C\C(OC)=O)CCCCC)C,1,268.30899,3.1180000000000003
193,O1C[C@H]2[C@@H]([C@@H](c3c(cc4OCOc4c3)[C@H]2O[C@@H]2O[C@H]3[C@@H](O[C@@H](OC3)C)[C@H](O)[C@H]2O)c2cc(OC)c(O)c(OC)c2)C1=O,1,588.56201,1.6160001
300,Oc1ccc(cc1)\C=C\[N+](=O)[O-],0,165.14799,1.891
219,O1C2=C(CCC1(C)C)C(=O)c1c(cc(OC)cc1)C2=O,0,272.29999,2.7079999
184,O(C)C1=C(CC=C(C)C)C(=O)c2c(cccc2OC)C1=O,0,286.327,2.5239999
134,O1[C@@]2(CC[C@]1(CC(=O)N(Cc1ccccc1)C(C(=O)NCCCC)(C)C)C)[C@@]1([C@@H](CC=C2C)C(CCC1)(C)C)C,1,550.828,7.617999999999999
87,O1[C@@H]2c3c([C@@]4([C@@H](C2)C(CCC4)(C)C)C1)c(O)c(O)c(c3)C(C)C,1,316.44097999999997,4.8309999
233,S=C(NC1CCCCC1)NC[C@]1(O)CC[C@H]2[C@H]3[C@H](CC[C@]12C)c1c(cc(O)cc1)CC3,1,442.668,5.3150001
12,Clc1nc2N(C=C(C(=O)N[C@H](CCOC(=O)[C@@H]3N(CCC3)C(OC(C)(C)C)=O)C)C(=O)c2cc1)CC#C,1,531.00897,3.3570001000000005
13,o1cccc1C\N=C\c1c2c(cc3c1cccc3)cccc2,0,285.34601000000004,4.8639998
23,O1[C@H]/2[C@@H](CC\C(=C\CC\C(=C\2)\C)\C)[C@H](C[NH+]2CCC(O)CC2)C1=O,0,334.47997999999995,1.626
285,O=C1c2ncnc(N)c2[N+]([O-])=C1c1ccccc1,0,240.222,0.32800001
142,O(C(=O)C#CC(O\C=C\C(OCC)=O)C[C@H](CCC=C(C)C)C)CC,1,350.45499,4.105
145,O(C(=O)C#CCO\C=C\C(OC)=O)CC,1,212.20099,1.057
169,O=Nc1c(ncnc1NC)Nc1ccccc1,0,229.243,1.3839999
310,[Se](CCCCCCNc1c2CCCCc2[nH+]c2c1cccc2)c1ccccc1,1,438.5,6.1160002
10,Clc1nc2N(C=C(C(=O)NCCCOC(=O)[C@@H]3N(CCC3)C(OC(C)(C)C)=O)C(=O)c2cc1)CC#C,1,516.98199,2.895
179,O=C1c2nc(nc(N)c2[N+]([O-])=C1c1ccccc1)NCC(OC)=O,1,327.29999,0.111
312,[Se]([Se]CCCCCCNc1c2CCCCc2[nH+]c2c1cccc2)CCCCCCNc1c2CCCCc2[nH+]c2c1cccc2,1,722.78796,9.0319996
185,P(OC)(OC)(=O)C(Nc1ccc(cc1)C)c1c2c(cc3c1cccc3)cccc2,0,405.43399,5.4770002
215,S(=O)(=O)(Nc1cc(F)c(OC)cc1)c1c(F)c(F)c(F)c(F)c1F,1,371.25699,3.552
238,O(Cc1ccccc1)c1cc2CC[C@H]3[C@@H]4CC[C@@](O)(CN=[N+]=[N-])[C@]4(CC[C@@H]3c2cc1)C,0,417.55298,4.9889998
251,S(=O)(=O)(c1[n+](onc1Oc1cc(ccc1)C(N(C(=O)C1(Oc2c(CC1)c(C)c(O)c(C)c2C)C)c1ccccc1)C(=O)NCCc1ccccc1)[O-])c1ccccc1,1,802.90497,8.2510004
199,O1c2c(C(=CC1=O)c1cc(O)c(OC)cc1)c(OC)ccc2,1,298.29401,3.5179998999999995
210,O(C)C1=CC=C2c3c(cc(OC)c(OC)c3OC)CC[C@H](NC(=O)CCCCCn3nnc(c3)CCCC(OCCNc3nc(nc(n3)NCc3ccc(OC)cc3)NCc3ccc(OC)cc3)=O)C2=CC1=O,1,1001.155,4.6664801
170,O(C(=O)C#CC(O\C=C\C(OC)=O)C)C,1,212.20099,1.178
61,O1c2c(CCC1(C(=O)N(C(C(=O)NCc1ccccc1)c1cc(OCC=C)ccc1)c1ccccc1)C)c(C)c(O)c(C)c2C,1,604.7470099999999,7.770999900000001
20,O1[C@H]/2[C@@H](CC\C(=C\CC\C(=C\2)\C)\C)[C@H](C[NH+]2CCC(CC2)C)C1=O,0,332.50800000000004,2.9990001
138,O1[C@]2(CC[C@H]3[C@H]4[C@H](CC[C@]23C)c2c(cc(O)cc2)CC4)CN=C1NCCCC,1,382.548,5.579
155,OC[C@H](Nc1nc(NCc2ccccc2)c2[nH]nc(c2n1)C(C)C)CC,0,354.45801,3.5295899
31,O1c2c(CCC1(C(=O)N(C(C\C=C/C)C(=O)NC1CCCCC1)c1ccccc1)C)c(C)c(O)c(C)c2C,1,518.698,6.3769999
290,O1C(CC=CC1=O)\C=C\c1ccccc1,0,200.237,2.9920001
100,O1C2=C(CCC1(C)C)C(=O)C(=O)c1c2cccc1OC(=O)C(C)(C)C,1,342.39099,3.8469998999999997
174,O(C(=O)C#CC(O\C=C\C(OC)=O)C(C)(C)C)C,1,254.282,2.549
78,O(CC=C(C)C)C1=C(CC=C(C)C)C(=O)c2c(cccc2O)C1=O,1,326.392,3.0739999
125,O(C(=O)C#CC(O\C=C\C(OC)=O)CCC)C,1,240.25499,2.234
198,O1c2c(C(=CC1=O)c1cc(O)c(OC)cc1)c(OC)c(OC)cc2,1,328.31998,3.2237401
48,O=C([O-])[C@]12[C@@H]([C@H]3CC[C@H]4[C@](CC[C@@H]5[C@@]4(Cc4c(n(c6c4cccc6)C)C5(C)C)C)(C)[C@@]3(CC1)C)[C@@H](CC2)C(C)=C,0,540.81201,8.915
90,O1[C@@H]2c3c([C@@]4([C@@H](C2)C(CCC4)(C)C)C1=O)c(O)c(O)c(c3)C(CO)C,1,346.423,4.125
289,Oc1c2c(ccc1)C(=O)C=CC2=O,0,174.155,1.34
120,O1[C@@]2(CC[C@]1(Cc1nnn(c1)CC[C@]1(O[C@@]3(CC1)[C@@]1([C@@H](CC=C3C)C(CCC1)(C)C)C)C)C)[C@@]1([C@@H](CC=C2C)C(CCC1)(C)C)C,1,631.98999,9.359000199999999
72,IC(C)(C)C1OC2=C(C1)C(=O)c1c(cccc1O)C2=O,1,384.16901,3.5799999
41,Clc1cc2c3c([nH]c2cc1)C([C@@H]1CC[C@@]2([C@H](CC[C@@H]4[C@@H]5[C@@](CC[C@@]24C)(CC[C@H]5C(C)=C)C(=O)NCC(=O)[O-])[C@]1(C3)C)C)(C)C,0,618.28198,8.1160002
266,Clc1ccc(cc1)-c1onc(n1)CO[C@@H]1O[C@@H]([C@H]2OC3(O[C@@H]12)CCCC3)CSc1[nH]ncn1,0,491.95599000000004,3.7190001000000006
226,O1[C@@H](C)[C@@H](O)[C@@H]([NH3+])C[C@@H]1O[C@@H]1c2c(C[C@](O)(C1)C(=O)CO)c(O)c1c(C(=O)c3c(cccc3OC)C1=O)c2O,0,544.53296,0.50700003
133,O(C(=O)C#C[C@H](O\C=C\C(OC)=O)CCCCC)C,1,268.30899,3.1180000000000003
286,Clc1ccc(cc1)-c1onc(n1)CO[C@@H]1O[C@@H]([C@H]2OC3(O[C@@H]12)CCCC3)CSc1sc(nn1)N,0,524.02197,4.8049998
137,O1[C@]2(CC[C@H]3[C@H]4[C@H](CC[C@]23C)[C@@]2([C@H](C[C@@H](O)CC2)CC4)C)CN=C1NCCCC,1,402.62299,5.9619999
112,O1[C@@]2(CC[C@]1(CC(=O)N(C(C(=O)NC(C)(C)C)(C)C)c1ccccc1)C)[C@@]1([C@@H](CC=C2C)C(CCC1)(C)C)C,1,536.8009599999999,7.296999900000001
259,O1c2c(CCC1(C(OC(C(=O)NCc1ccccc1)c1no[n+]([O-])c1C)=O)C)c(C)c(O)c(C)c2C,0,495.53198,3.865
307,S=C(N1CC[NH2+]CC1)[N-]N=C(c1ccccc1)c1ccccc1,1,324.452,3.2
105,O1[C@@]2(CC[C@]1(C\C=C\CO)C)[C@@]1([C@@H](CC=C2C)C(CCC1)(C)C)C,0,332.52797999999996,5.0630002
