,Smiles,Label,Weight,logP(o/w)
40,O1[C@H]2[C@@H](CC\C(=C/CC[C@]3(O[C@@H]23)C)\Cn2nnc(c2)-c2ccccc2)C(=C)C1=O,1,391.47098,2.6949999
173,Brc1cc(\C=C\C(=O)c2ccc(Cl)cc2)c(O)c(OC)c1,1,367.62601,5.172999900000001
159,Clc1cc(ccc1Cl)C(=O)\C=C\c1[nH]nc(c1)-c1cc(OC)c(OC)c(OC)c1,0,433.29099,5.075480000000001
120,O1c2c(OC1)cc1c(c2)[C@H]([C@@H](C(OCC)=O)[C@H](CO)[C@H]1O)c1cc(OC)c(OC)c(OC)c1,0,460.47900000000004,1.8874799999999998
320,Clc1ccc(NC(=O)c2cc(NC(=O)C3(CC3)c3ncnc(NCC4CC[NH+](CC4)C)c3)c(cc2)C)cc1C(F)(F)F,1,602.08099,5.046760099999999
412,s1cccc1-c1n(nc-2c1Cc1c-2cccc1)-c1ccc(S(=O)([O-])=NC(=O)Nc2ccccc2)cc1,0,511.60599,5.130000099999999
196,O1C[C@H]2[C@@H]([C@@H](c3c(cc4OCOc4c3)[C@@H]2O)c2cc(OC)c(OC)c(OC)c2)C1=O,1,414.41,1.8884798999999999
430,s1cccc1C1N(N=C2C1Cc1c2cccc1)c1ccc(S(=O)(=O)\N=C\2/SCCC(=O)N/2c2ccccc2)cc1,0,584.745,6.948999900000001
96,O[C@H]([C@H]([NH2+]CCCCCCCCCCCCCC)C)c1ccccc1,1,348.595,7.393000099999999
252,Clc1ccc(cc1)-c1nc(sc1)NC(=O)CSc1nc(C)c(n1Nc1ccc(OC)cc1)C,0,500.04699999999997,6.3189998
161,O(C)c1c(OC)cc(cc1OC)-c1n[nH]c(c1)\C=C\C(=O)c1ccc(N)cc1,1,379.41598999999997,3.1844799999999998
94,O[C@@H]([C@@H]([NH2+]CCCCCCCCCCCCCC)C)c1ccccc1,1,348.595,7.393000099999999
52,O1C(CC(=C)C1=O)(CN1C=C(C)C(=O)NC1=O)c1ccc(cc1)-c1ccccc1,0,388.423,3.1710000000000003
234,s1c2cc(OC(F)(F)F)ccc2nc1NC(=O)COc1cc(ccc1OC)\C=C/c1cc(OC)c(OC)c(OC)c1,1,590.5750099999999,6.4939799
261,O(C)c1cc2NC(=O)c3n(-c2cc1)cc1c3cccc1,1,264.284,3.0409999
83,s1c2c(cc1C(O)C)C(=O)c1c(scc1C(O)C)C2=O,1,308.37799,1.817
317,Clc1ccc(Cl)cc1NC(=O)c1nnn(c1N)-c1ccc(cc1)C,1,362.22,3.043
114,S(SC(=S)N(CC)CC)(=O)(=O)c1ccccc1[N+](=O)[O-],0,334.44101,2.7490001
32,s1c2c(cc1C(OC/C/1=C/CC[C@]3(O[C@@H]3[C@H]3OC(=O)C([C@@H]3CC\1)=C)C)=O)cccc2,1,424.517,4.3959999000000005
369,Clc1cc(SCc2ccccc2)c(S(=O)(=O)NC(NO)=N)cc1-c1sc(nn1)-c1ccc(Cl)cc1,1,566.51398,6.951000200000001
58,S(=O)(=O)(Nc1nc(ccn1)C)c1ccc(NC(C[C@@H]2[C@]3([C@H](CCC2=C)[C@@](COC(=O)C)(C)[C@H](OC(=O)C)CC3)C)C2=CCOC2=O)cc1,1,680.823,3.8989998999999997
166,Clc1ccc(cc1)C=1NC(=O)N(C=1)c1cc(OC)c(OC)c(OC)c1,0,360.79699999999997,2.84848
216,s1c(ccc1-c1ccc(OC)cc1)-c1ccc(cc1)C(=[NH2+])N,1,309.41299,4.3649998
3,Brc1c2c(ncnc2N)n(c1)[C@@H]1O[C@H](CO)[C@](O)(C#C)[C@H]1O,1,369.17499,-0.55599999
389,O1c2cc(ccc2OC1)C1=Nc2c(ncnc2N)NC(C1)c1ccc([N+](=O)[O-])cc1,1,404.38599,2.0280001
202,s1c2c(nc1-c1ccc(OCCCCCOc3cc4N=C[C@H]5N(CCC5)C(=O)c4cc3OC)cc1)cccc2,1,541.672,6.4327402000000005
408,Clc1cc(Cl)ccc1NC1=NS(=O)(=O)c2c1cc(NC(=O)Nc1ccc(Cl)cc1)cc2,1,495.77399,5.4990001
48,O1C(CC(=C)C1=O)(COc1c2ncccc2ccc1)c1ccccc1,1,331.371,4.1220002000000004
372,O=C(NCC[NH3+])C(Cc1cc2c(cc1)cccc2)(Cc1cc2c(cc1)cccc2)C[NH3+],1,413.565,3.6429998999999995
215,s1c(ccc1-c1ccc(OC)cc1)-c1cc(F)c(cc1)C(=[NH2+])N,1,327.40297999999996,4.553
91,FC1(F)CC1C(=O)Nc1cc2c([nH]nc2-c2[nH]c3cc(N4CC(OCC4)C)ccc3n2)cc1,0,452.465,3.5669798999999998
130,O=C([O-])CC1(CCCCC1)C[NH3+],0,171.23998999999998,1.119
240,Fc1c(OC)c(F)c(F)cc1C(=O)c1ccc(OC)c(N)c1OC,1,341.285,3.0989999999999998
434,Clc1ccc(cc1)CN1C(=O)/C(/SC1=O)=C/c1c2c(nc3c1cccc3)cccc2,0,430.91497999999996,6.722000099999999
385,Clc1nc(nc2n(cnc12)Cc1ccccc1CCl)N,1,308.172,3.1070599999999997
267,O(C)c1cc2c(cc(cc2)C[NH+]2CCC(CC2)C2CC[NH+](CC2)Cc2cc3c(cc(OC)cc3)cc2)cc1,0,510.72198,7.762000099999999
263,Fc1c(cc(cc1NC(=O)c1c2cc(OC)ccc2n(c1)C(=O)C)C(OC(C)(C)C)=O)-c1cn(nc1)C,0,506.534,4.3579998
386,n1c(N)c2N=C3C(CCc4c3cccc4)C(Nc2nc1N)c1ccccc1,1,356.43298,2.2880001
135,s1c2c(-n3nnc(c3N(CCC[NH+]3CC[NH+](CC3)C)C2=O)-c2ccccc2)c2cccnc12,1,461.59399,2.171
224,Clc1cc(N2C=C(NC2=S)c2cc(OC)c(OC)c(OC)c2)ccc1OC,0,406.88998,3.6594801
302,O1CC(=CC1=O)[C@]1(O)CC[C@]2(O)[C@H]3[C@H](CC[C@]12C)[C@@]1([C@H](C[C@@H](O[C@@H]2O[C@H](C)[C@@H](O[C@@H]4O[C@H](CO)[C@@H](O)[C@H](O)[C@H]4O)[C@@H](O)[C@H]2O)CC1)CC3)C,0,698.8029799999999,0.68800002
405,Clc1cc(Cl)ccc1S(=O)(=O)NNC(=O)c1cccnc1Nc1ccc(Cl)cc1,0,471.75198,4.678
2,O=C1N(CCC[NH2+]CCCC[NH2+]CCCN2C(=O)c3c4c(cccc4ccc3)C2=O)C(=O)c2c3c1cccc3ccc2,1,564.68597,5.2779999
115,[NH2+](CC1CC1)CCC[NH2+]CCC[NH2+]CCC[NH2+]CC,1,274.49701,1.212
116,O1c2c(cc(cc2)-c2cc(OC)cc(OC)c2)C(CC(OCC)=O)C(C(OCC)=O)=C1N,1,441.47997999999995,3.7880001000000005
9,O(C)C1=C(C)C(=O)C2=C([C@@H](N3C([C@@H]4[NH+]([C@@H](C(=O)c5c4c(O)c(OC)c(C)c5O)C3=O)C)=C2)COC(=O)\C(=C/C)\C)C1=O,1,579.5819700000001,1.439
305,O1CC(=CC1=O)[C@H]1CC[C@]2(O)[C@H]3[C@H](CC[C@]12C)[C@@]1([C@@H](C[C@@H](O[C@H]2O[C@H](C)[C@@H](O)CC2)CC1)CC3)C,1,488.66497999999996,5.086
363,s1c(ccc1-c1ccc(F)cc1)-c1ccc(cc1)C(=[NH2+])N,1,297.37698,4.5619998
459,Clc1ccc(cc1)-c1oc(nn1)-c1sc2nnc(c(c2c1O)-c1ccccc1)-c1ccccc1,1,482.95099000000005,8.1289997
60,s1ccnc1NS(=O)(=O)c1ccc(NC(C[C@@H]2[C@]3([C@H](CCC2=C)[C@@](COC(=O)C)(C)[C@H](OC(=O)C)CC3)C)C2=CCOC2=O)cc1,0,671.836,4.630000099999999
209,FC(F)(F)c1cc(NC(=O)Nc2c3c(cccc3)c(Oc3ncnc4c3cc(OC)c(OC)c4)cc2)ccc1C[NH+]1CCOCC1,1,634.63501,5.1044998
281,O(C)c1ccccc1C[NH2+]CCCN1C(=O)c2c3c(ccc4c3c(cc2)C(=O)N(CCCC[NH2+]CCC[NH3+])C4=O)C1=O,1,574.7019700000001,3.266
39,Clc1cc(ccc1)-c1nnn(c1)C/C/1=C/CC[C@]2(O[C@H]2[C@H]2OC(=O)C([C@@H]2CC\1)=C)C,1,425.91599,3.3239998999999996
24,O1[C@H]2[C@@H](CC\C(=C/CC[C@]3(O[C@@H]23)C)\COC(=O)CCC(=O)NCCCCCCCCNC(=O)CCC(OC/C/2=C/CC[C@]3(O[C@H]3[C@H]3OC(=O)C([C@@H]3CC\2)=C)C)=O)C(=C)C1=O,1,837.01996,4.1820002
169,O(C)c1cc(ccc1O)\C=C\C(=O)CC(=O)\C=C\c1cc(OC)c(O)cc1,0,368.38498,3.7179998999999997
346,Clc1ncnc2n(cnc12)Cc1ccccc1CCl,1,293.15698,3.41206
319,Clc1cc(\C=C\C(=O)c2ccc(cc2)C)c(O)cc1,1,272.73098999999996,4.6820002
376,S(=O)(=O)(N)c1ccc(cc1)\C=C\c1cc(O)c(O)cc1,0,291.327,2.3570001
332,Clc1cc(NC(=O)Nc2ccc(Oc3cc4cc(O)c(O)cc4nc3C)cc2)ccc1Cl,0,470.31198,5.276
218,S\1C=C(N(/C/1=N/NC(=O)c1ccc(O)cc1)c1ccc(OC)cc1OC)c1ccc(OC)cc1,1,477.54099,6.098
390,Clc1ccc(cc1)-c1nn(c2ncnc(N)c12)-c1cc(ccc1)-c1n(nnc1)CCCCCC(=O)N[O-],1,516.97296,3.2365301
254,O(C)c1ccc(OC)cc1\C=C\C(=O)N\N=C\c1ccccc1,1,310.353,4.2839999
273,Brc1cc(OC)c2OC(N)=C(C#N)C(c2c1)CC(=O)c1cc(OC)ccc1,1,429.26999000000006,3.198
185,Clc1cc(SCc2cc(OC)c(OC)c(OC)c2)c(S(=O)(=O)NC(NO)=N)cc1-c1onc(n1)-c1ccc(Cl)cc1,1,640.52496,5.06148
464,[nH]1cc(c2c1cccc2)CCNc1nc(nc2c1cccc2)-c1ccccc1,1,364.452,5.085
348,Clc1ncnc2ncn(c12)Cc1ccccc1CCl,1,293.15698,3.41206
466,[nH]1c2c(nc1-c1ccc(cc1)-c1nccc3c1[nH]c1c3cccc1)cccc2,1,360.41998,5.63553
380,Clc1ccc(cc1)-c1nn(c(N)c1)C1=NC(=O)C(=NN1)\C=C\c1occc1,1,380.79498,5.3330002
462,S1c2c(Nc3c1c[nH+]cc3)cncc2,0,202.261,1.207
241,Fc1c(OC)c(F)c(F)cc1C(=O)c1cc(O)c(OC)cc1,1,312.24298,3.5480001000000003
148,O(C(=O)[C@@]12[C@@H](CC(CC1)(C)C)C1=CC[C@H]3[C@](CC[C@@H]4[C@@]3(CC\C(=N/O)\C4(C)C)C)(C)[C@@]1(CC2)C)C,0,483.73699999999997,6.367000099999999
164,s1c2c(nc1-c1cc(OC)c(OCCCCCOc3cc4N=C[C@H]5N(CCC5)C(=O)c4cc3OC)cc1)cccc2,1,571.698,6.175479900000001
419,Clc1cc(OC(=O)c2ccccc2Nc2cc([nH+]cc2)C(F)(F)F)ccc1,0,393.772,5.54076
387,S=C1NC(=Nc2[nH]cnc12)N,1,167.196,-1.2180001
101,s1c2cc(SCCCC)ccc2nc1NC(OCC)=O,1,310.44199,4.4770002
186,Clc1cc(SCc2cc(OC)c(OC)c(OC)c2)c(S(=O)(=O)NC(NO)=N)cc1-c1onc(n1)-c1ccccc1,1,606.08002,4.46948
282,O(C)c1ccccc1C[NH2+]CCCN1C(=O)c2c3c(ccc4c3c(cc2)C(=O)N(CCC[NH3+])C4=O)C1=O,1,502.57097999999996,2.773
352,[nH]1nc(cc1-c1c2c(n(c1)C)cccc2)-c1c2c(n(c1)C)cccc2,0,326.40297999999996,5.7280002
211,O(C)c1ccc(cc1)-c1n[nH]c(c1)\C=C\C(=O)c1ccc(N)cc1,1,319.36397999999997,3.6989998999999996
250,S1c2n(ncn2)C(=O)C1CC(=O)Nc1ccc(OC)cc1,0,304.32999,0.48100001
444,s1cccc1C1N(N=C2C1Cc1c2cccc1)c1ccc(S(=O)([O-])=NC(=S)Nc2ccccc2)cc1,0,529.68903,5.8330002
5,Fc1c2c(ncnc2N)n(c1)[C@@H]1O[C@H](CO)[C@](O)(C#C)[C@H]1O,1,308.26898,-1.2009999999999998
26,O1[C@H]2[C@@H](CC\C(=C/CC[C@]3(O[C@H]23)C)\COC(=O)CCCc2c3c([nH]c2)cccc3)C(=C)C1=O,1,449.54699999999997,4.2140002
312,O(CCO)C=1C=2C(C=CC=2)=C(c2[nH]c3c(c2C=1)cccc3)C,1,291.35001,3.6340001
438,Clc1ccc(cc1)C1=NN(C=O)C(C1)c1cc(Nc2c3c([nH+]cc2)cc(Cl)cc3)ccc1,1,462.35999000000004,6.820000200000001
74,s1c2c(cc1C(=O)C)C(=O)c1c(scc1)C2=O,1,262.30899,1.7930000000000001
217,Clc1ccc(N2C=C(NC2=S)c2cc(OC)c(OC)cc2)cc1,0,346.83797999999996,3.9257400000000002
65,[NH2+]=C(NCCc1ccccc1)NC(=[NH2+])N,0,207.28099,1.1670001
328,Clc1cc2Sc3n(S(=O)(=O)c2cc1C(=O)Nc1c2nc(ccc2ccc1)C)ccn3,0,456.93399000000005,2.9030001
132,O1[C@H]2[C@@H](CC\C(=C/CC[C@]3(O[C@H]23)C)\COC(=O)c2[nH]c3c(c2)cccc3)C(C[NH+](C)C)C1=O,1,453.55899000000005,3.181
95,OC[C@H]([NH2+]CCCCCCCCCCCCCC)Cc1ccccc1,1,348.595,7.019000099999999
313,Oc1cc2CC[C@H]3[C@@H]4CC[C@@](O)(CC(=O)NCCCCCCNC(=O)Cn5c6c(c7c5cccc7)c(c5c(ccnc5)c6C)C)[C@]4(CC[C@@H]3c2cc1)C,0,714.95099,8.411000300000001
171,O(C)c1cc(cc(OC)c1O)\C=C/1\c2c(NC\1=O)cccc2,1,297.31,2.9130001
448,Clc1cc(ccc1Cl)C=1NC(=O)N(C=1)c1ccc(Cl)cc1,0,339.60898,4.6259999
200,O1c2cc(ccc2OC1)-c1n[nH]c(c1)\C=C\1/Cc2c(cc(OC)c(OC)c2)C/1=O,1,390.39499,3.6797400000000002
452,FC1=CNC(=O)NC1=O,0,130.078,-0.85799998
160,Fc1cc(ccc1F)C(=O)\C=C\c1[nH]nc(c1)-c1cc(OC)c(OC)c(OC)c1,1,400.38097999999997,4.1974802
361,Clc1ccc(cc1)-c1sc(cc1)-c1ccc(cc1)C(=[NH2+])N,1,313.832,5.0009999
190,O1c2c(C(=O)C=C1C)c(OC)c1c(cc(O)cc1OC)c2,0,286.28299,2.655
379,s1cccc1C1N(N=C2C1Cc1c2cccc1)c1ccc(S(=O)(=O)N)cc1,0,395.50699,3.6210001000000003
463,s1c2CCCCCCc2c2c1nc(nc2N1CCOCC1)-c1ncccc1,1,380.51599,3.63606
133,S(=O)(=O)(N)c1ccc(cc1)\C=C\c1ccc(N(C)C)cc1,1,302.39801,2.8529999
257,s1c(ccc1-c1[nH]c2c(c1)cc(OC)cc2)-c1c2cc(OC)ccc2[nH]c1,0,374.46398999999997,5.6240001
64,ClCC1c2c3c(cccc3)c(O)cc2N(C1)C(=O)c1[nH]c2c(c1)cc(NC(=O)c1[nH]c3c(c1)cc(NC(=O)C)cc3)cc2,1,592.0549900000001,5.0419998
210,O(C)c1c(OC)cc(cc1OC)C(=O)\C=C\c1[nH]nc(c1)-c1cc(OC)c(OC)cc1,1,424.45300000000003,3.5552199
81,s1c2c(cc1C(O)C)C(=O)c1scc(c1C2=O)C(O)C,1,308.37799,1.817
309,s1c2N=C(N(\N=C\3/SC=C(N/3Cc3ccccc3)c3ccccc3)C(=O)c2c(C)c1C(=O)N)C,1,487.608,5.5250001
63,Clc1ccc(Nc2ncccc2C(=O)NNS(=O)(=O)c2ccc(NC(=O)C)cc2)cc1,0,459.914,2.75
183,O(C)c1c(OC)c(cc(OC)c1OC)CCc1c2c(nc(nc2C)N)n(c1)Cc1ccccc1,1,462.54999000000004,3.4822199
176,Clc1cc2[nH+]ccc(Nc3cc(ccc3)\C=C\C(=O)c3cc(OC)c(OC)c(OC)c3)c2cc1,1,475.952,6.0844797999999995
44,O1C(CC(=C)C1=O)(COc1nc2c(cc1)cccc2O)c1ccccc1,1,347.37,4.2189999
306,O1CC(=CC1=O)[C@H]1CC[C@]2(O)[C@H]3[C@H](CC[C@]12C)[C@@]1([C@@H](C[C@@H](O)CC1)CC3)C,0,374.52099999999996,3.937
359,s1c2cc(OC(F)(F)F)ccc2nc1NC(=O)Nc1ccc(cc1)C#N,1,378.33398,4.2177601
259,O1Cc2c(-c3c(cc(OC)cc3)C1)c(OC)c(OC)c(OC)c2,1,316.353,3.16748
339,Clc1nc(Cl)nc2ncn(c12)Cc1ccc(cc1)CCl,0,327.60199,4.3730602
197,O1c2c(OC1)cc1c(c3N(CC[NH+](C)C)C(=O)c4cc(OC)c(OC)cc4-c3cc1)c2,1,421.47299000000004,3.6187400999999997
30,O1[C@H]2[C@@H](CC\C(=C/CC[C@]3(O[C@H]23)C)\COC(=O)c2[nH]c3c(c2)cc(OC)cc3)C(=C)C1=O,1,437.49199999999996,3.5899998999999996
446,Clc1ccc(cc1)\C=C\1/Sc2n(ncn2)C/1=O,0,263.70801,2.6760001
75,O1CC(=CC1=O)[C@H]1CC[C@]2(O)[C@H]3[C@H](CC[C@]12C)[C@@]1([C@@H](C[C@@H](O[C@@H]2O[C@@H](CC(C)C)[C@H](O)CC2)CC1)CC3)C,1,530.74597,6.5
198,O1Cc2c(-c3c(C1)cc1OCOc1c3)c(OC)c(OC)c(OC)c2,1,330.336,2.9164801
402,Brc1ccc(cc1)-c1nc2SC=C(n2c1)CC(=O)N\N=C\c1ccccc1O,0,455.336,4.8720002000000004
195,O1C[C@H]2[C@@H]([C@@H](c3c(cc4OCOc4c3)[C@H]2O[C@@H]2O[C@H]3[C@@H](O[C@@H](OC3)C)[C@H](O)[C@H]2O)c2cc(OC)c(O)c(OC)c2)C1=O,1,588.56201,1.6160001
162,O1c2cc(ccc2OC1)C(=O)\C=C\c1[nH]nc(c1)-c1cc(OC)c(OC)c(OC)c1,1,408.41,3.5614800000000004
303,O1CC(=CC1=O)[C@H]1CC[C@]2(O)[C@H]3[C@H](CC[C@]12C)[C@@]1([C@H](C[C@@H](O[C@@H]2O[C@H](C)[C@@H](O[C@@H]4O[C@H](CO)[C@@H](O)[C@H](O)[C@H]4O)[C@@H](O)[C@H]2O)CC1)CC3)C,0,682.80396,1.14
62,s1cc(nc1C([C@H](O)C\C=C/C(CCNC(OC)=O)=C)(C)C)C\C=C/CC=C,0,404.57498,3.52
436,s1c2c(-n3c(ccc3)C2=O)c(c1)-c1ccc(F)cc1,0,269.29898,4.0310001
326,s1cc(nc1NC(=O)CSc1nc(C)c(n1Nc1ccc(cc1)C)C)-c1ccccc1,1,449.603,6.0689998
84,s1c2c(cc1C(O)C)C(=O)c1c(scc1)C2=O,1,264.32501,1.88
66,s1c2c(cc1C(OC(=O)C)C)C(=O)c1scc(c1C2=O)C(OC(=O)C)C,1,392.452,2.9949999
310,O=C(NCCCC(NC(=O)c1ccc(NCc2cnc3nc(nc(N)c3c2C)N)cc1)C(=O)[O-])c1ccccc1C(=O)[O-],1,584.59302,1.739
110,n1c(nc(nc1N(C)C)N)Nc1ccccc1CCC,0,272.35598999999996,1.413
325,Clc1cc(Nc2nc(ccc2C(=O)N)C(F)(F)F)c(cc1)C,1,329.70898,3.22276
283,O(C)c1ccccc1C[NH2+]CCCN1C(=O)c2c3c(ccc4c3c(cc2)C(=O)N(CCC[NH2+]CCCC[NH3+])C4=O)C1=O,1,574.7019700000001,3.266
437,s1c2c(-n3c(ccc3)C2=O)c(c1)-c1ccccc1,1,251.30899,3.878
403,s1cccc1C1N(N=C2C1Cc1c2cccc1)c1ccc(S(=O)([O-])=NC(=S)NC(=O)c2ccccc2)cc1,0,557.69897,5.4039998
145,O1c2c(OC1)cc1c(c2)[C@H]([C@@H](C(OC)=O)[C@H](CO)[C@H]1O)c1cc(OC)c(O)c(OC)c1,1,432.42499000000004,1.7790000000000001
354,Brc1ccc(cc1)C(=O)CC1c2cc(Br)ccc2OC(N)=C1C#N,0,448.11397999999997,4.012000100000001
53,Fc1ccc(cc1)C1(OC(=O)C(C1)=C)CN1C=C(C)C(=O)NC1=O,0,330.315,1.364
89,[Se](CC(OC(=O)[C@H](NC(OC(C)(C)C)=O)CO)C(=O)NCCCCCC(OCc1ccccc1)=O)C1=C(C)C(=O)c2c(cccc2)C1=O,1,729.68799,3.642
300,O1[C@@]2(OC[C@@]34[C@H](CC=C3[C@H]3[C@H](CC4=O)[C@@]4([C@H](Cc5nc6C[C@]7([C@H](Cc6nc5C4)CC[C@@H]4[C@@H]7C[C@@H](O)[C@]5(C4=C[C@@H]4O[C@]6(O[C@@](C[C@H]6O)(CO)C)[C@@H](C)[C@@]45O)C)C)CC3)C)[C@@H]2C)[C@H](O)CC1(C)C,1,911.19,5.1505299
61,O(CCCCCOc1cc2N=C[C@H]3N(CC(C3)=C)C(=O)c2cc1OC)c1cc2N=C[C@H]3N(CC(C3)=C)C(=O)c2cc1OC,1,584.67297,3.1654799
384,Clc1nc(nc2n(cnc12)Cc1cc(ccc1)CCl)N,0,308.172,3.14606
351,Clc1cc2c(n(cc2-c2n[nH]c(c2)-c2c3cc(Cl)ccc3n(c2)C)C)cc1,1,395.293,6.986000099999999
293,ClCCCn1c2N=C(SC)N3CC(=O)N=C3c2c(C)c1-c1ccccc1,1,386.90698,5.3309999
340,Clc1ncnc2ncn(c12)Cc1ccc(cc1)CCl,1,293.15698,3.4140601000000004
279,O(C)c1ccccc1N1c2n(c3c(n2)N(C)C(=O)NC3=O)C=C1c1cc(O)ccc1C,1,417.42499,3.0369999
290,O(C)c1nc2c(nc1NC(=O)N1CCN(CC1)c1cc(cc(c1)C)C)cccc2OC,1,421.50097999999997,3.0195301
73,s1c2c(cc1C(=O)C)C(=O)c1c(scc1C(=O)C)C2=O,1,304.34601000000004,1.643
108,O1c2c(C(=O)C=C1CCC)c(OC)c1c(c2)c(Oc2c3c(c(OC)c4c(OC(=CC4=O)CCC)c3)c(OC)cc2O)c(O)cc1OC,1,642.65698,6.7659997999999995
150,Brc1cc2c([nH]cc2-c2scc(n2)-c2c3cccnc3n(c2)CCOC)cc1,1,453.36397999999997,5.1240001
409,s1c2cc(OC(F)(F)F)ccc2nc1NC(=O)Nc1ccc(F)cc1,1,371.314,4.7107601
205,FC(F)(F)c1cc(cc(NC(=O)Nc2ccc(Oc3cc4cc(OC)c(OC)cc4nc3C)cc2)c1)C(F)(F)F,1,565.46997,6.3172597999999995
175,O1c2cc(ccc2OC1)-c1n[nH]c(c1)\C=C\C(=O)c1cc(OC)c(OC)c(OC)c1,1,408.41,3.5614800000000004
443,s1cccc1C1N(N=C2C1Cc1c2cccc1)c1ccc(S(=O)(=O)\N=C\2/SC=C(N/2c2ccccc2)c2ccccc2)cc1,0,630.8170200000001,9.6890001
374,s1cccc1-c1n(nc-2c1Cc1c-2cccc1)-c1ccc(S(=O)(=O)N)cc1,0,393.491,3.411
275,Clc1cc(Nc2nc(ccc2C(Oc2cc(OC)ccc2)=O)C(F)(F)F)c(cc1)C,1,436.81699000000003,5.8677602
149,S1\C(=C\C(O\N=C\2/CC[C@]3([C@@H](CC[C@@]4([C@@H]3CC=C3[C@@H]5CC(CC[C@@]5(CC[C@]34C)C(OC)=O)(C)C)C)C/2(C)C)C)=O)\C(=O)[N-]C1=O,0,637.862,7.096000200000001
458,Clc1nc(nc2N(c3ccccc3)C(Sc12)=O)-c1ccccc1,1,339.806,4.6719999
416,Clc1cc(Cl)cc(Cl)c1OC(=O)c1ccccc1Nc1cc([nH+]cc1)C(F)(F)F,1,462.66199000000006,6.75776
401,Brc1ccc(cc1)-c1nc2SC=C(n2c1)CC(=O)N\N=C\c1ccccc1,0,439.33700999999996,5.1820002
47,O1C(CC(=C)C1=O)(COc1c2c(ccc1)cccc2)c1ccccc1,1,330.38300000000004,5.1420002
147,O1c2c(OC1)cc1c(c2)C(=O)[C@@H](CO)[C@H](C(OC)=O)[C@@H]1c1cc(OC)c(OC)c(OC)c1,1,444.43597,1.3324799999999999
371,Clc1ccc(Nc2ncnc3c2cc(NC(=O)N)cc3)cc1,0,313.74799,1.9569999999999999
170,S(=O)(=O)(N)c1ccc(cc1)\C=C\c1cc(OC)cc(OC)c1,0,319.38097999999997,2.9610000000000003
350,Clc1nc(Cl)nc2n(cnc12)Cc1ccccc1Cn1c2nc(Cl)nc(Cl)c2nc1,1,480.14599999999996,5.3861197999999995
440,Clc1cc2[nH+]ccc(Nc3ccc(cc3)C3=NN(C=O)C(C3)c3ccccc3)c2cc1,1,427.91497999999996,6.191
121,O1c2c(OC1)cc1c(c2)C(=O)[C@@H](CO)[C@H](C(OCC)=O)[C@@H]1c1cc(OC)c(OC)c(OC)c1,1,458.46297999999996,1.6734799999999999
465,n1cnc2c(cccc2)c1N1CCN(CC1)c1ncc(cn1)Cc1ccccc1,0,382.47098,2.4979999
45,O1C(CC(=C)C1=O)(COc1cc2c(cc1)cccc2)c1ccccc1,1,330.38300000000004,5.1810002
119,O1c2c(OC1)cc1c(c2)[C@H]([C@@H](C(OCC)=O)[C@H](CO)[C@H]1O)c1cc(OC)c(O)c(OC)c1,1,446.452,2.1199999
157,O1[C@H](C)[C@@H](O)[C@H](O[C@@H]2O[C@H](C)[C@@H](O)[C@H](O)C2)C[C@@H]1Oc1cc2c(c(O)c1C)c(O)c1c(C[C@@H]([C@H](OC)C(=O)[C@@H](O)[C@H](O)C)[C@H](O[C@@H]3O[C@H](C)[C@@H](O)[C@H](O[C@@H]4O[C@H](C)[C@@H](O)[C@H](O[C@@H]5O[C@H](C)[C@@H](O)[C@@H](O)C5)C4)C3)C1=O)c2,1,1071.129,1.024
322,O1c2cc(ccc2OC1)C1Nc2ncnc(N)c2N=C(C1)c1ccc(cc1)C,1,373.41598999999997,2.391
230,s1c2c(nc1NC(=O)COc1cc(ccc1OC)\C=C\C(=O)c1cc(OC)c(OC)c(OC)c1)cccc2,1,534.5889900000001,4.613220200000001
278,O1[C@@H](C)[C@@H](O)[C@@H]([NH3+])C[C@@H]1O[C@@H]1c2c(C[C@](O)(C1)C(=O)CO)c(O)c1c(C(=O)c3c(cccc3OC)C1=O)c2O,0,544.53296,0.50700003
88,[Se](CC(OC(=O)[C@H](NC(OC(C)(C)C)=O)CO)C(=O)NC(C)(C)C)C1=C(C)C(=O)c2c(cccc2)C1=O,1,581.52698,1.881
274,Brc1cc2c(OC(N)=C(C#N)C2CC(=O)c2cc(OC)ccc2)cc1,0,399.24399,3.207
272,Brc1cc(\C=C\C(=O)c2cc(OC)ccc2)c(O)cc1,1,333.181,4.5830002
334,o1nc(C)c(-c2cc3O[C@H](CC(C)C)C(=O)Nc3cc2)c1C,1,300.358,3.3069998999999997
299,O1CC(=CC1=O)[C@H]1CC[C@]2(O)[C@H]3[C@@H]([C@]4(CO)[C@@](O)(C[C@@H](O[C@@H]5O[C@@H](C)[C@H](O)[C@@H](O)[C@H]5O)C[C@H]4O)CC3)[C@H](O)C[C@]12C,0,584.659,-0.97500002
11,O1[C@H](C)[C@@H](NC(=O)[C@H](NC(=O)[C@@H](NC(=O)[C@@H]2N(CCC2)C(=O)[C@@H](NC(=O)[C@H](NC(=O)[C@H](NC(=O)[C@@H](NC(=O)CCCC(C)C)C(C)C)[C@@H](O)C)C(C)C)C(C)C)CCCNC(=O)C2=Cc3c(OC2=O)cc(N(CC)CC)cc3)[C@H](CC)C)C(=O)N[C@H]([C@H](CC)C)C(=O)N[C@H](C(C)C)C(=O)N[C@@H](Cc2ccccc2)C(=O)N\C(=C/C)\C(=O)N[C@@H](C(C)C)C1=O,1,1721.161,8.3400002
140,O(C)c1ccccc1C[NH2+]CCCN1C(=O)c2c3c(ccc4c3c(cc2)C(=O)N(CCC[NH2+]CCC[NH2+]C)C4=O)C1=O,1,574.7019700000001,3.3489999999999998
122,Clc1cc(Cl)ccc1\C=N/NC(=O)\C(=C(\SCC)/Nc1ccccc1)\C#N,1,419.336,5.9660001
427,O=C1c2[nH]cc3CCN=C(C=C1NCc1ccccc1)c23,1,277.327,1.851
377,S(=O)(=O)(N)c1ccc(cc1)\C=C\c1ccc(O)cc1,0,275.328,2.6300001
181,Clc1cc2[nH+]ccc(Nc3ccc(cc3)C3=NN(C=O)C(C3)c3cc(OC)c(OC)c(OC)c3)c2cc1,1,517.99298,5.6324800999999995
287,O(C)c1ccccc1C[NH2+]CCCN1C(=O)c2c3c(ccc4c3c(cc2)C(=O)N(CCCOCCCCOCCC[NH3+])C4=O)C1=O,1,632.758,3.9349998999999998
323,Clc1cc2[nH+]ccc(Nc3ccc(cc3)C3=NN(C=O)C(C3)c3ccc(cc3)C)c2cc1,1,441.94199000000003,6.4889998
123,S(\C(\Nc1ccccc1)=C(\C(=O)Nc1ccc(OC)cc1)/C#N)CC,1,353.44597999999996,3.8689999999999998
285,O(C)c1ccccc1C[NH2+]CCCN1C(=O)c2c3c(ccc4c3c(cc2)C(=O)N(CCC[NH2+]CCC[NH3+])C4=O)C1=O,1,560.6749900000001,2.8239999
180,S(=O)(=O)(N1c2c(OC1=O)cc(cc2)C(=O)c1cc(OC)c(OC)c(OC)c1)C,1,407.39898999999997,1.9154799999999998
256,Clc1ccc(-n2c(nnc2S)\C=C\c2cc(OC)ccc2OC)cc1,1,373.86397999999997,5.6539998
451,O=C1Nc2c(-n3c1c1c(cccc1)c3)cccc2,1,234.25799999999998,3.0480001
136,s1c2c(N(c3n(nnc3-c3ccccc3)C2=O)CCC[NH+]2CC[NH+](CC2)C)c2cccnc12,0,461.59399,3.0260000000000002
248,O(C)c1ccc(N(C)c2nc(nc3[nH]c4c(c23)cccc4)N)cc1,1,319.36798,3.1470001
56,S(=O)([O-])(=Nc1noc(c1)C)c1ccc(NC(C[C@@H]2[C@]3([C@H](CCC2=C)[C@@](COC(=O)C)(C)[C@H](OC(=O)C)CC3)C)C2=CCOC2=O)cc1,1,668.78796,4.5970001
78,O1CC(=CC1=O)[C@H]1CC[C@]2(O)[C@H]3[C@H](CC[C@]12C)[C@@]1([C@@H](C[C@@H](O[C@@H]2O[C@@H](C(C)C)[C@H](O)CC2)CC1)CC3)C,1,516.7189900000001,6.058000099999999
194,O(C)c1nc2c(nc1NC(=O)N1CCN(CC1)c1cc(OC)cc(OC)c1)cccc2OC,1,453.49899000000005,2.33553
406,Clc1cc(Cl)ccc1Nc1ncccc1C(=O)NNS(=O)(=O)c1ccc(F)cc1,0,455.29699999999997,4.2389998
358,s1c2c(nc1-c1cc(C#N)c(N)cc1)cc(F)cc2,1,269.30301000000003,3.3729998999999995
373,s1c2CCCCCCc2c2c1nc(nc2NN)-c1ncccc1,0,325.44,2.9220599999999997
213,O(C)c1cc(ccc1OC)C(=O)\C=C\c1[nH]nc(c1)-c1ccc(OC)cc1,1,364.401,4.0697398
422,Clc1cccc(Cl)c1C=1SC(=S)N(N=1)C(=O)c1ccc(O)cc1,0,383.27898999999996,5.2610002
223,Clc1cc(N2C=C(NC2=O)c2cc(OC)c(OC)c(OC)c2)ccc1OC,0,390.82300000000004,2.8394798999999997
404,s1cccc1-c1n(nc-2c1Cc1c-2cccc1)-c1ccc(S(=O)([O-])=NC(=O)NC2CCCCC2)cc1,0,517.65399,5.454999900000001
16,O1[C@H](C)[C@@H](NC(=O)[C@H](NC(=O)[C@@H](NC(=O)[C@@H]2N(CCC2)C(=O)[C@@H](NC(=O)[C@H](NC(=O)[C@H](NC(=O)[C@@H](NC(=O)CCCC(C)C)C(C)C)[C@@H](O)C)C(C)C)C(C)C)CCC[NH2+]Cc2ccncc2)[C@H](CC)C)C(=O)N[C@H]([C@H](CC)C)C(=O)N[C@H](C(C)C)C(=O)N[C@@H](Cc2ccccc2)C(=O)N\C(=C/C)\C(=O)N[C@@H](C(C)C)C1=O,1,1570.02,6.941
362,Clc1ccc(cc1)-c1sc(cc1)-c1cc(F)c(cc1)C(=[NH2+])N,1,331.82198999999997,5.1890000999999994
294,S(C)C=1N2C(=NC(=O)CC2C)c2c(n(CCC[NH+]3CCCCC3)c(-c3ccccc3)c2C)N=1,1,464.65799000000004,6.178
460,Clc1ccc(cc1)C1=NNC(C1)c1cc(ccc1O)Cc1cc(C2NN=C(C2)c2ccc(Cl)cc2)c(O)cc1,1,557.48096,8.224
353,O=C1NC(=O)C(=C1c1c2c(n(c1)C)cccc2)c1c2cccnc2n(c1)C,1,356.38498,3.5940001000000006
243,Clc1cc2[nH+]ccc(Nc3cc(ccc3)C3N(N=C(C3)c3ccc(OC)cc3)C=O)c2cc1,1,457.94097999999997,6.184
182,Clc1cc2[nH+]ccc(Nc3cc(ccc3)C3=NN(C=O)C(C3)c3cc(OC)c(OC)c(OC)c3)c2cc1,1,517.99298,5.6694797999999995
367,Clc1cc(SCc2ccccc2)c(S(=O)(=O)NC(NO)=N)cc1-c1onc(n1)-c1ccccc1,1,516.0020099999999,5.0279999
77,O1[C@@]2(C[C@@H](OC(=O)CO)[C@]1([C@H]1[C@H]([C@@H]2OC(=O)\C=C\c2ccccc2)[C@@H](CC1)C(C)C)C)C(C)C,1,470.60599,6.1979999999999995
76,O=C([O-])C[C@H](CC(C)C)C[NH3+],0,159.22899999999998,1.13
288,S(=O)(=O)(Nc1cc2CN(C)C(=O)Nc2cc1)c1ccccc1OC,1,347.39499,1.5959999999999999
311,Oc1cc2CC[C@H]3[C@@H]4CC[C@@](O)(CC(=O)NCCCCCCNC(=O)N5Cc6c(C=C5)c(c5[nH]c7c(c5c6C)cccc7)C)[C@]4(CC[C@@H]3c2cc1)C,0,702.94,8.0480003
424,s1cccc1C1N(N=C2C1Cc1c2cccc1)c1ccc(S(=O)(=O)\N=C/2\SC=C(N\2C(=O)c2ccccc2)c2ccccc2)cc1,0,658.8269700000001,9.1239996
226,Clc1cc(N2C=C(NC2=S)c2cc(OC)c(OC)cc2)ccc1OC,0,376.86397999999997,3.9167398999999996
360,Clc1cc(cc(Cl)c1)-c1sc(cc1)-c1ccc(cc1)C(=[NH2+])N,1,348.27701,5.704
193,O(C)c1nc2c(nc1NC(=O)N1CCN(CC1)c1cc(OC)cc(OC)c1)cccc2C,1,437.5,2.6775301
423,O=C(N1CCN(CC1)c1ncc(cn1)Cc1ccccc1)c1cc(Nc2ncnc3c2cccc3)ccc1,1,501.59399,3.4979998999999995
87,[Se](CC(OC(=O)CCSC1=C(C)C(=O)c2c(cccc2)C1=O)C(=O)NCCCCCC(OCc1ccccc1)=O)C1=C(C)C(=O)c2c(cccc2)C1=O,1,800.78998,5.6939998
453,O1c2c(C(=O)C(O[C@@H]3OC[C@@H](O)[C@H](O)[C@H]3O[C@@H]3O[C@H](CO)[C@H](O)[C@H](O)[C@H]3O)=C1c1ccc(O)cc1)c(O)cc(O)c2,0,580.495,-1.5502599
201,s1c2c(nc1-c1ccc(NC(=O)CCCCOc3cc4N=C[C@H]5N(CCC5)C(=O)c4cc3OC)cc1)cccc2,1,554.67102,5.2877402
396,s1c2c(-n3nnc(c3N(CCCC(=O)NCCc3nc[nH]c3)C2=O)-c2ccccc2)c2cccnc12,0,498.57097999999996,1.391
55,Fc1ccc(cc1)C1(OC(=O)C(C1)=C)CN1C=CC(=O)NC1=O,0,316.28799,1.3200001000000001
102,s1c2cc(SCCCC)ccc2nc1NC(OCCC)=O,1,324.46898999999996,5.0910001
107,O1c2c(C(=O)C=C1CCC)c(O)c1c(cc(O)cc1OC)c2,0,300.31,3.3080001000000006
338,Clc1ncnc2n(cnc12)Cc1ccc(cc1)CCl,0,293.15698,3.4140601000000004
177,O(C)c1cc(cc2c1[nH]c1c2cccc1)C(=O)[O-],0,240.23799,3.3680000000000003
315,O=C1Nc2cc(C)c(cc2-n2c1c1c(cccc1)c2)C,0,262.31198,3.7160001000000005
156,O1[C@H](C)[C@@H](O)[C@H](O[C@@H]2O[C@H](C)[C@@H](O)[C@H](O)C2)C[C@@H]1Oc1cc2c(c(O)c1C)c(O)c1c(C[C@@H]([C@H](OC)C(=O)C(=O)C)[C@H](O[C@@H]3O[C@H](C)[C@@H](O)[C@H](O[C@@H]4O[C@H](C)[C@@H](O)[C@H](O[C@@H]5O[C@H](C)[C@@H](O)[C@@H](O)C5)C4)C3)C1=O)c2,1,1039.0869,1.51
57,Clc1nnc(NS(=O)(=O)c2ccc(NC(C[C@@H]3[C@]4([C@H](CCC3=C)[C@@](COC(=O)C)(C)[C@H](OC(=O)C)CC4)C)C3=CCOC3=O)cc2)cc1,1,701.2409700000001,6.0570002
442,Clc1cc2[nH+]ccc(Nc3cc(ccc3)C3=NN(C=O)C(C3)c3ccccc3)c2cc1,1,427.91497999999996,6.2280002
67,s1c2c(cc1C(OC(=O)C)C)C(=O)c1sccc1C2=O,1,306.362,2.4690001
144,O1[C@]23[C@]1(C1CC(OC(=O)[C@H](O)[C@@H](NC(OC)=O)c4ccncc4)C2(C)C1(C)C)c1c(cccc1)C(C3)C,1,506.599,4.1789999
236,O(C)c1c(OC)cc(cc1OC)-c1n[nH]c(c1)\C=C\C(=O)c1cc(OC)c(OC)cc1,1,424.45300000000003,3.5552199
347,Clc1nc(Cl)nc2ncn(c12)Cc1ccccc1CCl,1,327.60199,4.3710599000000006
131,[NH2+]=C(N(C)C)NC(=[NH2+])N,0,131.183,-0.44100001
187,Clc1cc(SCc2cc(OC)c(OC)c(OC)c2)c(S(=O)(=O)NC(NO)=N)cc1-c1sc(nn1)-c1ccc(Cl)cc1,1,656.59198,6.3924799000000005
330,Clc1cccc(C)c1NC(=O)c1sc(nc1)Nc1nc(nc(N2CC[NH+](CC2)CCO)c1)C,1,489.02399,1.535
37,O1[C@H]2[C@@H](CC\C(=C/CC[C@]3(O[C@@H]23)C)\Cn2nnc(c2)-c2ccc(N)cc2)C(=C)C1=O,1,406.48599,2.023
228,s1c2cc(F)ccc2nc1NC(=O)COc1cc(ccc1OC)\C=C\C(=O)c1cc(OC)c(OC)c(OC)c1,0,552.57898,4.8032198
146,O1c2c(OC1)cc1c(c2)[C@H]([C@@H](C(OC)=O)[C@H](CO)[C@H]1O)c1cc(OC)c(OC)c(OC)c1,1,446.452,1.5464798999999998
118,s1c2cc(SCC)ccc2nc1NC(OCC)=O,0,282.388,3.5929998999999997
447,S\1c2n(ncn2)C(=O)/C/1=C/c1ccc(F)cc1,0,247.25298999999998,2.237
268,s1c2cc(OC)ccc2nc1NC(=O)COc1cc(ccc1OC)\C=C\C(=O)c1cc(OC)c(OC)c(OC)c1,1,564.61499,4.6062198
246,O(C)c1cc(ccc1OC)CCNC1=CC2=NCCc3c2c([nH]c3)C1=O,1,351.40601000000004,1.63774
20,Fc1c(OC)c(F)c(F)cc1C(=C)c1cc(O)c(OC)cc1,1,310.27099999999996,4.573
15,s1cccc1C[NH2+]CCC[C@H](NC(=O)[C@@H]1N(CCC1)C(=O)[C@@H](NC(=O)[C@H](NC(=O)[C@H](NC(=O)[C@@H](NC(=O)CCCC(C)C)C(C)C)[C@@H](O)C)C(C)C)C(C)C)C(=O)N[C@H]([C@H](CC)C)C(=O)N[C@@H]1[C@H](OC(=O)[C@@H](NC(=O)/C(/NC(=O)[C@@H](NC(=O)[C@H](NC(=O)[C@H](NC1=O)[C@H](CC)C)C(C)C)Cc1ccccc1)=C/C)C(C)C)C,1,1575.0599,7.703000099999999
255,Clc1ccc(Nc2oc(nn2)\C=C\c2cc(OC)ccc2OC)cc1,1,357.79699999999997,4.7280002
276,FC(F)(F)c1[nH+]ccc(Nc2ccccc2C(Oc2cc(OC)ccc2)=O)c1,1,389.353,4.9047599
378,S(=O)(=O)(N)c1ccc(cc1)\C=C\c1cc(O)ccc1,0,275.328,2.6670001
128,O(C(=O)N(\N=N\c1nc(OCc2ccccc2)c2nc[nH]c2n1)C)c1ccc([N+](=O)[O-])cc1,1,448.39899,2.2000599
296,O=C(N[C@@H]([C@@H](O)c1ccccc1)C)CCCCCCCCCCCCCCC[n+]1ccccc1,1,467.71799000000004,8.196999499999999
105,O1c2c(OC1)cc1c(c2)[C@H]([C@@H](C(OCCC)=O)[C@H](CO)[C@H]1O)c1cc(OC)c(OC)c(OC)c1,1,474.50597999999997,2.5014800999999998
410,FC1(F)CC1C(=O)Nc1cc2c([nH]nc2-c2[nH]c3cc(N4CCOCC4)ccc3n2)cc1,0,438.43799,3.10498
126,O=C(N1CCN(CC1)c1ncc(cn1)CC)c1ccc(cc1)CNc1ncnc2c1cccc2,0,453.54999000000004,2.2390001
138,Clc1ccc(NC(=O)Nc2ccc(Oc3cc(ncc3)C(=O)NC)cc2)cc1C(F)(F)F,1,464.83099000000004,3.73176
365,Clc1cc(SCc2cc3OCOc3cc2)c(S(=O)(=O)NC(NO)=N)cc1-c1onc(n1)-c1ccc(Cl)cc1,1,594.45599,5.3249998
370,Clc1cc(SCc2cc3OCOc3cc2)c(S(=O)(=O)NC(NO)=N)cc1-c1sc(nn1)-c1ccccc1,1,576.078,6.0640000999999994
41,FC(F)(F)c1ccccc1-c1nnn(c1)C/C/1=C/CC[C@]2(O[C@H]2[C@H]2OC(=O)C([C@@H]2CC\1)=C)C,1,459.46799000000004,3.6277599
17,O1[C@@H](C)[C@@H](NC(=O)[C@H](NC(=O)[C@@H](NC(=O)[C@@H]2N(CCC2)C(=O)[C@H](NC(=O)[C@@H](NC(=O)[C@@H](NC(=O)[C@H](NC(=O)CCCC(C)C)C(C)C)[C@H](O)C)C(C)C)C(C)C)CCC[NH3+])[C@@H](CC)C)C(=O)N[C@H]([C@@H](CC)C)C(=O)N[C@H](C(C)C)C(=O)N[C@@H](Cc2ccccc2)C(=O)N\C(=C/C)\C(=O)N[C@@H](C(C)C)C1=O,1,1478.9070000000002,5.8600001
167,O(C)c1c(OC)cc(N2C=C(NC2=O)c2ccccc2)cc1OC,0,326.35199,2.25648
329,O=C1Nc2c(-n3c1c1c(cccc1)c3)cccc2C,0,248.28499,3.3440001000000006
165,s1c2c(nc1-c1cc(OC)c(OCCCCOc3cc4N=C[C@H]5N(CCC5)C(=O)c4cc3OC)cc1)cccc2,1,557.6709599999999,5.73348
155,O1[C@H](C)[C@@H](O)[C@H](O[C@@H]2O[C@H](C)[C@@H](O)[C@H](O)C2)C[C@@H]1Oc1cc2c(c(O)c1C)c(O)c1c(C[C@@H]([C@H](OC)C(=O)C(=O)C)[C@H](O[C@@H]3O[C@H](C)[C@@H](O)[C@H](O[C@@H]4O[C@H](C)[C@@H](O)[C@H](O)C4)C3)C1=O)c2,1,908.9439699999999,1.376
68,s1c2c(cc1C(OC(=O)C)C)C(=O)c1c(scc1C(OC(=O)C)C)C2=O,1,392.452,2.9949999
356,S(CC1OC1)c1nc(-c2ccccc2)c(C#N)c(n1)N1CCOCC1,1,354.43399,1.6390001
69,s1c2c(cc1C(OC(=O)C)C)C(=O)c1c(scc1)C2=O,1,306.362,2.4690001
383,Clc1nc(nc2n(cnc12)Cc1ccc(cc1)CCl)N,0,308.172,3.10906
4,Clc1c2c(ncnc2N)n(c1)[C@@H]1O[C@H](CO)[C@](O)(C#C)[C@H]1O,1,324.724,-0.76200002
153,s1cc(nc1-c1c2cc(OC)ccc2n(c1)CCOC)-c1c2cccnc2[nH]c1,1,404.49399,4.282000099999999
104,s1c2cc(SCCC)ccc2nc1NC(OCCC)=O,1,310.44199,4.6490002
137,s1c2CCCCCCc2c2c1nc(nc2N1CC[NH+](CC1)C)-c1ccncc1,1,394.56699,3.2430000000000003
93,O(C(=O)C)C[C@H](O)CC(=O)CCCCCCC\C=C/C\C=C/CCCCC,0,380.569,4.9439998
174,O(C)c1c(OC)cc(cc1OC)-c1n[nH]c(c1)\C=C\C(=O)c1cc(OC)c(OC)c(OC)c1,1,454.47900000000004,3.29796
10,O=C1c2c(C(=O)C(N)=C1C)c(ncc2)COC(=O)\C(=C/C)\C,1,300.314,0.648
25,Clc1ncc(cc1)CNC(=O)CCC(OC/C/1=C/CC[C@]2(O[C@H]2[C@H]2OC(=O)C([C@@H]2CC\1)=C)C)=O,0,488.96799000000004,2.4619999
112,S(SC(=S)N(CC)CC)(=O)(=O)c1ccc(N)cc1,0,304.45901000000003,2.1440001
343,Clc1nc(Cl)nc2ncn(c12)Cc1cc(ccc1)CCl,1,327.60199,4.4100599
335,o1nc(C)c(-c2cc3O[C@H](CC4CC4)C(=O)Nc3cc2)c1C,1,298.34198,2.813
398,Clc1cc(Cl)ccc1C=1Sc2n(N=1)c(nn2)CCC(=O)c1[nH]c2c(n1)cccc2,1,443.31799,4.2930002
143,O1[C@]23[C@@H](O[C@H]4OC=C([C@H]([C@@H]24)C=C3)C(OC)=O)\C(=C/c2ccc(O)cc2)\C1=O,1,368.341,1.8219999999999998
33,O1[C@H]2[C@@H](CC\C(=C/CC[C@]3(O[C@H]23)C)\COC(=O)c2c3c(n(c2)C)cccc3)C(=C)C1=O,1,421.49298,4.151
298,O1CC(=CC1=O)[C@H]1CC[C@]2(O)[C@H]3[C@H](CC[C@]12C)[C@@]1([C@@H](C[C@@H](O[C@@H]2O[C@@H](C)[C@H](O)CC2)CC1)CC3)C,1,488.66497999999996,5.086
413,S(=O)([O-])(=NC(=O)Nc1ccccc1)c1ccc(N2N=C3C(Cc4c3cccc4)C2c2cccnc2)cc1,0,508.582,4.577000099999999
433,Clc1c\2c(NC(=O)/C/2=C/c2nc(ccc2)\C=C\2/c3c(NC/2=O)cccc3Cl)ccc1,1,434.28198,4.441999900000001
28,Clc1cc2cc([nH]c2cc1)C(OC/C/1=C/CC[C@]2(O[C@@H]2[C@H]2OC(=O)C([C@@H]2CC\1)=C)C)=O,1,441.91098,4.2259998
425,O1c2cc(ccc2OC1)CCNC1=CC2=NCCc3c2c([nH]c3)C1=O,1,335.36301000000003,1.6440001
270,O(C)c1nc2cc(OC)ccc2nc1NC(=O)N1CCN(CC1)c1cc(cc(c1)C)C,1,421.50097999999997,3.0585301
134,O(CCCN(C)c1ccccc1)c1ccc(O)cc1,1,257.33301,3.5269999999999997
349,Clc1nc(Cl)nc2n(cnc12)Cc1cc(ccc1)Cn1c2nc(Cl)nc(Cl)c2nc1,1,480.14599999999996,5.4251199
50,BrC1=CN(CC2(OC(=O)C(C2)=C)c2ccc(cc2)-c2ccccc2)C(=O)NC1=O,1,453.29199000000006,4.0040002
271,S(=O)(=O)(N)c1ccc(cc1)\C=C\c1cc(OC)ccc1,0,289.35501,2.931
429,s1cccc1C1N(N=C2C1Cc1c2cccc1)c1ccc(S(=O)(=O)\N=C\2/SCCC(=O)N/2C(=O)c2ccccc2)cc1,1,612.755,6.934
42,s1cc(cc1)-c1nnn(c1)C/C/1=C/CC[C@]2(O[C@H]2[C@H]2OC(=O)C([C@@H]2CC\1)=C)C,1,397.49899,2.345
72,s1c2c(cc1C(=O)C)C(=O)c1sccc1C2=O,1,262.30899,1.7930000000000001
21,O1[C@H]2[C@@H](CC\C(=C/CC[C@]3(O[C@H]23)C)\COC(=O)\C=C\c2c3c([nH]c2)cccc3)C(=C)C1=O,1,433.504,4.2399998
417,Clc1ccc(OC(=O)c2ccccc2Nc2cc([nH+]cc2)C(F)(F)F)cc1,0,393.772,5.5037599
331,Clc1ccc(cc1)-c1nc(sc1)NC(=O)CSc1nc(C)c(n1Nc1ccccc1)C,1,470.02099999999996,6.3629999
245,Clc1cc2[nH+]ccc(Nc3cc(ccc3)C3=NN(C=O)C(C3)c3ccc(OC)cc3)c2cc1,1,457.94097999999997,6.184
8,s1cc(nc1C)\C=C(/C)\[C@H]1OC(=O)C[C@H](O)C(C)(C)C(=O)[C@H](C)[C@@H](O)[C@H](CCC[C@]2(O[C@H]2C1)C)C,1,507.69199000000003,3.7620001000000003
34,FC(F)(F)c1cc(cc(c1)C(F)(F)F)-c1nnn(c1)C/C/1=C/CC[C@]2(O[C@H]2[C@H]2OC(=O)C([C@@H]2CC\1)=C)C,1,527.46497,4.6755199
100,O(CCCC)c1nc2c(cc1C1Nc3c(cccc3)C(=O)NC1)cccc2,1,361.44498,4.402
391,Brc1cc(\C=C\C(=O)c2ccc(Br)cc2)c(O)cc1,1,382.05099,5.388
189,O1c2c(C(=O)C=C1C)c(O)c1c(cc(O)cc1OC)c2,1,272.25597999999997,2.391
206,Clc1ccc(NC(=O)Nc2ccc(Oc3cc4cc(OC)c(OC)cc4nc3C)cc2)cc1C(F)(F)F,1,531.91797,5.8985
1,O=C1N(CCC[NH2+]CCCC[NH2+]CCC[NH2+]CCCN2C(=O)c3c4c(cccc4ccc3)C2=O)C(=O)c2c3c1cccc3ccc2,1,622.78998,5.329
188,Clc1cc(SCc2cc(OC)c(OC)c(OC)c2)c(S(=O)(=O)NC(NO)=N)cc1-c1sc(nn1)-c1ccccc1,1,622.14697,5.800479900000001
90,[Se](CC(OC(=O)[C@H](NC(=O)C(C)(C)C)CSSC(C)(C)C)C(=O)NCCCCCC(OCc1ccccc1)=O)C1=C(C)C(=O)c2c(cccc2)C1=O,1,817.9299900000001,7.272999799999999
31,O1[C@H]2[C@@H](CC\C(=C/CC[C@]3(O[C@H]23)C)\COC(=O)c2oc3c(c2)cccc3)C(=C)C1=O,1,408.44998,3.5810001000000002
191,s1c(ccc1-c1cc(F)c(cc1)C(=[NH2+])N)-c1cc(OC)cc(OC)c1,1,357.42899,4.619999900000001
141,O1c2c(cc(cc2O)\C=C\C(OC)=O)[C@@H](C(OC)=O)[C@@H]1c1cc(O)c(O)cc1,1,386.35598999999996,3.0710001
265,P(Oc1c2c(-c3c(cc(OC)c(OC)c3OC)COC2)ccc1OC)(=O)([O-])[O-],1,410.315,1.23522
368,Clc1cc(SCc2cc3OCOc3cc2)c(S(=O)(=O)NC(NO)=N)cc1-c1sc(nn1)-c1ccc(Cl)cc1,1,610.52301,6.656000099999999
456,O1c2c(OC1)cc1[nH]c3c(CCN4C3=Nc3c(cccc3)C4=O)c1c2,1,331.33099,2.5869999
381,Brc1cc(N)cc(Br)c1-c1oc(nn1)CCC(=O)c1[nH]c2c(n1)cccc2,1,491.14300999999995,3.766
35,O1[C@H]2[C@@H](CC\C(=C/CC[C@]3(O[C@@H]23)C)\Cn2nnc(c2)-c2cc(C)c(cc2C)C)C(=C)C1=O,1,433.55199999999996,3.6589998999999995
284,O(C)c1ccccc1C[NH2+]CCCN1C(=O)c2c3c(ccc4c3c(cc2)C(=O)N(CCC[NH2+]CCCC[NH2+]CCC[NH3+])C4=O)C1=O,1,632.80597,3.3169998999999994
179,O(C)c1c(O)c(OC)ccc1C(=O)c1cc(OC)c(O)c(OC)c1,1,334.32401,2.6930001
36,Fc1ccc(cc1)-c1nnn(c1)C/C/1=C/CC[C@]2(O[C@H]2[C@H]2OC(=O)C([C@@H]2CC\1)=C)C,1,409.461,2.8480000000000003
399,Brc1ccc(cc1)-c1nc2SC=C(n2c1)CC(=O)N\N=C\c1ccc(Cl)cc1Cl,0,508.22699000000006,6.401
394,O=C(Nc1ccccc1)CCCCCCC(=O)N[O-],1,263.31699,2.3150001000000002
27,O1[C@H]2[C@@H](CC\C(=C/CC[C@]3(O[C@H]23)C)\COC(=O)c2c3c([nH]c2)cccc3)C(=C)C1=O,1,407.466,3.596
111,O(C)c1ccccc1C[NH2+]CCCN1C(=O)c2c3c(ccc4c3c(cc2)C(=O)N(CCC)C4=O)C1=O,1,486.548,4.202000099999999
97,OC[C@@H]([NH2+]CCCCCCCCCCCCCC)[C@H](O)c1ccc([N+](=O)[O-])cc1,1,409.591,6.2930002
454,Clc1ccc(cc1)CN1C(=Nc2c(cccc2)C1=O)\C=C\c1cccnc1,1,373.84299,4.566999900000001
86,O=C1CC2(CCC1(C)C2(C)C)CN1c2c(cccc2)C(=O)C1=O,0,311.38097999999997,2.1370001
441,Clc1ccc(cc1)C1N(N=C(C1)c1cc(Nc2c3c([nH+]cc2)cc(Cl)cc3)ccc1)C=O,1,462.35999000000004,6.820000200000001
178,Fc1cc(OC)c(cc1OC)C(=O)c1cc(OC)c(OC)c(OC)c1,1,350.34198,2.9974799
103,O1Cc2c(c(c3Oc4c(Oc3c2C)cccc4)CCCC)C1=O,1,310.349,4.0640001
124,O1[C@@]2(C[C@@H](OC(=O)CO)[C@]1([C@H]1[C@H]([C@@H]2OC(=O)\C=C\c2ccccc2)[C@@H](CC1)CC)C)C(C)C,1,456.57898,5.8400002
318,Brc1cc(\C=C\C(=O)c2ccc(cc2)C)c(O)cc1,1,317.18201,4.888
221,Clc1ccccc1NC(=O)CSC=1N2N=C(c3ccc(OC)cc3)C(=O)N=C2c2c(N=1)cccc2,1,503.97,6.005000099999999
262,O(C)c1cc2c(-n3c4c(C2=O)c(NCCC[NH+]2CC[NH+](CC2)CCCN2C(=O)c5cc([N+](=O)[O-])cc6c5c(ccc6)C2=O)ccc4nc3)cc1,1,675.74597,4.809
455,O=C1N(Cc2ccccc2)C(=Nc2c1cccc2)\C=C\c1cccnc1,1,339.39797999999996,3.9749999
23,O1[C@H]2[C@@H](CC\C(=C/CC[C@]3(O[C@@H]23)C)\COC(=O)CCC(=O)NCCCCCCCCCNC(=O)CCC(OC/C/2=C/CC[C@]3(O[C@H]3[C@H]3OC(=O)C([C@@H]3CC\2)=C)C)=O)C(=C)C1=O,1,851.047,4.6240001
395,s1c2c(-n3nnc(c3N(CCCC(=O)NCCc3nc[nH]c3)C2=O)-c2ccccc2)c2c1cccc2,1,497.58297999999996,2.411
80,O1[C@@]2(C[C@@H](OC(=O)CO)[C@]1([C@H]1[C@H]([C@@H]2OC(=O)\C=C\c2ccccc2)[C@@H](CC1)C)C)C(C)C,1,442.55199999999996,5.3979998
432,s1cccc1C1N(N=C2C1Cc1c2cccc1)c1ccc(S(=O)(=O)\N=C\2/SCC(=O)N/2C(=O)c2ccccc2)cc1,0,598.72797,6.846000200000001
269,s1c2cc(OC)ccc2nc1NC(=O)COc1cc(ccc1OC)\C=C/c1cc(OC)c(OC)c(OC)c1,1,536.60498,5.0512199
260,O(C)c1cc2NC(=O)CN(c2cc1)c1nc(nc2c1cccc2)C,1,320.35199,2.2179999
152,s1cc(nc1-c1c2c([nH]c1)cccc2)-c1c2cccnc2n(c1)CCOC,1,374.46799,4.289
19,Fc1cc(OC)c(cc1OC)C(=C)c1cc(OC)c(OC)c(OC)c1,1,348.37,4.022480000000001
238,O1c2cc(ccc2OC1)-c1n[nH]c(c1)\C=C\C(=O)c1cc(OC)c(OC)cc1,1,378.384,3.8187398999999997
264,O1Cc2c(-c3c(cc(OC)c(OC)c3OC)C1)ccc(OC)c2O,1,332.35199,2.81848
457,O=C1N2C(=Nc3c1cccc3)c1[nH]c3c(c1CC2)cccc3,0,287.32198999999997,2.845
324,S1\C(=C/c2c3c(nc4c2cccc4)cccc3)\C(=O)N(Cc2ccc(cc2)C)C1=O,0,410.49698,6.428
286,O(C)c1ccccc1C[NH2+]CCCN1C(=O)c2c3c(ccc4c3c(cc2)C(=O)N(CCC[NH2+]CC[NH2+]CCC[NH3+])C4=O)C1=O,1,604.7520099999999,2.4330001
127,O(Cc1ccccc1)c1nc(nc2[nH]cnc12)\N=N\N(C(=O)N(\N=N\c1nc(OCc2ccccc2)c2nc[nH]c2n1)C)C,0,592.58398,0.75111997
172,S(C)C=1NC(=O)C2=C(N=1)NC\1=C(C[NH+](C/C/1=C\c1cc(OC)c(OC)c(OC)c1)C)C2c1cc(OC)c(OC)c(OC)c1,1,609.724,3.5309601
375,S(=O)(=O)(N)c1ccc(cc1)\C=C\c1ccc(F)cc1,0,277.319,3.0910001
46,O1C(CC(=C)C1=O)(COc1c2nc(ccc2ccc1)C)c1ccccc1,1,345.39797999999996,4.381
321,Oc1ccc(cc1C1NN=C(C1)c1ccc(cc1)C)Cc1cc(C2NN=C(C2)c2ccc(cc2)C)c(O)cc1,1,516.64496,7.636000200000001
12,Fc1ccc(cc1C)C[NH2+]CCC[C@H](NC(=O)[C@@H]1N(CCC1)C(=O)[C@H](NC(=O)[C@@H](NC(=O)[C@@H](NC(=O)[C@H](NC(=O)CCCC(C)C)C(C)C)[C@H](O)C)C(C)C)C(C)C)C(=O)N[C@H]([C@H](CC)C)C(=O)N[C@@H]1[C@H](OC(=O)[C@@H](NC(=O)/C(/NC(=O)[C@@H](NC(=O)[C@H](NC(=O)[C@H](NC1=O)[C@H](CC)C)C(C)C)Cc1ccccc1)=C/C)C(C)C)C,1,1601.049,8.6590004
247,O(C)c1ccc(N(C)c2nc(nc3c2n(cc3Cc2ccccc2)C)C)cc1,1,372.47198,5.3430599999999995
158,Brc1cc(cc(Br)c1OC)CC[NH3+],1,310.009,2.872
54,O1C(CC(=C)C1=O)(CN1C=CC(=O)NC1=O)c1ccc(cc1)-c1ccccc1,1,374.39599999999996,3.1270001
22,O1[C@H]2[C@@H](CC\C(=C/CC[C@]3(O[C@@H]23)C)\COC(=O)CCC(=O)N2CCC(CC2)C)C(=C)C1=O,0,445.556,2.4389998999999998
467,[nH]1cc(c2c1cccc2)CCNc1ncnc2c1cccc2,0,288.35400000000004,3.0910001
364,s1c(ccc1-c1ccccc1)-c1cc(F)c(cc1)C(=[NH2+])N,0,297.37698,4.5970001
420,Clc1ccccc1OC(=O)c1ccccc1Nc1cc([nH+]cc1)C(F)(F)F,1,393.772,5.50176
51,BrC1=CN(CC2(OC(=O)C(C2)=C)c2ccc(F)cc2)C(=O)NC1=O,0,395.18399,2.197
295,Clc1cc2SC=3N(c2cc1)C(=N)C(C#N)=C(SC)N=3,1,306.80099,3.7880001000000005
129,[NH+](=C(N)N)C(=[NH2+])N(C)C,0,131.183,-0.17399999
7,O1[C@H](CO)[C@](O)(C#C)[C@@H](O)[C@@H]1n1c2ncnc(N)c2cc1,1,290.27898999999996,-1.351
235,O(C)c1c(OC)cc(cc1OC)-c1n[nH]c(c1)\C=C\C(=O)c1ccc(OC)cc1,1,394.42699999999996,3.8124800000000003
229,s1c2cc(OC(F)(F)F)ccc2nc1NC(=O)COc1cc(ccc1OC)\C=C\C(=O)c1cc(OC)c(OC)c(OC)c1,1,618.5849599999999,6.0489802
333,o1nc(C)c(-c2cc(cc(O)c2)C(O)c2ccccc2)c1C,1,295.33797999999996,3.8169998999999994
222,o1nc(c(c1)-c1cc(OC)c(OC)c(OC)c1)-c1ccc(OC)cc1,1,341.36301000000003,3.5104799
400,Brc1ccc(cc1)-c1nc2SC=C(n2c1)CC(=O)N\N=C\c1ccc(O)cc1,0,455.336,4.8740001
106,s1c2cc(SCCC)ccc2nc1NC(OCC)=O,1,296.41501,4.0349998
244,Brc1cc\2c(NC(=O)/C/2=C\2/SC(=NC/2=O)N2N=C(CC2c2ccc(OC)cc2)c2cc3c(cc2)cccc3)cc1,1,609.50397,8.342
249,s1c2CCCCCCc2c2c1nc(nc2N1CCN(CC1)c1ccc(OC)cc1)-c1ncccc1,0,485.65601,5.20506
