,Smiles,Label,Weight,logP(o/w)
409,O1c2c(NC1=O)cc(cc2)-c1nc(cc(c1)-c1ccccc1)-c1cc2NC(=O)COc2cc1,1,435.439,4.652
437,S(Sc1c2c(ccc1O)cccc2)c1c2c(ccc1O)cccc2,0,350.46201,6.923999799999999
71,S1c2c(cc(N/C(/S)=N/c3ccc([N+](=O)[O-])cc3)cc2)C(CC1(C)C)(C)C,1,401.55499,6.986000099999999
170,o1c(nnc1COc1ccc(cc1OC)C#N)-c1ccc(cc1)C,0,321.336,3.27474
63,Oc1ccc(cc1CCC(=O)[O-])C[C@H](NC(=O)[C@@H](NC(=O)[C@@H](NC(OCC1c2c(-c3c1cccc3)cccc2)=O)CCCC(=O)[O-])CC(C)C)C(=O)N[C@@](CCC(=O)[O-])(C(=O)N[C@@H](CC(=O)N)C(=O)N)C,0,985.0369900000001,2.5739999
319,s1c(-c2nc(ncc2)Nc2ncc(N3CCOCC3)cc2)c(nc1NC(C)C)C,1,411.534,1.42
354,Clc1ccc(cc1)-c1n[nH]nc1C#N,0,204.62,1.962
122,Clc1cc(Nc2ncnc3c2cc(NC(=O)\C=C\C(F)(F)F)c(OCCOCC)c3)ccc1F,1,498.86397999999997,4.1395001
349,Fc1ccc(cc1)-c1oc(nn1)COc1ccc(cc1)-c1ocnn1,0,338.298,3.4549999
147,Clc1cc(Nc2ncnc3c2cc(cc3)-c2oc(cc2)[C@H]([NH+](C)C)CS(=O)(=O)C)ccc1OCc1cc(F)ccc1,1,596.10297,5.2309999000000005
189,O(C)c1c(OC)cc(cc1OC)C(=O)c1cc(ccc1)-c1cc(O)c(cc1)C,1,378.42398,4.88448
187,Fc1cc(ccc1C)-c1nc(ccc1)C(=O)c1cc(OC)c(OC)c(OC)c1,1,381.40297999999996,3.9984801
74,P(=O)([O-])([O-])Cc1ccc(cc1)[C@H]1\C=C\C[C@H](CNC(=O)[C@@H](NC(=O)C(NC(=O)[C@H]1CC(=O)[O-])(C)C)CC(=O)N)CC=1CCC=C2C=1C=CC=C2,1,705.72498,-0.052000001
153,S(c1ccccc1C(=O)NC)c1cc2[nH]nc(c2cc1)\C=C\c1ncccc1,0,386.47900000000004,4.6430001
155,O(C(=O)C(=O)NCC(OC)=O)C,0,175.14,-1.045
375,s1c2ncnc(Nc3cc(NC(=O)\C=C\c4cc(ccc4)C(F)(F)F)ccc3)c2cc1,1,440.44901,5.2177601
348,Fc1cc(cc(N2CCOCC2)c1)C1=N\C(\NC=C1)=N/c1ccc(-n2nc(nc2)N2CCOCC2)cc1,1,502.55399000000006,1.409
56,o1c(cnc1-c1cncnc1)-c1ccc(OCC=C(C)C)cc1,0,307.353,1.929
205,s1cc(cc1)-c1nc(ccc1)C(=O)c1cc(OC)c(OC)c(OC)c1,1,355.414,3.1624801
250,Clc1ccc(cc1)[C@H]1N(C(=O)N2CC(=O)NCC2)C(=N[C@H]1c1ccc(Cl)cc1)c1ccc(OC)cc1OC(C)C,0,581.5,5.4460001
41,o1c(cnc1-c1cccnc1)-c1ccc(OC\C=C(\CCC=C(C)C)/C)cc1,0,374.48398,3.938
214,O1C[C@@H]2Cc3c(cc4OCOc4c3)[C@]1([C@H]2CO)c1cc(OC)c(OC)c(OC)c1,1,400.42699999999996,2.58848
77,Oc1c2c(ccc1)C(=O)C(=CC2=O)C,0,188.18198999999998,1.3839999
293,[S+](CCCNC(=O)c1nc(sc1)-c1nc(sc1)CCNC(=O)[C@@H](NC(=O)[C@H]([C@H](O)[C@H](NC(=O)[C@@H](NC(=O)c1nc(nc(N)c1C)[C@@H]([NH2+]C[C@H]([NH3+])C(=O)N)CC(=O)N)[C@@H](O[C@@H]1O[C@@H](CO)[C@@H](O)[C@H](O)[C@@H]1O[C@H]1O[C@H](CO)[C@@H](O)[C@H](OC(=O)N)[C@@H]1O)c1nc[nH]c1)C)C)[C@H](O)C)(C)C,0,1417.589,-11.56373
345,Clc1cc(ccc1)C1=CC(=O)N(c2c1cc(cc2)[C@]([NH3+])(c1ccc(Cl)cc1)c1n(cnc1)C)C,0,490.414,5.7989998
103,o1c(cnc1-c1ncc(cc1)C[NH+](CC)CC)-c1ccc(OCC=C(C)C)cc1,1,392.52297999999996,3.96153
37,O=C1C(=CC(=O)C=C1N[C@@H](Cc1[nH]c2c(c1)cccc2)C(=O)[O-])C(C)(C)C,0,365.409,3.1319999999999997
269,Clc1cc(Nc2ncnc3c2cc(cc3)-c2oc(cc2)C[NH2+]CCS(=O)(=O)C)ccc1OCc1cc(F)ccc1,1,582.07599,4.842
431,O1c2c(ccc(O)c2)C(=C(c2ccc(O)cc2)C1=O)c1ccc(O)cc1,0,346.33797999999996,4.829999900000001
84,O=C1C(=CC(=O)C=C1N[C@H](C(C)C)C(=O)[O-])C[C@]1([C@@H]2CCC=C(C)[C@]2(CC[C@@H]1C)C)C,1,426.577,4.5999999
274,S(CC[C@H](N\C=C/1\C(=NNC\1=O)c1ccccc1)C(=O)[O-])C,0,318.37698,1.847
33,O=C1N(c2nc(ncc2C(C)=C1C(=O)C)Nc1ncc(N2CC[NH2+]CC2)cc1)C1CCCC1,0,448.55099,1.161
32,o1c(cnc1-c1cncnc1)-c1ccc(OC(=O)C)cc1,0,281.27099999999996,1.092
343,Clc1cc(Cl)ccc1C1=C(c2c3c(n(c2)C)cccc3)C(=O)NC1=O,0,371.22299,5.077000099999999
211,O1C[C@H]2[C@@H]([C@@H](c3c(cc4OCOc4c3)[C@H]2O[C@@H]2O[C@H]3[C@@H](O[C@@H](OC3)C)[C@H](O)[C@H]2O)c2cc(OC)c(O)c(OC)c2)C1=O,0,588.56201,1.6160001
364,Fc1cc(F)ccc1-c1nc(N(C(=O)N)c2c(F)cccc2F)ccc1C(=O)N,0,404.32300000000004,3.0139999
3,O1[C@H]2C=3[C@H]([C@H](OC(=O)CCCCCCC)[C@@H](OC(=O)\C(=C/C)\C)C=3C)[C@@](OC(=O)C)(C[C@H](OC(=O)CCC)[C@]2(O)[C@@](O)(C)C1=O)C,1,650.7619599999999,4.08674
388,Clc1ccc(NC(=O)c2cc(C(F)(F)F)c(Cl)cc2)cc1C(=O)Nc1ccc(nc1)-c1[nH]ccn1,1,520.29797,4.684820200000001
50,o1c(cnc1-c1ncc(cc1)C[NH+]1CC[NH+](CC1)C)-c1ccc(OCC=C(C)C)cc1,1,420.55697999999995,2.8045299
385,Oc1ccc(O)cc1CCc1cc(C(=O)NCCc2ccccc2)c(O)cc1,1,377.44,4.3629999
394,O=C/1N(N=C(\C\1=C\N[C@H](C(=O)[O-])CO)c1ccccc1)c1ccccc1,0,350.35400000000004,2.0079999
356,Fc1cc(ccc1Oc1ccccc1)-c1n[nH]nc1C#N,0,280.26198999999997,3.168
167,O(C)c1c(OC)cc(cc1OC)-c1n[nH]nc1C#N,0,260.25299,0.81147999
129,Clc1cc(Nc2ncnc3c2cc(NC(=O)\C=C\C[NH+](C)C)c(OCCOCC)c3)ccc1OCCOCC,1,559.0869799999999,3.0674801
368,S(=O)(=O)(N)c1ccc(cc1)CNSC(=S)N1CCOCC1,0,347.48401,0.60100001
65,O=C1C(=CC(=O)C=C1N[C@@H](CC(C)C)C(=O)[O-])C(C)(C)C,0,292.35497999999995,2.8089999999999997
230,O(C)c1cc2c(cc1OC)c1cc(OC)c(OC)cc1cc2-c1[nH]c2cc(ccc2n1)C(=O)[O-],0,457.46198,4.900479799999999
36,O=C1C(=CC(=O)C=C1NCCC(=O)[O-])C(C)(C)C,0,250.27399,1.021
12,Clc1cc(Nc2ncnc3c2cc(NC(=O)C=C)c(OCCOCC)c3)ccc1F,1,430.86699999999996,3.3947401
1,s1cc(nc1C)\C=C(/C)\[C@H]1OC(=O)C[C@H](O)C(C)(C)C(=O)[C@H](C)[C@@H](O)[C@H](CCC[C@]2(O[C@H]2C1)C)C,1,507.69199000000003,3.7620001000000003
114,s1cccc1CNC(=S)[N-]\N=C(\CC(=O)c1c2c(ccc1)C(=O)c1c(cccc1)C2=O)/C(OCC)=O,0,518.5939900000001,4.0139999
144,Clc1cc(Nc2ncnc3c2cc(NC(=O)\C=C\C[NH+](C)C)c(O[C@H]2CCOC2)c3)ccc1F,0,486.95499,3.372
397,Oc1ccc(cc1)C[C@H](N\C=C/1\C(=NN(C\1=O)c1ccccc1)c1ccccc1)C(=O)[O-],0,426.452,4.27
78,ICC1Oc2c3c(ccc2C1)C(=O)C(=CC3=O)C,0,354.14301,2.8269999
179,O(C)c1c(OC)cc(cc1OC)C(=O)c1nc(ccc1)-c1c2c([nH]c1)cccc2,1,388.423,3.71348
81,O=C1C=C(N2CCC[C@H]2C(=O)[O-])C(=O)C=C1C[C@]1([C@@H]2CCC=C(C)[C@]2(CC[C@@H]1C)C)C,0,424.561,4.0869998999999995
223,O1CC23C4C2COC4c2c(cc(OC)c(OC)c2)C13c1cc(OC)c(OC)c(OC)c1,0,426.465,2.6962199
396,O=C/1N(N=C(\C\1=C\N[C@@H](Cc1nc[nH]c1)C(=O)[O-])c1ccccc1)c1ccccc1,0,400.418,2.109
266,O1[C@@H](C)[C@@H](O)[C@@H]([NH3+])C[C@@H]1O[C@@H]1c2c(C[C@](O)(C1)C(=O)CO)c(O)c1c(C(=O)c3c(cccc3OC)C1=O)c2O,1,544.53296,0.50700003
70,S(=O)(=O)(CC(O)(C(=O)Nc1cc(C(F)(F)F)c(cc1)C#N)C)c1ccc(F)cc1,0,430.37799,2.50176
369,S(=O)(=O)(N)c1ccc(NSC(=S)N2CCOCC2)cc1,0,333.457,0.46700001
414,O=C/1NN=C(\C\1=C\N[C@@H](Cc1c2c([nH]c1)cccc2)C(=O)[O-])c1ccccc1,0,373.392,2.928
430,Fc1cc(ccc1O)C1=C(c2c(OC1=O)cc(O)cc2)c1cc(F)c(O)cc1,0,382.31799,5.2059999
408,O1CC=Cc2c1c1c(cc2)C(=O)C=CC1=O,0,212.20399,2.066
200,O(C)c1c(OC)cc(cc1OC)C(=O)c1nc(ccc1)-c1cc(O)ccc1,1,365.38498,3.2414801
66,O=C1C(=CC(=O)C=C1N[C@H](C(C)C)C(=O)[O-])C(C)(C)C,0,278.328,2.3670001
150,S(=O)(=O)(N(C)c1ncccc1CNc1nc(ncc1C(F)(F)F)Nc1cc2CC(=O)Nc2cc1)C,0,507.49698,1.07576
304,FC(F)(F)c1cc(NC(=O)c2cc(C#Cc3n4N=CC=Cc4nc3)c(cc2)C)ccc1C[NH+]1CC[NH+](CC1)C,0,534.586,4.884759900000001
146,O(CC[NH+](C)C)c1ccc(cc1)-c1[nH]c(c(n1)-c1ccncc1)-c1cc2c(cc1)/C(=N/O)/CC2,0,454.55399000000006,3.9159998999999996
45,o1c(cnc1-c1ncc(cc1)C[NH+](C)C1CCCCC1)-c1ccc(OCC=C(C)C)cc1,1,432.58797999999996,5.2585301
60,S1(=O)CC(=O)N[C@@H](CC(C(=O)[O-])C(=O)[O-])C(=O)N[C@@H](CC(C)C)C(=O)N[C@@H](Cc2cc(N)c(O)cc2)C(=O)N[C@](CCCC(=O)[O-])(C)C(=O)N[C@@H](CC(=O)N)C(=O)NCCCCC(=O)N[C@@H](C1)C(=O)N,0,1008.053,-4.948
195,O(C)c1c(OC)cc(cc1OC)C(=O)c1nc(ccc1)-c1ccc([N+](=O)[O-])cc1,1,394.38300000000004,3.44748
141,FC(F)(F)c1cc(NC(=O)c2cc(C#Cc3nn(c4ncnc(N)c34)CC)c(cc2)C)ccc1C[NH+]1CC[NH+](CC1)C,1,578.64301,3.9152901
22,Oc1c(cccc1\C=N\NC(=O)C[NH+]1CC[NH+](CC1)Cc1ccccc1)CC=C,0,394.51898,3.7049999
327,s1c(-c2nc(ncc2)Nc2ncccc2)c(nc1NC1CCCC1)C,1,352.466,2.674
90,O(CC[NH+](C)C)c1ccc(cc1)C(=C(CC)c1ccccc1)c1ccc(O)cc1,0,388.53101000000004,6.3899999
124,Clc1cc(Nc2ncnc3c2cc(NC(=O)\C=C\Cl)c(OCCOCC)c3)ccc1F,1,465.31198,3.51074
247,o1c(nnc1COc1ccc(cc1)-c1ocnn1)-c1ccc(OC)cc1,0,350.33398,3.2579999
406,Oc1c2c(ccc1)C(=O)C=CC2=O,0,174.155,1.34
236,O1c2cc(OCc3nnn(c3)Cc3c4cc(OC)c(OC)cc4c4cc(OC)c(OC)cc4c3)ccc2OC1,0,529.54901,4.372479900000001
40,o1c(cnc1-c1ccccc1)-c1ccc(OC\C=C(\CCC=C(C)C)/C)cc1,0,373.496,5.171
347,s1c(-c2nc(ncc2)Nc2ncc(N3CCOCC3)cc2)c(nc1NC1CCCC1)C(F)(F)F,1,491.54199000000006,2.7907599999999997
134,Fc1cc(ccc1O)C=1C(Oc2c(ccc(O)c2)C=1CC)=O,0,300.285,4.1389999
362,s1c(cc(NC(=O)N)c1C(=O)N[C@H]1CCC[NH2+]C1)-c1cc(F)ccc1,1,363.43698,1.64
395,O=C/1N(N=C(\C\1=C\N[C@@H](Cc1c2c([nH]c1)cccc2)C(=O)[O-])c1ccccc1)c1ccccc1,1,449.48999000000003,4.7789998
289,O1c2c(CCC1(COc1ccc(cc1)CC1CC(=O)NC1=O)C)c(C)c(O)c(C)c2C,0,423.509,3.8050001000000004
383,Oc1ccc(cc1C(=O)NCCc1ccccc1)\C=C/c1cc(O)ccc1O,1,375.42398,4.8309999
83,O=C1C(=CC(=O)C=C1NCCC(=O)[O-])C[C@]1([C@@H]2CCC=C(C)[C@]2(CC[C@@H]1C)C)C,1,398.52297999999996,3.2539999
386,Ic1cc(Cl)c(Nc2c(F)c(F)ccc2C(=O)NOCC2CC2)cc1,0,478.664,5.665
34,O=C1C=C(N2CCC[C@H]2C(=O)[O-])C(=O)C=C1C(C)(C)C,0,276.31198,1.854
244,O(C)c1ccc(cc1)-c1n[nH]nc1C#N,0,200.20099,1.3259999999999998
277,S(C[C@H](N\C=C/1\C(=NN(C\1=O)c1ccccc1)c1ccccc1)C(=O)[O-])C,1,380.44800000000004,3.2560000000000002
387,Ic1cc(F)c(Nc2c(F)c(F)ccc2C(=O)NOC[C@H](O)CO)cc1,0,482.19597999999996,3.1400001
67,[nH]1nc(-c2ccc(cc2)C(C)C)c(n1)C#N,0,212.25599999999997,2.513
113,S=C(NCc1occc1)[N-]\N=C(\CC(=O)c1c2c(ccc1)C(=O)c1c(cccc1)C2=O)/C(OCC)=O,0,502.52698,3.1989999
372,O=C1NC(=O)CCC1N1Cc2c(cccc2N)C1=O,0,259.26498,-0.177
412,ClC1=C2N(C(=O)C(Nc3ncncc3)=C1)C1(NC2=O)CCCCC1,0,345.78997999999996,2.2620001
73,O=C(Nc1cc2NCC(c2cc1)(C)C)c1cccnc1NCc1ccncc1,0,373.45999,2.549
206,O(C)c1c(OC)cc(cc1OC)C(=O)c1cc(cnc1)-c1cc(O)c(cc1)C,1,379.41199,3.6504800000000004
423,S=C(Nc1c2c(c3c(c1)c1c(cc3)cccc1)cccc2)Nc1ccc([N+](=O)[O-])cc1,1,423.496,6.810999900000001
366,O=C1N2C(=N[N-]1)c1cc(c(nc1C=C2)-c1ccc(cc1)C1([NH3+])CCC1)-c1ccccc1,0,407.47699,4.7199998
198,O(C)c1c(OC)cc(cc1OC)C(=O)c1nc(ccc1)-c1cc(ccc1)C,1,363.41299,3.8474801
216,O1C[C@@H]2Cc3c(cc4OCOc4c3)[C@]1([C@@H]2CO)c1cc(OC)c(OC)c(OC)c1,1,400.42699999999996,2.58848
57,Oc1c2c(C(=O)C=C([C@H](O)CC=C(C)C)C2=O)c(O)cc1,1,288.29898,1.2770000000000001
328,s1c(-c2nc(ncc2F)Nc2ncc(N3CCC([NH+](C)C)CC3)cc2)c(nc1NC1CCCC1)C,1,497.66699000000006,3.2679999
160,S=C1N=C(C2=C(N1)C([C@@H]1CC[C@@]3([C@H](CC=C4[C@@H]5CC(CC[C@@]5(CC[C@@]34C)C(OC)=O)(C)C)[C@]1(C2)C)C)(C)C)c1ccccc1,0,612.92297,7.801000099999999
358,[nH]1nc(-c2ccccc2)c(n1)C#N,0,170.175,1.37
178,Fc1cc(cc(c1)C(=O)c1cc(OC)c(OC)c(OC)c1)-c1cc(O)c(cc1)C,1,396.414,5.1114802
224,O1c2c([C@H]3[C@@H](C1)[C@@H](Cc1cc(OC)c(OC)cc13)CO)cc(OC)c(OC)c2OC,0,416.47,2.33722
102,O(C)c1cc(cc(OC)c1)-c1cc2c(nc1NC(=O)NC(C)(C)C)nc(nc2)NCCCC[NH+](CC)CC,0,524.69,3.9679998999999997
432,S=C(Nc1ccc([N+](=O)[O-])cc1)Nc1cc2-c3c(cccc3)C(Oc2cc1)=O,0,391.40698,4.7340002
30,O1[C@@H]2C[C@H](O)[C@@]3([C@H]([C@H](OC(=O)c4ccccc4)[C@]4(O)C[C@H](OC(=O)[C@H](O)[C@@H](NC(OC(C)(C)C)=O)c5ccccc5)C(=C([C@@H](O)C3=O)C4(C)C)C)[C@]2(OC(=O)C)C1)C,1,807.88995,3.5799999
252,O(C)c1ccc(cc1C(=O)NCCc1ccccc1)\C=C/c1cc(OC)ccc1OC,1,417.505,5.6230001
323,s1c(-c2nc(ncc2)Nc2ncc(N3CC[NH+](CC3)C)cc2)c(nc1NC1CCCC1)C,1,451.62299,2.1129999
298,O1c2c(ccc(O)c2)C(C)=C(c2ccc(O)cc2C)C1=O,0,282.29498,3.8089999999999997
92,O(C)c1cc2N([C@@H]3[C@@]4([C@H]5[NH+](CC=C[C@@]5(CC)[C@@H](OC(=O)C)[C@]3(O)C(OC)=O)CC4)c2cc1[C@@]1(c2[nH]c3c(c2C[NH+]2CC(=C[C@@H](C1)C2)CC)cccc3)C(OC)=O)C,1,780.9630099999999,4.848
235,O(Cc1nnn(c1)Cc1c2cc(OC)c(OC)cc2c2cc(OC)c(OC)cc2c1)c1c(cc(cc1C)C)C,0,527.62097,5.6314802
333,s1c(-c2nc(ncc2F)Nc2ncc(N3CCOCC3)cc2)c(nc1NC1CCCC1)C,1,455.56198,2.3039999
400,Fc1ccc(cc1C(=O)N1CCN(CC1)C(=O)C1CC1)CC1=NNC(=O)c2c1cccc2,0,434.47098,2.5320001
229,Brc1cc2[nH]c(nc2cc1)-c1c2cc(OC)c(OC)cc2c2cc(OC)c(OC)cc2c1,0,493.35699000000005,5.900479799999999
145,o1c(cnc1-c1cncnc1)-c1ccc(OCC[NH+](C)C)cc1,0,311.36499,0.99199998
119,O=C/1NN=C(\C\1=C\Nc1n[nH]cc1C(OCC)=O)c1ccccc1,0,325.328,1.954
9,Clc1cc(Nc2ncnc(N)c2-c2occ(n2)CNC(=O)C=C)ccc1OCc1ncccc1,1,477.91199000000006,1.86
337,Clc1cc([N+](=O)[O-])ccc1OC1=Nc2c(c(nc3c2cccc3)C)C(=O)N1c1ccc(Cl)cc1,0,493.306,6.3189998
182,O(C)c1c(OC)cc(cc1OC)C(=O)c1nc(ccc1)-c1ccc(cc1)C(=O)C,1,391.423,3.3654799
82,O=C1C(=CC(=O)C=C1NCC(=O)[O-])C[C@]1([C@@H]2CCC=C(C)[C@]2(CC[C@@H]1C)C)C,1,384.496,3.1659999
142,[NH2+]=C(N(C)C)NC(=[NH2+])N,0,131.183,-0.44100001
365,P(OC[C@H]1O[C@@H](n2cnc(C(=O)N)c2N)[C@H](O)[C@@H]1O)(=O)([O-])[O-],0,336.19698999999997,-4.2750001
217,O1C[C@@H]2Cc3c(cc4OCOc4c3)[C@]1([C@@H]2COC(=O)C)c1cc(OC)c(OC)c(OC)c1,1,442.46399,3.17748
87,O=C1C(=CC(=O)C=C1N[C@@H](Cc1[nH]c2c(c1)cccc2)C(=O)[O-])C[C@]1([C@@H]2CCC=C(C)[C@]2(CC[C@@H]1C)C)C,0,513.65796,5.3649998
44,o1c(cnc1-c1ncc(cc1)C[NH+](C)C)-c1ccc(OCC=C(C)C)cc1,1,364.46898999999996,3.2795300000000003
139,FC(F)(F)c1cc2nc([nH]c2cc1)C[NH+]1CCN(CC1)c1ncncc1CC,0,391.42099,2.15576
31,O1c2c(C(=O)C(O[C@@H]3O[C@@H](C)[C@H](OC(=O)C)[C@@H](OC(=O)C)[C@H]3O)=C1c1ccc(O)cc1)c(O)cc(O)c2,0,516.45502,2.0057398999999996
403,o1cccc1-c1[nH]nc(N\C=C/2\C(=NN(C\2=O)c2ccccc2)c2ccccc2)c1,0,395.42199999999997,4.1989999000000005
258,O1C[C@@H]2Cc3c(cc4OCOc4c3)[C@]1([C@H]2C)c1cc(OC)c(OC)cc1,1,354.40198,4.052740099999999
248,Fc1cc(OCc2oc(nn2)-c2ccc(OC)cc2)ccc1C#N,0,325.29898,3.378
165,O=C1C=2N3C[C@@H]4[NH2+][C@@H]4[C@]3(OC)[C@@H](C=2C(=O)C(N)=C1C)COC(=O)N,1,335.34,-1.5290000000000001
353,Brc1ccc(cc1)-c1n[nH]nc1C#N,0,249.071,2.168
324,s1c(-c2nc(ncc2)Nc2ncc(N3CCN(S(=O)(=O)C)CC3)cc2)c(nc1NC1CCCC1)C,1,514.67902,0.94400001
393,O=C/1N(N=C(\C\1=C\N[C@H](Cc1ccccc1)C(=O)[O-])c1ccccc1)c1ccccc1,1,410.45300000000003,4.5780001
106,s1c(-c2nc(ncc2F)Nc2ncc(N3CC[NH+](CC3)CC)cc2)c(nc1NC1CCCC1)C,1,483.63998,2.6040001
332,s1c(-c2nc(ncc2F)Nc2ncc(N3CC[NH2+]CC3)cc2)c(nc1NC1CCCC1)C,1,455.586,1.995
168,O(C(=O)C(CO)(CO)C)c1ccc(cc1OC)\C=C\C(=O)\C=C(/[O-])\C=C\c1cc(OC)c(OC(=O)C(CO)(CO)C)cc1,1,599.60901,2.17048
260,Clc1cc2nc(n(c2cc1)Cc1ccccc1)-c1c2cc(OC)c(OC)cc2c2cc(OC)ccc2c1,1,509.00497,8.2947397
166,O1[C@@H](CC(=O)[C@@H](\C=C(/C)\[C@@H](O)[C@@H](OC)C(=O)[C@@H](C[C@@H](\C=C\C=C\C=C(/C)\[C@@H](OC)C[C@H]2O[C@](O)([C@@H](CC2)C)C(=O)C(=O)N2[C@@H](CCCC2)C1=O)C)C)C)[C@@H](C[C@H]1C[C@@H](OC)[C@H](OC(=O)C(CO)(CO)C)CC1)C,1,1030.303,6.00174
6,Clc1cc(Nc2ncnc3c2cc(NC(=O)C(F)=C)c(OCCOCC)c3)ccc1F,1,448.85699000000005,3.6267400000000003
295,Clc1ccc(NC(=O)c2cc(C)c(Cl)cc2)cc1C(=O)Nc1ccc(nc1)-c1[nH]ccn1,1,466.32800000000003,4.0480599
261,Fc1cc2[nH]c(nc2cc1)-c1c2cc(OC)c(OC)cc2c2cc(OC)ccc2c1,1,402.42499,5.512740099999999
307,S(=O)(=O)(N)c1cc(Nc2nc(N(C)c3cc4nn(C)c(c4cc3)C)ccn2)ccc1C,0,437.52797999999996,1.865
2,Brc1ccc(Br)cc1NC(=O)\C(=C(/[O-])\C)\C#N,0,358.99701,2.835
326,s1c(-c2nc(ncc2)Nc2ncc(N3CCOCC3)cc2)c(nc1NC1CCCC1)C,1,437.57199,2.154
181,O(C)c1c(OC)cc(cc1OC)C(=O)c1nc(ccc1)-c1ccc(cc1)C#N,1,374.39599999999996,3.1724801
280,O=C1C(=CC(=O)C=C1N[C@H](C(=O)[O-])C)C(C)(C)C,0,250.27399,1.395
228,Clc1cc2nc(n(c2cc1)Cc1ccccc1)-c1c2cc(OC)c(OC)cc2c2cc(OC)c(OC)cc2c1,0,539.0310099999999,8.0374804
143,S(CC(C(=O)c1cc2c(nc1)cccc2)CSC(=S)N(C)C)C(=S)N(C)C,1,437.67699999999996,3.0799999
380,Fc1ccc(cc1)CCNC(=O)c1cc(ccc1O)CCc1cc(O)ccc1O,1,395.42999,4.5159998
238,O(CCN(C)c1ncc(cn1)C(=O)N[O-])c1cc(cc2c1ncnc2C)-c1ccc(OC)nc1,1,460.474,1.329
94,Oc1ccc(cc1C(=O)NCCCCCC)\C=C/c1cc(O)ccc1O,1,355.43399,5.2360001
420,O=C/1NN=C(\C\1=C\Nc1n[nH]cc1)c1ccccc1,0,253.265,1.675
334,s1c(-c2nc(ncc2)Nc2ncc(N3CC[NH+](CC3)C)cc2)c(nc1Nc1ccccc1)C,1,459.60199000000006,2.3110001000000002
373,FC1(F)[C@H](O)[C@H](O[C@H]1N1C=CC(=NC1=O)N)CO,0,263.19998,-0.93808001
203,O(C)c1c(OC)cc(cc1OC)C(=O)c1nc(ccc1)-c1ccccc1C,1,363.41299,3.8084800000000003
95,O(C)c1ccc(cc1C(=O)NCCCCCC)\C=C/c1cc(OC)ccc1OC,0,397.51498,6.0279999
303,O1CC[NH+](CC1)CCOc1c2c(cccc2)c(NC(=O)Nc2n(nc(c2)C(C)(C)C)-c2ccc(cc2)C)cc1,0,528.677,4.9429998
199,O(C)c1c(OC)cc(cc1OC)C(=O)c1nc(ccc1)-c1cc(N)ccc1,1,364.401,2.87748
436,Oc1ccc(O)cc1C[NH2+][C@@H]1CCCC[C@H]1[NH2+]Cc1cc(O)ccc1O,1,360.45398,3.5799999
192,Fc1ccc(cc1)-c1nc(ccc1)C(=O)c1cc(OC)c(OC)c(OC)c1,1,367.37597999999997,3.6654799
265,s1c(C(=O)c2cc(OC)ccc2)c(nc1Nc1ccc(N2CC[NH+](CC2)C(C)C)cc1)N,1,452.603,3.6300001
221,O1c2c([C@H]3[C@@H](C1)[C@@H](Cc1c3cc3OCOc3c1)COC(=O)C)cc(OC)c(OC)c2OC,0,442.46399,2.9324801
233,O(C)c1cc2c(cc1OC)c1cc(OC)c(OC)cc1cc2Cn1nnc(c1)CN1C(=O)c2c3c(cccc3ccc2)C1=O,1,588.62,5.0964799
416,Oc1ccc(cc1)C[C@H](N\C=C/1\C(=NNC\1=O)c1ccccc1)C(=O)[O-],0,350.35400000000004,2.4189998999999998
69,S=C(Nc1ccc([N+](=O)[O-])cc1)NC(C)c1c2c(ccc1)cccc2,1,351.42999,4.849
237,Clc1cc(Nc2ncnc3c2cc(OCCC[NH+]2CCOCC2)c(OC)c3)ccc1F,0,447.918,3.14974
346,s1c(-c2nc(ncc2)Nc2ncc(N3CC[NH2+]CC3)cc2)c(nc1NC1CCCC1)C(F)(F)F,1,491.56597999999997,2.48176
262,O(C)c1cc2c(cc1OC)c1cc(OC)c(OC)cc1cc2-c1[nH]c2cc(OC)ccc2n1,1,444.48699999999997,5.0584798
152,s1c(-c2nc(ncc2)Nc2ncc(N3CC[NH+](CC3)C)cc2)c(nc1NC1CCCC1)C(F)(F)F,1,505.59299000000004,2.7497599
154,Fc1cc2c3c(CCNC2=O)c([nH]c3c1)-c1ccc(cc1)C[NH2+]C,0,324.379,3.24
246,s1c2c(nc(nc2N2CCOCC2)-c2ccc(OC)nc2)cc1CN(C)c1ncc(cn1)C(=O)N[O-],1,507.55499000000003,0.91299999
278,S(C[C@H](N\C=C/1\C(=NNC\1=O)c1ccccc1)C(=O)[O-])C,0,304.35001,1.405
222,o1nc(C)c(-c2cc3[nH]c4nc(nc(c4c3cc2OC)-c2c3c(ncc2)cccc3)C)c1C,1,435.48699999999997,4.5780001
302,[nH]1nc(-c2ccc(cc2)C)c(n1)C#N,0,184.202,1.6680000000000001
49,o1c(cnc1-c1ccc(nc1)C[NH+]1CCCCC1)-c1ccc(OCC=C(C)C)cc1,1,404.534,4.0580001
151,s1c(C(=O)c2cc3OCCOc3cc2)c(nc1Nc1ccc(N2CC[NH+](CC2)C)cc1)N,1,452.55899000000005,2.4289999
99,o1c(cnc1-c1cccnc1)-c1ccc(OCCC)cc1,1,280.327,3.2149999
231,Clc1cc2[nH]c(nc2cc1)-c1c2cc(OC)c(OC)cc2c2cc(OC)c(OC)cc2c1,1,448.90598,5.694479900000001
335,s1c(-c2nc(ncc2)Nc2ncc(N3CC[NH2+]CC3)cc2)c(nc1Nc1ccccc1)C,1,445.57498,2.043
79,O1CC=Cc2c1c1c(cc2)C(=O)C(=CC1=O)C,0,226.23099,2.1099999
193,O(C)c1c(OC)cc(cc1OC)C(=O)c1nc(ccc1)-c1ccc(N)cc1,1,364.401,2.8404800999999997
184,O(C)c1c(OC)cc(cc1OC)C(=O)c1nc(ccc1)-c1ccc(cc1)C(=O)N,1,392.41098,2.4554801
297,O=C/1NN=C(\C\1=C\Nc1n[nH]c(c1)C)c1ccccc1,0,267.29199,1.9709999999999999
234,O(C)c1cc2c(cc1OC)c1cc(OC)c(OC)cc1cc2Cn1nnc(c1)CO,0,409.44199,2.40148
272,Clc1ccc(NC(=O)c2ccc(S(=O)(=O)C)cc2Cl)cc1-c1ncccc1,0,421.30399000000006,4.0
101,Clc1cc2c([nH]cc2C(=O)c2c(F)c(NS(=O)(=O)CCC)ccc2F)nc1,0,413.832,3.5799999
378,Fc1ccc(cc1)CCNC(=O)c1cc(ccc1O)\C=C\c1cc(O)ccc1O,1,393.414,4.9840002
329,s1c(-c2nc(ncc2F)Nc2ncc(N3CCC[NH2+]CC3)cc2)c(nc1NC1CCCC1)C,1,469.61301,2.437
93,O=C1C(CCCCCCCCCCC)=C([O-])C(=O)C=C1[O-],0,292.375,4.6820002
208,S(=O)(=O)(C(C)C)c1ccccc1Nc1nc(nc2[nH]ccc12)Nc1ccc(N2CCC(O)CC2)cc1OC,1,536.65698,3.688
382,Oc1ccc(cc1C(=O)NCCc1ccccc1)\C=C\c1cc(O)ccc1O,1,375.42398,4.8309999
239,O(C)c1cc(ccc1OC)C=1N=C(n2c(ncc2)C=1)Nc1ncccc1C(=O)N,0,390.40297999999996,1.98774
359,P(=O)([O-])([O-])Cc1ccc(cc1)[C@H]1\C=C\C[C@H](CNC(=O)[C@@H](NC(=O)C2(NC(=O)[C@H]1CC(=O)[O-])CCCCC2)CC(=O)N)CC=1CCC=C2C=1C=CC=C2,1,745.78998,1.124
202,O(C)c1c(OC)cc(cc1OC)C(=O)c1nc(ccc1)-c1c2c([nH]cc2)ccc1,1,388.423,3.7144798999999997
180,O(C)c1c(OC)cc(cc1OC)C(=O)c1nc(ccc1)-c1cc[nH]c1,1,338.36301000000003,2.2814801
204,O(C)c1c(OC)cc(cc1OC)C(=O)c1nc(ccc1)-c1cccnc1,1,350.37399,2.27948
283,O1[C@H]2n3c4c(c5c(CNC5=O)c5c6c(n(c45)[C@]1(C)[C@](O)(C2)CO)cccc6)c1c3cccc1,1,439.47098,5.3895302
245,O(C)c1cc(ccc1OC)-c1n[nH]nc1C#N,0,230.22699,1.06874
309,P(=O)([O-])([O-])Cc1ccc(cc1)[C@H]1\C=C\C[C@H](CNC(=O)[C@@H](NC(=O)C2(NC(=O)[C@H]1CC(=O)[O-])CCCCC2)CC(=O)N)Cn1c2c(cc(cc2)C)cc1,1,746.77802,1.814
116,S=C(Nc1ccccc1)[N-]\N=C(\CC(=O)c1c2c(ccc1)C(=O)c1c(cccc1)C2=O)/C(OCC)=O,1,498.539,4.4310002
379,Fc1ccc(cc1)CCNC(=O)c1cc(ccc1O)\C=C/c1cc(O)ccc1O,0,393.414,4.9840002
43,ClC1=C(C2=C([O-])C(=O)c3c(ccc4O[C@@](C=Cc34)(CCC=C(C)C)C)C2=O)C(=O)c2c(cccc2)C1=O,0,513.953,5.827000099999999
188,O(C)c1c(OC)cc(cc1OC)C(=O)c1nc(ccc1)-c1cc(N)c(cc1)C,1,378.42798,3.17348
279,Fc1ncc(NC(=O)[C@]2(N(CCC2)C=2[NH+]=C(Nc3[nH]nc(c3)C3CC3)c3n(N=2)ccc3)C)cc1,0,462.51300000000003,3.71
88,O=C1C(=CC(=O)C=C1N[C@@H](Cc1ccccc1)C(=O)[O-])C[C@]1([C@@H]2CCC=C(C)[C@]2(CC[C@@H]1C)C)C,0,474.621,5.1630001
374,O1[C@H](CO)[C@@H](O)[C@H](O)[C@@H]1N1C=CC(=NC1=O)N,1,243.21899,-2.529
413,O=C/1NN=C(\C\1=C\N[C@H](C(=O)[O-])CO)c1ccccc1,0,274.25597999999997,0.15700001
232,O(C)c1cc2c(cc1OC)c1cc(OC)c(OC)cc1cc2Cn1nnc(c1)CN1C(=O)c2c(ccc(c2)C)C1=O,1,552.5869799999999,4.2114801
325,s1c(-c2nc(ncc2)Nc2ncc(N3CC[NH2+]CC3)cc2)c(nc1NC1CCCC1)C,1,437.59601,1.845
415,O=C/1NN=C(\C\1=C\N[C@@H](Cc1nc[nH]c1)C(=O)[O-])c1ccccc1,0,324.32001,0.25799999
301,o1c2c3c(ccc2cc1C)C(=O)C=CC3=O,0,212.20399,2.1319999999999997
240,O1C[C@@H](N(CC1)c1nc(nc2nc(ccc12)-c1cc(CO)c(OC)cc1)N1CCOC[C@@H]1C)C,1,465.55399000000006,1.99
421,s1c(-c2nc(ncc2)Nc2ncc(N3CCN(CC3)C=O)cc2)c(nc1NC1CCCC1)C(F)(F)F,1,518.56799,2.2997601000000003
391,Clc1cc2Sc3n(S(=O)(=O)c2cc1C(=O)Nc1c2nsnc2ccc1)ccn3,1,449.923,2.7249999
219,O1c2c([C@H]3[C@@H](C1)[C@@H](Cc1c3cc3OCOc3c1)C)cc(OC)c(OC)c2OC,0,384.42798,3.5504799
61,Oc1ccc(cc1N)C[C@H](NC(=O)[C@@H](NC(=O)[C@@H](NC(OCC1c2c(-c3c1cccc3)cccc2)=O)CC(C(=O)[O-])C(=O)[O-])CC(C)C)C(=O)NC1(CCCCC1)C(=O)N[C@@H](CC(=O)N)C(=O)N,0,941.008,2.3299999
225,O1C[C@@H]2Cc3cc(OC)c(OC)cc3[C@]1([C@H]2C)c1cc(OC)c(OC)c(OC)c1,1,400.47098,3.7892201
321,s1c(-c2nc(ncc2)Nc2ncc(N3CCCCC3)cc2)c(nc1NC1CCCC1)C,1,435.60000999999994,3.562
110,S=C(N)[N-]\N=C(/CC(=O)c1c2c(ccc1)C(=O)c1c(cccc1)C2=O)\C(OCC)=O,0,422.44097999999997,2.3770001
227,Clc1cc2nc(n(c2cc1)Cc1cc(cc(c1)C)C)-c1c2cc(OC)c(OC)cc2c2cc(OC)c(OC)cc2c1,0,567.0849599999999,8.744480099999999
35,O=C1C(=CC(=O)C=C1NCC(=O)[O-])C(C)(C)C,0,236.24698999999998,0.93300003
251,Fc1ccc(cc1)CCNC(=O)c1cc(ccc1OC)\C=C/c1cc(OC)ccc1OC,1,435.495,5.776
249,o1c(nnc1COc1ccc(cc1OC)C#N)-c1ccc(OC)cc1,0,337.33499,2.9327400000000003
255,O(C)c1ccc(OC)cc1C#Cc1cc(C(=O)[O-])c(OC)cc1,1,311.31299,4.348
175,O(C)c1c(OC)cc(cc1OC)C(=O)c1nc([nH]c1)-c1ccc(cc1)C,1,352.38998,2.6854801
299,O1CCN(CC1)C=1N=C2N(C=C(C=C2[C@H](Nc2ccccc2C(=O)[O-])C)C)C(=O)C=1,1,407.44998,1.5659999999999998
438,Oc1c(cccc1O)C[NH2+][C@@H]1CCCC[C@H]1[NH2+]Cc1cccc(O)c1O,1,360.45398,3.5020001000000005
62,Oc1ccc(cc1N)C[C@H](NC(=O)[C@@H](NC(=O)[C@@H](NC(OCC1c2c(-c3c1cccc3)cccc2)=O)CC(C(=O)[O-])C(=O)[O-])CC(C)C)C(=O)N[C@@](CCC(=O)[O-])(C(=O)N[C@@H](CC(=O)N)C(=O)N)C,0,957.97101,0.96899998
17,O=C1C=C2NC(=O)/C(=C/C=C\[C@H](OC)[C@@H](OC(=O)N)/C(=C/[C@H](C)[C@@H](O)[C@@H](OC)C[C@@H](CC(=C1NCC=C)C2=O)C)/C)/C,1,585.698,1.9677401
294,Clc1cc(Cl)ccc1-c1nc(ncc1-c1[nH]cc(n1)C)NCCNc1ncc(cc1)C#N,0,465.34799000000004,2.5989999999999998
54,o1c(cnc1-c1ccccc1)-c1ccc(OCC=C(C)C)cc1,0,305.37698,4.3070002
267,Clc1ccc(N2C(=O)c3c(N=C2Oc2ccccc2OC)c2c(nc3C)cccc2)cc1,0,443.88998,5.462739900000001
194,O(C)c1c(OC)cc(cc1OC)C(=O)c1nc(ccc1)-c1ccc(O)cc1,1,365.38498,3.2044799
401,s1cccc1\C=C\1/CC\C(=C/c2sccc2)\C/1=O,0,272.392,3.4289998999999995
148,O=C(N[C@@H](CCC(=O)[O-])C(=O)[O-])c1ccc(N(Cc2nc3c(nc(nc3N)N)nc2)C)cc1,1,452.431,-0.19841
429,s1c2c(c3c1cccc3)cccc2-c1c2OC(N3CCOCC3)=CC(=O)c2ccc1,0,413.49698,5.7129997999999995
384,Oc1ccc(O)cc1C#Cc1cc(C(=O)NCCc2ccccc2)c(O)cc1,1,373.40799,4.933000099999999
288,S1\C(=C/c2ccc(OCC3(Oc4c(CC3)c(C)c(O)c(C)c4C)C)cc2)\C(=O)[N-]C1=O,0,438.52399,5.492999999999999
8,O=C([O-])c1ccc(cc1)C(=C)c1cc2c(cc1C)C(CCC2(C)C)(C)C,0,347.478,7.116000200000001
97,S=C(NCCCCCC)[N-]\N=C(\CC(=O)c1c2c(ccc1)C(=O)c1c(cccc1)C2=O)/C(OCC)=O,0,506.603,4.9770002
316,s1c(-c2nc(ncc2)Nc2ncc(N3CCC[NH2+]CC3)cc2)c(nc1NC(C)C)C,1,425.58499000000006,1.5530000000000002
91,O1[C@H](C[C@H]2O[C@](O)([C@@H](OC(=O)\C=C\C=C\CCC)/C(/C2)=C/C(OC)=O)C(\C=C\[C@@H]2O[C@@H](C\C(\C2)=C\C(OC)=O)C[C@@]2(O[C@@H](C[C@H](OC(=O)C)C2(C)C)C[C@@H](O)CC1=O)O)(C)C)[C@H](O)C,1,905.04401,6.0949998
370,Clc1cc(NC(=O)c2sc3nc4c(cc3c2N)C(=O)CCC4)ccc1,1,371.84799,2.9170001
254,O(C)c1ccc(OC)cc1C#Cc1cc(C(=O)NCCc2ccccc2)c(OC)cc1,1,415.48897999999997,5.7249999
10,Clc1c(COc2cnc(nc2)Nc2c(NC(=O)C=C)cc(Cl)cc2Cl)c(Cl)c(OC)cc1OC,1,544.22198,5.2270002
55,o1c(cnc1-c1cccnc1)-c1ccc(OCC=C(C)C)cc1,0,306.36499,3.0739999
68,S(=O)(=O)(c1ccccc1C(C)(C)C)c1ccc(NC(=O)c2cc(Cc3ccccc3C(C)C)c(O)c(O)c2O)cc1,1,573.7099599999999,7.501999900000001
183,FC(F)(F)c1ccc(cc1)-c1nc(ccc1)C(=O)c1cc(OC)c(OC)c(OC)c1,1,417.38300000000004,4.4472399000000005
52,o1c(cnc1-c1ncc(cc1)C[NH2+]CC(C)C)-c1ccc(OCC=C(C)C)cc1,1,392.52297999999996,4.3245301
399,O=C([O-])c1ccc(cc1C1CCCC1)-c1c2cc(cnc2[nH]c1)-c1ccccc1,0,381.45499,6.4089999
128,Clc1cc(Nc2ncnc3c2cc(NC(=O)\C=C\C[NH+](C)C)c(OCCOCC)c3)ccc1OCCOC,1,545.06,2.72648
376,O=C(Nc1ccccc1)CCCCCCC(=O)N[O-],1,263.31699,2.3150001000000002
226,O1C[C@@H]2Cc3cc(OC)c(OC)cc3[C@]1([C@H]2CO)c1cc(OC)c(OC)c(OC)c1,1,416.47,2.5822201000000002
169,O(C)c1cc(ccc1O)\C=C\C(=O)CC(=O)\C=C\c1cc(OC)c(O)cc1,0,368.38498,3.7179998999999997
363,Clc1ccc(S(=O)(=O)N([C@H](CCC(F)(F)F)C(=O)N)Cc2ccc(cc2F)-c2ncon2)cc1,0,520.89099,2.9707601
256,Fc1ccc(cc1)CCNC(=O)c1cc(ccc1O)C(=O)Cc1cc(OC)ccc1OC,1,437.46698,4.5110002
287,O1c2c(CCC1(COc1ccc(cc1)\C=C\1/CC(=O)NC/1=O)C)c(C)c(O)c(C)c2C,0,421.49298,4.3340001
75,O=C([O-])\C=C(\C=C\C=C(\C=C\C=1C(CCCC=1C)(C)C)/C)/C,0,299.43399,4.75
111,S=C(NC1CCCCC1)[N-]\N=C(\CC(=O)c1c2c(ccc1)C(=O)c1c(cccc1)C2=O)/C(OCC)=O,1,504.58700999999996,4.6750002
367,S(=O)(=O)(N)c1ccc(cc1)CCNSC(=S)N1CCOCC1,0,361.51099,0.68900001
389,Clc1ccc(NC(=O)c2cc(Cl)c(Cl)cc2)cc1C(=O)Nc1ccc(nc1)-c1[nH]ccn1,0,486.746,4.342060099999999
284,Clc1cc(O)ccc1C=1C(Oc2c(ccc(O)c2)C=1C)=O,0,302.71297999999996,4.1030002
13,Clc1c(COc2cnc(nc2)Nc2c(cccc2NC(=O)C=C)C)c(Cl)c(OC)cc1OC,1,489.35898,4.2670002
392,Clc1cc2Sc3n(S(=O)(=O)c2cc1C(=O)Nc1sccn1)ccn3,0,398.875,1.425
24,Clc1cc(Nc2ncnc3c2cc(NS(=O)(=O)C=C)c(OCCOCC)c3)ccc1F,1,466.92099,2.9047401
80,o1c2c3c(ccc2cc1C)C(=O)C(=CC3=O)C,0,226.23099,2.1760001
158,S(CC[C@H](NC(=O)c1ccc(NC[C@@H]([NH3+])CS)cc1-c1ccccc1)C(OC)=O)C,0,448.63199000000003,3.3889998999999995
419,o1cccc1-c1[nH]nc(N\C=C/2\C(=NNC\2=O)c2ccccc2)c1,0,319.32401,2.3480000000000003
270,Clc1cc(Nc2ncnc3c2cc(cc3)-c2oc(cc2)[C@H]([NH3+])CS(=O)(=O)C)ccc1OCc1cc(F)ccc1,1,568.04901,4.4380002
28,s1c(-c2nc(ncc2)Nc2ncc(N3CCN(CC3)C(=O)C)cc2)c(nc1NC1CCCC1)C(F)(F)F,1,532.59497,2.3227601000000004
156,s1cccc1C(=O)c1cc2[nH]c(nc2cc1)NC(OC)=O,1,301.32599,2.1489999
296,O=C/1N(N=C(\C\1=C\Nc1n[nH]c(c1)C)c1ccccc1)c1ccccc1,0,343.38998,3.822
311,FC(F)(F)c1cc(NC(=O)c2cc(Nc3nc(ccn3)-c3cccnc3)c(cc2)C)cc(-n2cc(nc2)C)c1,0,529.526,4.33676
371,FC(F)(F)c1cc(ncc1-c1nc(nc(N2CCOCC2)c1)N1CCOCC1)N,1,410.39999,0.69176
213,O1c2c(OC1)cc1[C@H]3OC[C@@H]([C@@H](c1c2)c1cc(OC)c(OC)c(OC)c1)[C@@H]3CO,1,400.42699999999996,2.3794798999999998
105,s1c(-c2nc(ncc2)Nc2ncc(cc2)C[NH+]2CC[NH+](CC2)CC)c(nc1NC1CCCC1)C,1,480.685,2.5880001
398,O=C/1N(N=C(\C\1=C\N[C@@H](Cc1ccccc1)C(=O)[O-])c1ccccc1)c1ccccc1,0,410.45300000000003,4.5780001
18,O(CC=C)c1c2c(ccc1)C(=O)C(=CC2=O)C,0,228.24698999999998,2.3099998999999998
300,Clc1ccc(Cl)cc1S(=O)(=O)Nc1ccc([N+](=O)[O-])cc1C,0,361.20499,4.1420002
331,s1c(-c2nc(ncc2F)Nc2ncc(N3CCN(S(=O)(=O)C)CC3)cc2)c(nc1NC1CCCC1)C,1,532.66901,1.094
149,S=C(N(NC(=O)CC(=O)NN(C(=S)c1ccccc1)C)C)c1ccccc1,1,400.52701,0.71799999
59,S1(=O)CC(=O)N[C@@H](CC(C(=O)[O-])C(=O)[O-])C(=O)N[C@@H](CC(C)C)C(=O)N[C@@H](Cc2cc(N)c(O)cc2)C(=O)NC2(CCCCC2)C(=O)N[C@@H](CC(=O)N)C(=O)NCCCCC(=O)N[C@@H](C1)C(=O)N,1,977.06299,-4.0289998
25,s1c(-c2nc(ncc2F)Nc2ncc(N3CCN(CC3)C(=O)C)cc2)c(nc1NC1CCCC1)C,1,496.61499000000003,1.8359999999999999
118,O=C/1N(N=C(\C\1=C\Nc1n[nH]cc1C(OCC)=O)c1ccccc1)c1ccccc1,0,401.42599,3.8050001000000004
185,O(C)c1c(OC)cc(cc1OC)C(=O)c1nc(ccc1)-c1cc(C)c(cc1)C,1,377.44,4.1434798
257,Fc1ccc(cc1)CCNC(=O)c1cc(ccc1O)CCc1cc(OC)ccc1OC,1,423.48398,5.0440001
314,s1c(-c2nc(ncc2)Nc2ncc(N3CC[NH+](CC3)C)cc2)c(nc1N(C)c1ccccc1)C,1,473.629,2.6440001
133,O(C)c1cc2N([C@@H]3[C@@]4([C@H]5[NH+](CC=C[C@@]5(CC)[C@@H](OC(=O)C)[C@]3(O)C(OC)=O)CC4)c2cc1[C@@]1(c2[nH]c3c(c2CC[NH+]2C[C@@](O)(C[C@@H](C1)C2)CC)cccc3)C(OC)=O)C,1,813.005,5.005000099999999
51,o1c(cnc1-c1ncc(cc1)C[NH+]1C[C@H]([NH+](C)C)CC1)-c1ccc(OCC=C(C)C)cc1,1,434.58398,3.3675300999999997
377,Ic1cnc(nc1NCCCNC(=O)c1sccc1)Nc1cc(NC(=O)N2CCCC2)ccc1,0,591.47797,3.1059999
285,O1c2c(CCC1(COc1ccc(cc1)\C=C\1/CC(=O)NC/1=O)C)c(C)c(CCCCCC[NH3+])c(C)c2C,1,505.67899000000006,5.7540002
426,O=C1Nc2c(N1C1CC[NH+](CC1)Cc1ccc(cc1)-c1nc3c(nc1-c1ccccc1)cc1nc[nH]c1c3)cccc2,0,552.6619900000001,5.5485301
342,O=C/1Nc2c(nccc2)\C\1=C\c1c2c(n(c1)C)cccc2,0,275.311,2.7239999999999998
407,ICC1Oc2c3c(ccc2C1)C(=O)C=CC3=O,0,340.116,2.783
357,O(c1ccc(cc1)-c1n[nH]nc1C#N)c1ccccc1,0,262.272,2.98
120,Br\C=C\C(=O)Nc1cc2c(ncnc2Nc2cc(Cl)c(F)cc2)cc1OCCOCC,1,509.76300000000003,3.7167399
98,S=C(NCCCC)[N-]\N=C(\CC(=O)c1c2c(ccc1)C(=O)c1c(cccc1)C2=O)/C(OCC)=O,0,478.54898,4.0929999
164,O1[C@H]2n3c4c(c5c(CNC5=O)c5c6c(n(c45)[C@]1(C)[C@H](OC)[C@H](N(C(=O)c1ccccc1)C)C2)cccc6)c1c3cccc1,0,570.64899,7.862530199999999
171,Clc1ccc(cc1)-c1oc(nn1)COc1ccc(cc1OC)C#N,0,341.754,3.5687398999999997
26,s1c(-c2nc(ncc2)Nc2ncc(N3CCN(CC3)C(=O)C)cc2)c(nc1N(C)C1CCCC1)C,1,492.65200999999996,1.954
15,Clc1c(COc2cnc(nc2)Nc2c(NC(=O)C=C)cccc2Cl)c(Cl)c(OC)cc1OC,1,509.77698,4.5609999000000006
290,S1C(Cc2ccc(OCC3(Oc4c(CC3)c(C)c(O)c(C)c4C)C)cc2)C(=O)[N-]C1=O,0,440.53997999999996,4.941
172,Fc1ccc(cc1)-c1oc(nn1)COc1ccc(cc1OC)C#N,0,325.29898,3.12974
339,O=C1N(C=Nc2c1c(nc1c2cccc1)C)CCc1ccccc1,0,315.37601,3.424
242,o1c(cnc1-c1ccc(nc1)N1CCCC1)-c1ccc(OC)cc1,1,321.38,3.112
271,s1c2c(nc(nc2N2CCOCC2)-c2c3c([nH]nc3)ccc2)cc1C[NH+]1CCN(S(=O)(=O)C)CC1,0,514.65497,0.88800001
29,s1c(-c2nc(ncc2)Nc2ncc(N3CCN(CC3)C(=O)C)cc2)c(nc1NC1CCCC1)C,1,478.625,1.686
191,O(C)c1c(OC)cc(cc1OC)C(=O)c1nc(ccc1)-c1ccc(cc1)C,1,363.41299,3.8104801
201,O(C)c1c(OC)cc(cc1OC)C(=O)c1nc(ccc1)-c1cc([N+](=O)[O-])ccc1,1,394.38300000000004,3.4844798999999997
46,o1c(cnc1-c1ncc(cc1)C[NH+]1CCCC1)-c1ccc(OCC=C(C)C)cc1,1,390.50699,3.8115301
322,s1c(-c2nc(ncc2)Nc2ncc(N3CCC[NH2+]CC3)cc2)c(nc1NC1CCCC1)C,1,451.62299,2.2869999
131,O=C(C1CC1)c1ccc(nc1)N1C2CC(NC(=O)c3cc(N[C@@H](CC)C)c(cc3C)C(=O)N)CC1CC2,1,503.647,3.9139999999999997
433,O(c1cc2CCCc2cc1)c1nc(N[C@@H](Cc2ccccc2)CO)c2ncn(c2n1)Cc1ccc(cc1)-c1ccccc1,0,567.69299,7.6280599
402,O=C/1N(N=C(\C\1=C\Nc1n[nH]c(c1)-c1ccccc1)c1ccccc1)c1ccccc1,1,405.461,5.4840002
361,P(=O)([O-])([O-])Cc1ccc(cc1)C[C@H](NC(=O)C(=O)[O-])C(=O)NC1(CCCCC1)C(=O)N[C@@H](CC(=O)N)C(=O)NCCCc1c2c(ccc1)cccc2,1,734.72296,1.3329999
159,O=C1N=C(C2=C(N1)C([C@@H]1CC[C@@]3([C@H](CC=C4[C@@H]5CC(CC[C@@]5(CC[C@@]34C)C(OC)=O)(C)C)[C@]1(C2)C)C)(C)C)c1ccccc1,0,596.85596,7.7849998
218,O1CC[NH+](CC1)CCCOc1cc2ncnc(Nc3ccc(NC(=O)c4ccccc4)cc3)c2cc1OC,0,514.6060200000001,3.3227401
220,O1c2c([C@H]3[C@@H](C1)[C@@H](Cc1c3cc3OCOc3c1)CO)cc(OC)c(OC)c2OC,0,400.42699999999996,2.3434801
281,OC1(CC(C1)c1nc(c2n1C=C[NH+]=C2N)-c1cc2nc(ccc2cc1)-c1ccccc1)C,0,422.51199,3.8819999999999997
117,O=C1c2c(cccc2C(=O)C\C(=N\Nc2ccccc2)\C(OCC)=O)C(=O)c2c1cccc2,0,440.45499,6.4120002000000005
268,Fc1cc(cnc1OC)-c1cc(OCCCCCCC(=O)N[O-])c2ncnc(c2c1)C,1,427.45599000000004,3.681
85,O=C1C(=CC(=O)C=C1N[C@H](C(=O)[O-])C)C[C@]1([C@@H]2CCC=C(C)[C@]2(CC[C@@H]1C)C)C,0,398.52297999999996,3.628
275,S(CC[C@H](NC1=CC(=O)C=C(C(C)(C)C)C1=O)C(=O)[O-])C,0,310.39398,2.05
123,Clc1cc(Nc2ncnc3c2cc(NC(=O)\C=C\C[NH+](C)C)c(OCCOCC)c3)ccc1F,1,488.97098,3.2537401000000004
341,O=C1N(c2c3cc(ccc3[nH+]cc2N1C)-c1cc2c(nc1)cccc2)c1ccc(cc1)C(C#N)(C)C,1,470.556,6.461
161,O(C(=O)[C@@]12[C@@H](CC(CC1)(C)C)C1=CC[C@H]3[C@](CC[C@@H]4[C@@]3(Cc3c(nc(nc3-c3ccccc3)N)C4(C)C)C)(C)[C@@]1(CC2)C)C,0,595.8720099999999,7.281000099999999
282,O=C(N)c1c2[nH]c(nc2ccc1)[C@@]1([NH2+]CCC1)C,0,245.30599999999998,0.93900001
4,BrC(C(=O)Nc1cc2c(ncnc2Nc2cc(Cl)c(F)cc2)cc1OCCOCC)=C,1,509.76300000000003,4.27174
5,Clc1cc(Nc2ncnc3c2cc(NC(=O)C(Cl)=C)c(OCCOCC)c3)ccc1F,1,465.31198,4.0657401
263,O(C)c1c(OC)cc(cc1OC)C(=O)c1nc(ccc1)-c1cc(OC)ccc1,1,379.41199,3.5054800999999998
27,s1c(-c2nc(ncc2)Nc2ncc(N3CCN(CC3)C(=O)C)cc2)c(nc1NC(C)C)C,1,452.58700999999996,0.95200002
344,Brc1cc(Cl)c(Nc2c(cc3n(cnc3c2F)C)C(=O)NOCCO)cc1,0,457.68698,3.4159998999999996
125,Clc1cc(Nc2ncnc3c2cc(NC(=O)\C=C/C#N)c(OCCOCC)c3)ccc1F,1,455.87698,2.8647398999999996
72,Clc1ccc(cc1)C=1CCC(CC=1C[NH+]1CCN(CC1)c1ccc(cc1)C(=O)N=S(=O)([O-])c1cc(S(=O)(=O)C(F)(F)F)c(N[C@H](CC[NH+]2CCOCC2)CSc2ccccc2)cc1)(C)C,0,975.6389800000001,8.848759699999999
210,Clc1cc(Cl)c(OC)cc1Nc1c2cc(OC)c(OCCC[NH+]3CC[NH+](CC3)C)cc2[nH+]cc1C#N,0,533.47998,4.26474
428,S(CCCCCOC1=COC(=CC1=O)C[NH+]1CCOCC1)c1c2c(ncc1)cc(cc2)C(F)(F)F,1,509.569,4.1817598
439,[nH+]1ccc(Nc2ccc(NCCc3c4c([nH]c3)cccc4)cc2)cc1,0,329.42699999999996,4.110000100000001
162,O(C)c1ccc(cc1C(OC)=O)\C=C/c1cc(OC)ccc1OC,0,328.36397999999997,4.3889999
355,Fc1ccc(cc1)-c1n[nH]nc1C#N,0,188.16499,1.5230000000000001
11,Clc1c(COc2cnc(nc2)Nc2c(NC(=O)C=C)cc(F)cc2Cl)c(Cl)c(OC)cc1OC,1,527.76697,4.7880001
411,Clc1ccccc1-c1c2c(c3c4cc(O)ccc4[nH]c3c1)C(=O)NC2=O,0,362.772,4.822
53,o1c(cnc1-c1ncc(cc1)C[NH2+]CCCCCCO)-c1ccc(OCC=C(C)C)cc1,1,436.57599000000005,4.0855298
330,s1c(-c2nc(ncc2F)Nc2ncc(N3CC[NH+](CC3)C)cc2)c(nc1NC1CCCC1)C,1,469.61301,2.263
404,O=C/1N(N=C(\C\1=C\Nc1n[nH]cc1)c1ccccc1)c1ccccc1,0,329.36301000000003,3.5260000000000002
315,s1c(-c2nc(ncc2)Nc2ncc(N3CC[NH2+]CC3)cc2)c(nc1N(C1CCCC1)C1CCCC1)C,1,505.715,3.6500001
