,Smiles,Label,Weight,logP(o/w)
344,O=C/1NN=C(\C\1=C\N[C@@H](Cc1nc[nH]c1)C(=O)[O-])c1ccccc1,0,324.32001,0.25799999
358,s1c2c(nc1-c1ccc(N3CCCC3)cc1)CCCC2O,1,300.42599,3.1900001000000002
355,S1c2c(Sc3c1cccc3)cccc2C=1OC(N2CCOCC2)=CC(=O)C=1,0,395.50299,4.0450001
298,O1CC2N(C(CC2)C1)c1nc(nc(n1)N1CCOCC1)-c1ccc(NC(=O)Nc2cncnc2)cc1,1,489.53997999999996,-0.85100001
98,s1cc(nc1[C@H](OC(=O)C)C[C@@H](N(C(=O)[C@@H](NC(=O)[C@@H]1[NH+](CCCC1)C)[C@H](CC)C)C)C(C)C)C(=O)NCCn1nnc2c1cccc2,1,683.89899,3.7590001
134,O1CCN(CC1)c1nc(nc(n1)N1CCOCC1)-c1ccc(NC(=O)Nc2ccc(cc2)C(=O)NCC[NH+](C)C)cc1,1,576.68201,-0.071000002
275,O1CC2N(C(CC2)C1)c1nc(nc(n1)N1CCOCC1)-c1ccc(NC(=O)Nc2ccc(cc2)C#N)cc1,1,512.57397,1.187
322,O1CCN(CC1)c1nc(nc(n1)N1[C@@H]2COC[C@H]1C[C@H]2O)-c1ccc(NC(=O)Nc2cc[nH+]cc2)cc1,1,505.55899000000005,-0.38999999
295,O1CC2N(C(CC2)C1)c1nc(nc(n1)N1CCOCC1)-c1ccc(NC(=O)Nc2cccnc2)cc1,1,488.55199999999996,0.294
44,Clc1cc2c([nH]cc2C(=O)c2c(F)c(NS(=O)(=O)CCC)ccc2F)nc1,0,413.832,3.5799999
48,O1CCN(CC1)c1nc(nc2n(nnc12)CC)-c1ccc(NC(=O)Nc2ccc(cc2)C(=O)NCC)cc1,1,515.578,1.7435900000000002
197,Clc1ccc(cc1)COC[C@H]1[NH+](CCC1)CCc1ccc(OC)cc1,0,360.905,4.9499998
332,Oc1ccc(cc1)C[C@H](N\C=C/1\C(=NN(C\1=O)c1ccccc1)c1ccccc1)C(=O)[O-],0,426.452,4.27
342,O=C/1NN=C(\C\1=C\N[C@H](C(=O)[O-])CO)c1ccccc1,0,274.25597999999997,0.15700001
45,Clc1cc2[nH+]ccc(NC(CCC[NH+](CC)CC)C)c2cc1,0,321.89599999999996,4.617000099999999
309,O1CCN(CC1)c1nc(nc(n1)N1CCOCC1)-c1ccc(NC(=O)Nc2ccc(cc2)CO)cc1,1,491.55199999999996,0.23100001
153,Fc1cc(OC)cc2c1[nH]c(-c1c(n(nc1C)C)C)c2\C=C/1\Oc2c(cc(NC(=O)NC)cc2)C\1=O,1,489.50699000000003,3.549
132,O1C[C@@H](Oc2nc(nc(n2)N2CCOCC2)-c2ccc(NC(=O)Nc3ccc(cc3)C(=O)N(CC[NH+](C)C)C)cc2)CC1,1,591.69299,0.73000002
328,O=C/1N(N=C(\C\1=C\N[C@H](Cc1ccccc1)C(=O)[O-])c1ccccc1)c1ccccc1,0,410.45300000000003,4.5780001
316,O1CCN(CC1)c1nc(nc2n(nnc12)C1CC1)-c1ccc(NC(=O)Nc2cc[nH+]cc2)cc1,1,458.50597999999997,1.51359
303,O1C[C@@H](Oc2nc(nc(n2)N2CCOCC2)-c2ccc(NC(=O)Nc3ccc(cc3)C(=O)NCC[NH+]3CCCC3)cc2)CC1,1,603.70398,1.0650001
51,S=C(N)[N-]\N=C(/CC(=O)c1c2c(ccc1)C(=O)c1c(cccc1)C2=O)\C(OCC)=O,0,422.44097999999997,2.3770001
200,O1CC2N(C(CC2)C1)c1nc(nc(n1)N1CCOCC1)-c1ccc(NC(=O)Nc2cc(OC)c(OC)cc2)cc1,1,547.6159700000001,1.22574
162,O1CCN(CC1)c1nc(nc(n1)N1CCOCC1)-c1ccc(NC(=O)Nc2ccc(cc2)C(OC)=O)cc1,1,519.56201,0.69400001
222,Clc1cc(Nc2ncnc3sc(cc23)-c2ccc(NS(=O)(=O)C)cc2)ccc1Oc1cc(ccc1)C(F)(F)F,1,591.034,6.791760000000001
54,S=C(NCc1occc1)[N-]\N=C(\CC(=O)c1c2c(ccc1)C(=O)c1c(cccc1)C2=O)/C(OCC)=O,0,502.52698,3.1989999
282,Clc1cc(Nc2ncnc3sc(cc23)-c2ccc(N)cc2)ccc1Oc1cc(ccc1)C(F)(F)F,1,512.94299,7.0247598
146,Clc1ccc(cc1)C(OC[C@H]1[NH+](CCC1)C)c1ccccc1,0,316.85199,5.027
4,Clc1cc(Nc2ncnc(N)c2-c2occ(n2)CNC(=O)C=C)ccc1OCc1ncccc1,1,477.91199000000006,1.86
99,s1cc(nc1[C@H](OC(=O)C)C[C@@H](N(C(=O)[C@@H](NC(=O)[C@@H]1[NH+](CCCC1)C)[C@H](CC)C)C)C(C)C)C(=O)N[C@@H](Cc1ccccc1)C(=O)N1CCCCC1,1,754.02997,5.4710002
241,O[C@@H]1CC2=CC[C@H]3[C@@H]4CC=C([C@]4(CC[C@@H]3[C@]2(CC1)C)C)c1cccnc1,0,349.51801,3.483
141,O=C(N[C@@H](CCC(=O)[O-])C(=O)[O-])c1ccc(N(Cc2nc3c(nc(nc3N)N)nc2)C)cc1,0,452.431,-0.19841
248,O1[C@H]2n3c4c(c5c(CNC5=O)c5c6c(n(c45)[C@]1(C)[C@](O)(C2)CO)cccc6)c1c3cccc1,1,439.47098,5.3895302
181,Clc1ccc(cc1)C(OCC1CC[NH+](CC1)CCc1ccc(OC)cc1)c1ccccc1,0,451.03,7.025000099999999
278,Fc1cc(F)ccc1-c1nc(N(C(=O)N)c2c(F)cccc2F)ccc1C(=O)N,1,404.32300000000004,3.0139999
340,S1\C(=C/c2cc3c(nccc3)cc2)\C(=O)N=C1NCc1sccc1,0,351.45401,4.7080002
157,O1CCN(CC1)c1nc(nc(OC)n1)-c1ccc(NC(=O)Nc2ccc(cc2)C(=O)N(CC[NH2+]C)C)cc1,1,521.60199,0.33299999999999996
259,FC(F)(F)c1cc(NC(=O)c2cc(C#Cc3n4N=CC=Cc4nc3)c(cc2)C)ccc1C[NH+]1CC[NH+](CC1)C,0,534.586,4.884759900000001
257,Clc1ccc(Cl)cc1S(=O)(=O)Nc1ccc([N+](=O)[O-])cc1C,1,361.20499,4.1420002
71,s1ccnc1[C@@H](NC(=O)[C@@H]([C@@H](OC)[C@H]1N(CCC1)C(=O)C[C@@H](OC)[C@@H](N(C(=O)[C@@H](NC(=O)C[NH2+]C)C(C)C)C)[C@H](CC)C)C)Cc1ccccc1,1,730.008,3.8210001000000005
102,s1cc(nc1[C@H](OC(=O)C)C[C@@H](N(C(=O)[C@@H](NC(=O)[C@@H]1[NH+](CCCC1)C)[C@H](CC)C)C)C(C)C)C(=O)N[C@@H](Cc1ccccc1)C[C@@H](C(OC)=O)C,1,743.0029900000001,5.8420000000000005
172,O1CC[NH+](CC1)CCCOc1cc2ncnc(Nc3ccc(NC(=O)c4ccccc4)cc3)c2cc1OC,1,514.6060200000001,3.3227401
314,O1CCN(CC1)c1nc(nc(n1)N1CCOCC1)-c1ccc(NC(=O)Nc2ccccc2)cc1,1,461.526,0.75300002
87,s1cc(nc1[C@H](OC(=O)C)C[C@@H](N(C(=O)[C@@H](NC(=O)[C@@]1([NH+](CCC1)C)C)[C@H](CC)C)C)C(C)C)C(=O)NCCn1nnc2c1cccc2,1,683.89899,3.7239999999999998
349,O=C/1NN=C(\C\1=C\Nc1n[nH]cc1)c1ccccc1,0,253.265,1.675
225,S(OCCN(CCOS(=O)(=O)C)c1c(F)cc(OC(=O)N[C@@H](CCCC(=O)[O-])C(=O)[O-])cc1F)(=O)(=O)C,0,574.5310099999999,0.72299999
170,Clc1cc(Cl)c(OC)cc1Nc1c2cc(OC)c(OCCC[NH+]3CC[NH+](CC3)C)cc2[nH+]cc1C#N,1,533.47998,4.26474
272,Fc1cc(cc(N2CCOCC2)c1)C1=N\C(\NC=C1)=N/c1ccc(-n2nc(nc2)N2CCOCC2)cc1,1,502.55399000000006,1.409
361,s1c2c(nc1-c1ccc(N3CCCC3)cc1CO)CCCC2O,1,330.452,2.7030001
145,Fc1ccc(cc1)C1([NH2+]Cc2cc(ccc2)CC2CC[NH+](CC2)C)CCCC1,0,382.56699,6.224
218,O1CCN(CC1)c1nc(nc(OC)n1)-c1ccc(NC(=O)Nc2ccc(cc2)C(=O)N2CC([NH2+]CC2)(C)C)cc1,1,547.64001,0.85000002
105,s1cc(nc1[C@H](OC(=O)C)C[C@@H](N(C(=O)[C@@H](NC(=O)[C@@H]1[NH+](CCCC1)C)[C@H](CC)C)C)C(C)C)C(=O)N[C@@H](Cc1ccccc1)CNS(=O)(=O)C,1,750.0189799999999,4.23
75,s1ccnc1[C@@H](NC(=O)[C@@H]([C@@H](OC)[C@H]1N(CCC1)C(=O)C[C@@H](OC)[C@@H](N(C(=O)[C@@H](NC(=O)[C@@]1([NH2+]CCC1)C)C(C)C)C)[C@H](CC)C)C)Cc1ccccc1,1,770.073,4.881
180,Clc1ccc(cc1)C(OCC1CC[NH+](CC1)CCc1ccc(OC)cc1)c1ccc(Cl)cc1,0,485.47497999999996,7.6170000999999985
136,s1c2c(nc1-c1ccc(N(C)C)cc1CO)CCCC2O,1,304.414,2.171
26,O1CCN(CC1)c1ccc(NC(=O)Nc2ccc(cc2)-c2nc(N3CCOCC3)c3nnn(c3n2)C(C)C)cc1,1,543.63202,2.0465901
305,O1CCN(CC1)c1nc(nc(n1)N1CCOCC1)-c1ccc(NC(=O)Nc2ccc(cc2)C(=O)[O-])cc1,1,504.52698,0.551
129,O1C[C@@H](Oc2nc(nc(n2)N2CCOCC2)-c2ccc(NC(=O)Nc3ccc(cc3)C(=O)N3CCC([NH+](C)C)CC3)cc2)CC1,1,617.73096,1.383
212,O1C(C)C(O)C(NC(OCc2ccc(NC(=O)NC(CCC(=O)[O-])C(=O)[O-])cc2)=O)CC1O[C@@H]1c2c(C[C@](O)(C1)C(=O)C)c(O)c1c(C(=O)c3c(cccc3OC)C1=O)c2O,1,847.78296,2.408
236,O1[C@@H](C\C=C\C=C(\C[NH3+])/[C@H](O)[C@H](C[C@@H](C[C@@H](C[C@H](C)[C@@H](O)CC1=O)C)C)C)[C@@H]1CCC[C@H]1C(=O)[O-],1,493.685,4.506
315,FC(F)(F)Cn1c2nc(nc(N3CCOCC3)c2cc1)-c1ccc(NC(=O)Nc2cc[nH+]cc2)cc1,1,498.48897999999997,2.8287598999999997
93,s1cc(nc1[C@H](OC(=O)C)C[C@@H](N(C(=O)[C@@H](NC(=O)[C@@]1([NH+](CCC1)C)C)[C@H](CC)C)C)C(C)C)C(=O)N[C@@H](Cc1ccccc1)c1sccn1,1,726.0,5.5739999000000005
226,Clc1ccc(NC(=O)c2ccc(S(=O)(=O)C)cc2Cl)cc1-c1ncccc1,0,421.30399000000006,4.0
3,O=C([O-])c1ccc(cc1)C(=C)c1cc2c(cc1C)C(CCC2(C)C)(C)C,0,347.478,7.116000200000001
110,O1CCN(CC1)c1nc(nc2n(ccc12)CC)-c1ccc(NC(=O)Nc2ccc(cc2)C(=O)N2CC[NH+](CC2)C)cc1,1,569.69,2.3299999
227,S(CC[C@H](N\C=C/1\C(=NN(C\1=O)c1ccccc1)c1ccccc1)C(=O)[O-])C,0,394.47501,3.698
265,O=C1N(c2c3cc(ccc3[nH+]cc2N1C)-c1cc2c(nc1)cccc2)c1ccc(cc1)C(C#N)(C)C,1,470.556,6.461
142,S=C(N(NC(=O)CC(=O)NN(C(=S)c1ccccc1)C)C)c1ccccc1,1,400.52701,0.71799999
186,Clc1ccc(cc1)C(OCC1[NH+](CCCC1)CCc1ccc(OC)cc1)c1ccc(Cl)cc1,0,485.47497999999996,7.893000099999999
243,O[C@@H]1CC2=CC[C@H]3[C@@H]4CC=C([C@]4(CC[C@@H]3[C@]2(CC1)C)C)c1nn(cc1CO)-c1ccc(cc1)C#N,1,469.629,3.4430001000000003
12,FC(CC[C@@H]1OC(O[C@]1(C)[C@H]1CC=C2C=3[C@H](CC[C@]12C)[C@@]1([C@@H](C[C@H]2OC(O[C@H]2C1)(C)C)C(=O)C=3)C)(C)C)(C)C,0,544.7479900000001,7.274000200000001
70,s1ccnc1[C@@H](NC(=O)[C@@H]([C@@H](OC)[C@H]1N(CCC1)C(=O)C[C@@H](OC)[C@@H](N(C(=O)[C@@H](NC(=O)C1([NH3+])CCCC1)C(C)C)C)[C@H](CC)C)C)Cc1ccccc1,1,770.073,4.8990002
249,[S+](CCCNC(=O)c1nc(sc1)-c1nc(sc1)CCNC(=O)[C@@H](NC(=O)[C@H]([C@H](O)[C@H](NC(=O)[C@@H](NC(=O)c1nc(nc(N)c1C)[C@@H]([NH2+]C[C@H]([NH3+])C(=O)N)CC(=O)N)[C@@H](O[C@@H]1O[C@@H](CO)[C@@H](O)[C@H](O)[C@@H]1O[C@H]1O[C@H](CO)[C@@H](O)[C@H](OC(=O)N)[C@@H]1O)c1nc[nH]c1)C)C)[C@H](O)C)(C)C,1,1417.589,-11.56373
176,O1C[C@@H](N(CC1)c1nc(nc2nc(ccc12)-c1cc(CO)c(OC)cc1)N1CCOC[C@@H]1C)C,1,465.55399000000006,1.99
127,FC(F)(F)Cn1c2nc(nc(N3CCOCC3)c2cc1)-c1ccc(NC(=O)Nc2ccc(cc2)C(=O)N2CCC([NH+](C)C)CC2)cc1,1,651.7139900000001,3.7567599
53,S=C(NCc1cccnc1)[N-]\N=C(\CC(=O)c1c2c(ccc1)C(=O)c1c(cccc1)C2=O)/C(OCC)=O,0,513.55402,3.2509999
46,O(C)c1cc(cc(OC)c1)-c1cc2c(nc1NC(=O)NC(C)(C)C)nc(nc2)NCCCC[NH+](CC)CC,0,524.69,3.9679998999999997
77,s1ccnc1[C@@H](NC(=O)[C@@H]([C@@H](OC)[C@H]1N(CCC1)C(=O)C[C@@H](OC)[C@@H](N(C(=O)[C@@H](NC(=O)[C@@H]([NH2+]C)C)C(C)C)C)[C@H](CC)C)C)Cc1ccccc1,1,744.03497,4.283
21,O1CCN(CC1)c1nc(nc(OC(C)C)n1)-c1ccc(NC(=O)Nc2ccc(cc2)C(=O)NCC[NH+](C)C)cc1,1,549.6560099999999,1.207
185,O(C)c1ccc(cc1)CC[NH+]1CC(CCC1)COC(c1ccccc1)c1ccccc1,0,416.58499,6.433000099999999
319,O1CC2N(C(C[C@@H]2O)C1)c1nc(nc(n1)N1CCOCC1)-c1ccc(NC(=O)Nc2cc[nH+]cc2)cc1,1,505.55899000000005,-0.38999999
168,Fc1cc(OC)cc2c1[nH]c(-c1c(n(nc1C)C)C)c2\C=C/1\Oc2c(cc(NC(=O)Nc3ccc(cc3)C(=O)N3CCOCC3)cc2)C\1=O,1,664.69397,4.2649999
271,s1cccc1NC(=O)Nc1ccc(cc1)-c1nc(N2CCOCC2)c2nnn(c2n1)C,1,436.5,1.6255899999999999
152,O1CC2N(C(CC2)C1)c1nc(nc(n1)N1CCOCC1)-c1ccc(NC(=O)Nc2ccc(N3CC[NH+](CC3)C)cc2)cc1,1,586.72101,0.96700001
120,O1CCN(CC1)c1nc(nc2n(nnc12)CC)-c1ccc(NC(=O)Nc2ccc(cc2)C(=O)N)cc1,1,487.52399,1.04659
86,s1cc(nc1[C@H](OC(=O)C)C[C@@H](N(C(=O)[C@@H](NC(=O)[C@@]1([NH+](CCC1)C)C)[C@H](CC)C)C)C(C)C)C(=O)NCCc1ncsc1,1,649.90198,3.4289998999999995
211,O1[C@@H](C)[C@@H](O)[C@@H]([NH3+])C[C@@H]1O[C@@H]1c2c(C[C@](O)(C1)C(=O)CO)c(O)c1c(C(=O)c3c(cccc3OC)C1=O)c2O,1,544.53296,0.50700003
109,FC(F)(F)c1cc2nc([nH]c2cc1)C[NH+]1CCN(CC1)c1ncncc1CC,0,391.42099,2.15576
256,O1CCN(CC1)C=1N=C2N(C=C(C=C2[C@H](Nc2ccccc2C(=O)[O-])C)C)C(=O)C=1,1,407.44998,1.5659999999999998
266,O=C/1Nc2c(nccc2)\C\1=C\c1c2c(n(c1)C)cccc2,0,275.311,2.7239999999999998
138,s1c2c(nc1-c1ccc(N(C)C)cc1CO)C[NH2+]CC2O,1,306.41,0.80800003
24,O1CCN(CC1)c1nc(nc2n(nnc12)C(C)C)-c1ccc(NC(=O)Nc2ccc(cc2)CO)cc1,1,488.55199999999996,2.0435901000000003
286,O=C(Nc1ccccc1)CCCCCCC(=O)N[O-],1,263.31699,2.3150001000000002
100,s1cc(nc1[C@H](OC(=O)C)C[C@@H](N(C(=O)[C@@H](NC(=O)[C@@H]1[NH+](CCCC1)C)[C@H](CC)C)C)C(C)C)C(=O)N[C@@H](Cc1ccccc1)C[NH+]1CCOCC1,1,743.02698,4.6160002
313,O1CC2N(C(CC2)C1)c1nc(nc(n1)N1CCOCC1)-c1ccc(NC(=O)Nc2ccccc2)cc1,1,487.564,1.527
57,S=C(Nc1ccccc1)[N-]\N=C(\CC(=O)c1c2c(ccc1)C(=O)c1c(cccc1)C2=O)/C(OCC)=O,1,498.539,4.4310002
206,O1[C@@H]2O[C@@]3(OO[C@]24[C@@H](CC[C@H]([C@@H]4CC3)C)[C@@H](C)[C@H]1OC(=O)N[C@@H]1C[C@H]2[C@H]3[C@H](CC[C@]2(C)[C@H]1O)c1c(cc(OC)cc1)CC3)C,1,611.776,7.314000099999999
5,O=C1C=C2NC(=O)/C(=C/C=C\[C@H](OC)[C@@H](OC(=O)N)/C(=C/[C@H](C)[C@@H](O)[C@@H](OC)C[C@@H](CC(=C1NCC=C)C2=O)C)/C)/C,1,585.698,1.9677401
96,s1cc(nc1[C@H](OC(=O)C)C[C@@H](N(C(=O)[C@@H](NC(=O)[C@@H]1[NH2+]CCCC1)[C@H](CC)C)C)C(C)C)C(=O)N[C@@H](Cc1ccccc1)C[C@@H](C(OC)=O)C,1,728.97601,5.5739999000000005
270,O1CCN(CC1)c1nc(nc2n(nnc12)C)-c1ccc(NC(=O)Nc2cccnc2)cc1,1,431.45999000000006,0.52959001
117,O1CCN(CC1)c1nc(nc2n(nnc12)CC)-c1ccc(NC(=O)Nc2ccc(cc2)C(=O)NCC[NH+]2CC[NH+](CC2)C)cc1,1,615.74298,0.80458999
350,S(=O)(=O)(N1Cc2c(cccc2)[C@@H]1c1c2c([nH]c1)cccc2)Cc1ccccc1,1,388.491,4.5019999
183,Clc1ccc(cc1)C(OCC1CCC[NH+](C1)CCc1ccc(OC)cc1)c1ccc(Cl)cc1,0,485.47497999999996,7.6170000999999985
333,O=C/1N(N=C(\C\1=C\N[C@@H](Cc1ccccc1)C(=O)[O-])c1ccccc1)c1ccccc1,0,410.45300000000003,4.5780001
250,O=C1NCCCc2n(c3c(c2C)C(=O)CC(C3)(C)C)-c2cc(N[C@H]1C)c(cc2)C(=O)N,1,422.52899,2.585
11,O1CCN(CC1)c1nc(nc2n(ncc12)C1CCN(CC1)C(OC(C)(C)C)=O)-c1ccc(N)cc1,1,479.58499000000006,2.15253
38,O(C(=O)CCCCCCC\C=C/C\C=C/CCCCC)c1c(cccc1C(C)C)C(C)C,1,440.71198,9.684
13,F[C@@]12CC[C@@H]([C@]1(CC[C@H]1C2=CC(=O)[C@@H]2C[C@H]3OC(O[C@H]3C[C@]12C)(C)C)C)[C@]1(OC(O[C@H]1CCC(F)(C)C)(C)C)C,0,564.75397,8.1949997
263,FC(F)(F)c1cc(NC(=O)c2cc(Nc3nc(ccn3)-c3cccnc3)c(cc2)C)cc(-n2cc(nc2)C)c1,1,529.526,4.33676
353,Clc1cc(Nc2ncnc3sc(cc23)-c2ccc([N+](=O)[O-])cc2)ccc1Oc1cc(ccc1)C(F)(F)F,1,542.9249900000001,7.631760099999999
148,O1CCN(CC1)c1nc(nc(n1)N1CCOCC1)-c1ccc(NC(=O)Nc2ccc(cc2)C(=O)N2CC[NH+](CC2)C)cc1,1,588.69299,-0.226
156,S(c1ccccc1C(=O)NC)c1cc2[nH]nc(c2cc1)\C=C\c1ncccc1,0,386.47900000000004,4.6430001
291,Clc1cc(Nc2ncnc3sc(cc23)-c2ccc(NC(=O)NC3CC3)cc2)ccc1Oc1cc(ccc1)C(F)(F)F,1,596.03296,7.28476
61,O(C)c1ccc(OC)cc1CC(=O)Nc1[nH+]c(OCC)c(C#N)c(N)c1,0,357.38998,2.1199999
121,O1CCN(CC1)c1nc(nc2n(nnc12)CC)-c1ccc(NC(=O)Nc2cccnc2)cc1,1,445.48699999999997,0.87058997
1,Brc1ccc(Br)cc1NC(=O)\C(=C(/[O-])\C)\C#N,0,358.99701,2.835
228,S(CC[C@H](N\C=C/1\C(=NNC\1=O)c1ccccc1)C(=O)[O-])C,0,318.37698,1.847
306,O1CC2N(C(CC2)C1)c1nc(nc(n1)N1CCOCC1)-c1ccc(NC(=O)Nc2ccc(cc2)CCO)cc1,1,531.617,1.0930001
299,Fc1cc(F)ccc1NC(=O)Nc1ccc(cc1)-c1nc(nc(n1)N1CCOCC1)N1CCOCC1,1,497.50597999999997,1.094
237,Fc1ncc(NC(=O)[C@]2(N(CCC2)C=2[NH+]=C(Nc3[nH]nc(c3)C3CC3)c3n(N=2)ccc3)C)cc1,1,462.51300000000003,3.71
50,O=C1c2c(cccc2C(=O)\C=C(/Nc2ccccc2)\C(OCC)=O)C(=O)c2c1cccc2,0,425.44,4.9039998
233,O1[C@@H]2O[C@@]3(OO[C@]24[C@@H](CC[C@H]([C@@H]4CC3)C)[C@@H](C)[C@@H]1OC(=O)CCC(=O)[O-])C,1,383.41699,3.842
173,o1nc(C)c(-c2cc3[nH]c4nc(nc(c4c3cc2OC)-c2c3c(ncc2)cccc3)C)c1C,1,435.48699999999997,4.5780001
16,O1[C@](C)([C@H]2CC[C@@]3(O)C=4[C@H](CC[C@]23C)[C@@]2([C@@H](C[C@H]3OC(O[C@H]3C2)(C)C)C(=O)C=4)C)[C@@H](OC1(C)C)CCC(O)(C)C,0,560.77197,6.577000099999999
55,s1cccc1CNC(=S)[N-]\N=C(\CC(=O)c1c2c(ccc1)C(=O)c1c(cccc1)C2=O)/C(OCC)=O,0,518.5939900000001,4.0139999
66,s1ccnc1[C@@H](NC(=O)[C@@H]([C@@H](OC)[C@H]1N(CCC1)C(=O)C[C@@H](OC)[C@@H](N(C(=O)[C@@H](NC(=O)C(C[NH2+]C)(C)C)C(C)C)C)[C@H](CC)C)C)Cc1ccccc1,1,772.0889900000001,4.6350002
326,BrCCN(CCBr)c1c(F)cc(OC(=O)N[C@@H](CCCC(=O)[O-])C(=O)[O-])cc1F,1,544.14301,3.6389998999999995
293,s1cccc1NC(=O)Nc1ccc(cc1)-c1nc(N2CCOCC2)c2nnn(c2n1)C1CC1,1,462.53799000000004,2.2785900000000003
23,O1CCN(CC1)c1nc(nc2n(nnc12)C(C)C)-c1ccc(NC(=O)Nc2ccc(cc2)C(=O)N)cc1,1,501.55099,1.5085899999999999
312,Fc1ccc(NC(=O)Nc2ccc(cc2)-c2nc(nc(n2)N2CCOCC2)N2CCOCC2)cc1,1,479.51599000000004,0.90600002
195,Fc1ccc(cc1)C(OC[C@H]1[NH+](CCC1)CCc1ccc(OC)cc1)c1ccccc1,0,420.548,6.420000099999999
208,Clc1ccc(cc1)C(OC[C@H]1[NH+](CCC1)CCc1cc(OC)ccc1)c1ccccc1,0,437.00299,6.895999900000001
111,O1CCN(CC1)c1nc(nc2n(ccc12)CC)-c1ccc(NC(=O)Nc2ccc(cc2)C(=O)N2CC[NH2+]CC2)cc1,1,555.66296,2.062
318,O1CC2N(C(CC2O)C1)c1nc(nc(n1)N1CCOCC1)-c1ccc(NC(=O)Nc2cc[nH+]cc2)cc1,1,505.55899000000005,-0.38999999
59,O=C/1N(N=C(\C\1=C\Nc1n[nH]cc1C(OCC)=O)c1ccccc1)c1ccccc1,0,401.42599,3.8050001000000004
193,Clc1cc(ccc1Cl)C(OC[C@H]1[NH+](CCC1)CCc1ccc(OC)cc1)c1ccccc1,0,471.44800000000004,7.486000099999999
260,O1CC2N(C(CC2)C1)c1nc(nc(n1)N1CCOCC1)-c1ccc(NC(=O)Nc2ccc(cc2)C)cc1,1,501.591,1.825
7,Clc1cc(Nc2ncnc3sc(cc23)-c2ccc(NC(=O)C)cc2)ccc1Oc1cc(ccc1)C(F)(F)F,0,554.97998,6.987760099999999
83,s1cc(nc1[C@H](OC(=O)C)C[C@@H](N(C(=O)[C@@H](NC(=O)[C@H]1[NH+](C[C@H](O)C1)C)[C@H](CC)C)C)C(C)C)C(=O)N[C@@H](Cc1ccccc1)C[C@@H](C(OC)=O)C,1,744.97498,4.3850002
15,O1[C@](C)([C@H]2CC=C3C=4[C@H](CC[C@]23C)[C@@]2([C@@H](C[C@H]3OC(O[C@H]3C2)(C)C)C(=O)C=4)C)[C@@H](OC1(C)C)CCC(O)(C)C,0,542.7569599999999,6.4650002
78,s1ccnc1[C@@H](NC(=O)[C@@H]([C@@H](OC)[C@H]1N(CCC1)C(=O)C[C@@H](OC)[C@@H](N(C(=O)[C@@H](NC(=O)[C@]1([NH2+]CCCC1)C)C(C)C)C)[C@H](CC)C)C)Cc1ccccc1,1,784.09998,5.3229999999999995
229,S(C[C@H](N\C=C/1\C(=NN(C\1=O)c1ccccc1)c1ccccc1)C(=O)[O-])C,0,380.44800000000004,3.2560000000000002
104,s1cc(nc1[C@H](OC(=O)C)C[C@@H](N(C(=O)[C@@H](NC(=O)[C@@H]1[NH+](CCCC1)C)[C@H](CC)C)C)C(C)C)C(=O)N[C@@H](Cc1ccccc1)c1sccn1,1,726.0,5.6090002
279,P(OC[C@H]1O[C@@H](n2cnc(C(=O)N)c2N)[C@H](O)[C@@H]1O)(=O)([O-])[O-],0,336.19698999999997,-4.2750001
366,[nH+]1ccc(Nc2ccc(NCCc3c4c([nH]c3)cccc4)cc2)cc1,1,329.42699999999996,4.110000100000001
204,O(C)c1cc2CC[C@H]3[C@@H]4C[C@@H]([NH3+])[C@H](O)[C@]4(CC[C@@H]3c2cc1)C,1,302.43799,2.878
114,O1CCN(CC1)c1nc(nc2n(nnc12)CC)-c1ccc(NC(=O)Nc2ccc(cc2)C(=O)N2CC[NH+](CC2)C)cc1,1,571.66602,1.12459
224,ClCCN(CCOS(=O)(=O)C)c1ccc(cc1)C(=O)N[C@@H](CCCC(=O)[O-])C(=O)[O-],0,462.90698,1.321
325,ICCN(CCI)c1c(F)cc(NC(=O)N[C@@H](CCCC(=O)[O-])C(=O)[O-])cc1F,0,637.159,3.7809998999999994
68,s1ccnc1[C@@H](NC(=O)[C@@H]([C@@H](OC)[C@H]1N(CCC1)C(=O)C[C@@H](OC)[C@@H](N(C(=O)[C@@H](NC(=O)C([NH2+]C)(C)C)C(C)C)C)[C@H](CC)C)C)Cc1ccccc1,1,758.06201,4.6900001
194,Clc1ccc(cc1)C(OC[C@H]1[NH+](CCC1)CCc1ccc(OC)cc1)c1ccccc1,1,437.00299,6.8590002000000005
73,s1ccnc1[C@@H](NC(=O)[C@@H]([C@@H](OC)[C@H]1N(CCC1)C(=O)C[C@@H](OC)[C@@H](N(C(=O)[C@@H](NC(=O)[C@@H]([NH2+]C)C(C)C)C(C)C)C)[C@H](CC)C)C)Cc1ccccc1,1,772.0889900000001,5.255000099999999
234,O1[C@@H]2O[C@@]3(OO[C@]24[C@@H](CC[C@H]([C@@H]4CC3)C)[C@@H](C)[C@@H]1OC(=O)CCC(OC[C@H]1C[C@H]2[C@H]3[C@H](CC[C@]2(C)[C@H]1O)c1c(cc(OCc2ccccc2)cc1)CC3)=O)C,1,758.94897,9.4429998
329,O=C/1N(N=C(\C\1=C\N[C@H](C(=O)[O-])CO)c1ccccc1)c1ccccc1,0,350.35400000000004,2.0079999
269,Clc1cc(ccc1)C1=CC(=O)N(c2c1cc(cc2)[C@]([NH3+])(c1ccc(Cl)cc1)c1n(cnc1)C)C,1,490.414,5.7989998
19,O1CCN(CC1)c1nc(nc(OC(C)C)n1)-c1ccc(NC(=O)Nc2ccc(cc2)C(=O)N(CC[NH+](C)C)C)cc1,1,563.6829799999999,1.4040000000000001
85,s1cc(nc1[C@H](OC(=O)C)C[C@@H](N(C(=O)[C@@H](NC(=O)[C@@]1([NH+](CCC1)C)C)[C@H](CC)C)C)C(C)C)C(=O)NC(Cc1ccccc1)CO,1,672.9119900000001,4.4439998
72,s1ccnc1[C@@H](NC(=O)[C@@H]([C@@H](OC)[C@H]1N(CCC1)C(=O)C[C@@H](OC)[C@@H](N(C(=O)[C@@H](NC(=O)[C@@H]([NH3+])C(C)C)C(C)C)C)[C@H](CC)C)C)Cc1ccccc1,1,758.06201,4.73
308,O1CC2N(C(CC2)C1)c1nc(nc(n1)N1CCOCC1)-c1ccc(NC(=O)Nc2ccc(cc2)CO)cc1,1,517.58997,1.005
9,O1c2c(C(=O)C(O[C@@H]3O[C@@H](C)[C@H](OC(=O)C)[C@@H](OC(=O)C)[C@H]3O)=C1c1ccc(O)cc1)c(O)cc(O)c2,0,516.45502,2.0057398999999996
140,s1c2c(nc1-c1ccc(N(C)C)cc1)CCC[C@H]2O,1,274.388,2.658
6,Oc1c(cccc1\C=N\NC(=O)C[NH+]1CC[NH+](CC1)Cc1ccccc1)CC=C,0,394.51898,3.7049999
215,Clc1ccc(cc1)C(OC[C@H]1[NH+](CCC1)CCc1ccccc1OC)c1ccccc1,0,437.00299,6.856999900000001
307,O1CCN(CC1)c1nc(nc(n1)N1CCOCC1)-c1ccc(NC(=O)Nc2ccc(cc2)CCO)cc1,1,505.57898,0.31900001
155,O1CCN(CC1)c1nc(nc(n1)N1CCOCC1)-c1ccc(NC(=O)Nc2ccc(cc2)C(=O)NC)cc1,1,518.578,0.052000001
123,O1CCN(CC1)c1nc(nc2n(nnc12)CC)-c1ccc(NC(=O)Nc2cc([nH+]cc2)C)cc1,1,460.522,1.4975899
43,S=C(NCCCC)[N-]\N=C(\CC(=O)c1c2c(ccc1)C(=O)c1c(cccc1)C2=O)/C(OCC)=O,0,478.54898,4.0929999
97,s1cc(nc1[C@H](OC(=O)C)C[C@@H](N(C(=O)[C@@H](NC(=O)[C@@H]1[NH+](CCCC1)C)[C@H](CC)C)C)C(C)C)C(=O)NCCc1ncsc1,1,649.90198,3.464
167,Ic1cc(F)c(Nc2c(NS(=O)(=O)C3(CC3)CC(O)CO)c(OC)cc(F)c2F)cc1,0,572.34198,3.9460001000000005
223,ClCCN(CCOS(=O)(=O)C)c1c(F)cc(OC(=O)N[C@@H](CCCC(=O)[O-])C(=O)[O-])cc1F,0,514.88599,1.975
171,O1C[C@H]2[C@@H]([C@@H](c3c(cc4OCOc4c3)[C@H]2O[C@@H]2O[C@H]3[C@@H](O[C@@H](OC3)C)[C@H](O)[C@H]2O)c2cc(OC)c(O)c(OC)c2)C1=O,0,588.56201,1.6160001
364,Oc1cc2c([nH]cc2C(c2ccc(cc2)C(c2c3cc(O)ccc3[nH]c2)c2c3cc(O)ccc3[nH]c2)c2c3cc(O)ccc3[nH]c2)cc1,1,630.70398,9.012000099999998
238,OC1(CC(C1)c1nc(c2n1C=C[NH+]=C2N)-c1cc2nc(ccc2cc1)-c1ccccc1)C,0,422.51199,3.8819999999999997
69,s1ccnc1[C@@H](NC(=O)[C@@H]([C@@H](OC)[C@H]1N(CCC1)C(=O)C[C@@H](OC)[C@@H](N(C(=O)[C@@H](NC(=O)C1([NH3+])CC1)C(C)C)C)[C@H](CC)C)C)Cc1ccccc1,1,742.0189799999999,4.014999899999999
65,s1ccnc1[C@@H](NC(=O)[C@@H]([C@@H](OC)[C@H]1N(CCC1)C(=O)C[C@@H](OC)[C@@H](N(C(=O)[C@@H](NC(=O)C(C[NH3+])(C)C)C(C)C)C)[C@H](CC)C)C)Cc1ccccc1,1,758.06201,4.110000100000001
300,O1CCN(CC1)c1nc(nc(n1)N1CCOCC1)-c1ccc(NC(=O)Nc2ccnnc2)cc1,1,463.50198,-0.242
338,o1cccc1-c1[nH]nc(N\C=C/2\C(=NN(C\2=O)c2ccccc2)c2ccccc2)c1,0,395.42199999999997,4.1989999000000005
247,O[C@@H]1CC2=CC[C@H]3[C@@H]4CC=C([C@]4(CC[C@@H]3[C@]2(CC1)C)C)c1nn(cc1CO)-c1ccccc1,1,444.61899000000005,3.783
217,O1CCN(CC1)c1nc(nc(OC)n1)-c1ccc(NC(=O)Nc2ccc(cc2)C(=O)N2CC[NH+](CC2)C)cc1,1,533.61298,0.249
151,O1CC2N(C(CC2)C1)c1nc(nc(n1)N1CCOCC1)-c1ccc(NC(=O)Nc2ccc(cc2)C[NH+]2CC[NH+](CC2)C)cc1,1,601.75598,1.101
40,O=C1C(CCCCCCCCCCC)=C([O-])C(=O)C=C1[O-],0,292.375,4.6820002
49,o1nc(C(=O)NCC)c(c1-c1cc(C(C)C)c(O)cc1O)-c1ccc(cc1)C[NH+]1CCOCC1,1,466.55798,3.8429998999999997
184,Clc1ccc(cc1)C(OCC1CCC[NH+](C1)CCc1ccc(OC)cc1)c1ccccc1,0,451.03,7.025000099999999
219,Clc1cc(Nc2ncnc3c2cc(cc3)-c2oc(cc2)C[NH2+]CCS(=O)(=O)C)ccc1OCc1cc(F)ccc1,1,582.07599,4.842
188,O(C)c1ccc(cc1)CC[NH+]1CCC[C@H]1COC(c1ccc(cc1)C)c1ccc(cc1)C,0,430.61199999999997,6.862999900000001
41,S=C(NCCCCCC)[N-]\N=C(\CC(=O)c1c2c(ccc1)C(=O)c1c(cccc1)C2=O)/C(OCC)=O,1,506.603,4.9770002
39,O(C(=O)CCCCCCC\C=C/C\C=C/CCCCC)c1ccc(cc1C(C)C)C(C)C,1,440.71198,9.7229996
352,Clc1cc(Nc2ncnc3sc(cc23)-c2ccc([N+](=O)[O-])cc2)ccc1OCc1cc(F)ccc1,1,506.94498,6.9840002000000005
118,O1CCN(CC1)c1nc(nc2n(nnc12)CC)-c1ccc(NC(=O)Nc2ccc(cc2)C(=O)NCCc2ncccc2)cc1,1,592.664,2.0075901000000003
252,s1c2c(nc1-c1ccc(N(C)C)cc1C)CCC[C@@H]2O,1,288.41501,2.9909999
267,Clc1cc(Cl)ccc1C1=C(c2c3c(n(c2)C)cccc3)C(=O)NC1=O,0,371.22299,5.077000099999999
106,s1cc(nc1[C@H](OC(=O)C)C[C@@H](N(C(=O)[C@@H](NC(=O)[C@@H]1[NH+](CCC1)C)[C@H](CC)C)C)C(C)C)C(=O)N[C@@H](Cc1ccccc1)C[C@@H](C(OC)=O)C,1,728.97601,5.4000001
207,O1[C@@H]2O[C@@]3(OO[C@]24[C@@H](CC[C@H]([C@@H]4CC3)C)[C@@H](C)[C@H]1OCc1nnn(c1)[C@@H]1C[C@H]2[C@H]3[C@H](CC[C@]2(C)C1=O)c1c(cc(OC)cc1)CC3)C,1,647.81299,6.505000099999999
158,Fc1cc2c3c(CCNC2=O)c([nH]c3c1)-c1ccc(cc1)C[NH2+]C,0,324.379,3.24
112,O1CCN(CC1)c1nc(nc2n(ccc12)CC)-c1ccc(NC(=O)Nc2ccc(cc2)C(=O)NCC[NH+](C)C)cc1,1,557.67902,2.4849999
209,O1C(C)C(O)C(NC(OCc2ccc(NC(=O)NC(CCC(=O)[O-])C(=O)[O-])cc2)=O)CC1O[C@@H]1c2c(C[C@](O)(C1)C(=O)CO)c(O)c1c(C(=O)c3c(cccc3OC)C1=O)c2O,1,863.7819800000001,1.5880001
242,Brc1ccc(-n2nc(C3=CC[C@H]4[C@H]5[C@H](CC[C@]34C)[C@@]3(C(C[C@@H](O)CC3)=CC5)C)c(c2)CO)cc1,1,523.51501,4.5809999
137,s1c2c(nc1-c1ccc(N(C)C)cc1)CCCC2O,1,274.388,2.658
154,O\1c2c(cc(NC(=O)NC)cc2)C(=O)/C/1=C\c1c2cc(OC)ccc2[nH]c1-c1c(n(nc1C)C)C,1,471.517,3.3610001000000005
283,O=C1NC(=O)CCC1N1Cc2c(cccc2N)C1=O,0,259.26498,-0.177
169,Fc1cc(OC)cc2c1[nH]c(-c1c(n(nc1C)C)C)c2\C=C/1\Oc2c(cc(NC(=O)Nc3cccnc3)cc2)C\1=O,1,552.56598,3.97
37,O(C(=O)CCC\C=C/C\C=C/C\C=C/C\C=C/CCCCC)c1ccc(cc1C(C)C)C(C)C,1,464.73398,9.418999699999999
144,O1CCN(CC1)c1nc(nc(OC2CC3[NH+](C(C2)CC3)C)n1)-c1ccc(NC(=O)Nc2ccc(cc2)C(=O)N)cc1,1,559.651,1.475
356,S(CCCCCOC1=COC(=CC1=O)C[NH+]1CCOCC1)c1c2c(ncc1)cc(cc2)C(F)(F)F,0,509.569,4.1817598
163,O(C)C/1=CC(=N\C\1=C/c1[nH]c(cc1C)C)c1[nH]c2c(c1)cccc2,1,317.392,4.085
30,O=C(\C=C\c1c2c([nH]c1)cccc2)c1cc2c(cc1)C(CCC2(C)C)(C)C,1,357.49698,6.804999799999999
164,O1[C@H]2n3c4c(c5c(CNC5=O)c5c6c(n(c45)[C@]1(C)[C@H](OC)[C@H](N(C(=O)c1ccccc1)C)C2)cccc6)c1c3cccc1,0,570.64899,7.862530199999999
67,s1ccnc1[C@@H](NC(=O)[C@@H]([C@@H](OC)[C@H]1N(CCC1)C(=O)C[C@@H](OC)[C@@H](N(C(=O)[C@@H](NC(=O)C([NH3+])(C)C)C(C)C)C)[C@H](CC)C)C)Cc1ccccc1,1,744.03497,4.165
337,O=C/1N(N=C(\C\1=C\Nc1n[nH]c(c1)-c1ccccc1)c1ccccc1)c1ccccc1,0,405.461,5.4840002
84,s1cc(nc1[C@H](OC(=O)C)C[C@@H](N(C(=O)[C@@H](NC(=O)[C@@]1([NH2+]CCC1)C)[C@H](CC)C)C)C(C)C)C(=O)N[C@@H](Cc1ccccc1)C[C@@H](C(OC)=O)C,1,728.97601,5.539
254,O=C/1N(N=C(\C\1=C\Nc1n[nH]c(c1)C)c1ccccc1)c1ccccc1,1,343.38998,3.822
357,s1c2c(c3c1cccc3)cccc2-c1c2OC(N3CCOCC3)=CC(=O)c2ccc1,0,413.49698,5.7129997999999995
34,O1[C@H](C[C@H]2O[C@](O)([C@@H](OC(=O)\C=C\C=C\CCC)/C(/C2)=C/C(OC)=O)C(\C=C\[C@@H]2O[C@@H](C\C(\C2)=C\C(OC)=O)C[C@@]2(O[C@@H](C[C@H](OC(=O)C)C2(C)C)C[C@@H](O)CC1=O)O)(C)C)[C@H](O)C,1,905.04401,6.0949998
18,Fc1cc(Nc2nc3N(CCC(C)C)C(C)C(=O)N(c3cn2)C)cc(F)c1O,0,391.42199999999997,2.891
311,Fc1ccc(NC(=O)Nc2ccc(cc2)-c2nc(nc(n2)N2CCOCC2)N2C3CCC2COC3)cc1,1,505.55399000000006,1.6799998999999999
189,Clc1ccc(cc1)C(OC[C@H]1[NH+](CCC1)CCc1ccc(OC)cc1)c1ccc(Cl)cc1,0,471.44800000000004,7.451000200000001
220,Clc1cc(Nc2ncnc3c2cc(cc3)-c2oc(cc2)C[NH2+]CCS(=O)(=O)C)ccc1OCc1cc(F)ccc1,0,582.07599,4.842
63,O1CC2=C(C=C3N(Cc4c3nc3c(c4)cccc3)C2=O)[C@@](O)(CC)C1=O,1,348.358,2.3039999
135,O(CC[NH+](C)C)c1ccc(cc1)-c1[nH]c(c(n1)-c1ccncc1)-c1cc2c(cc1)/C(=N/O)/CC2,0,454.55399000000006,3.9159998999999996
81,O([C@H]([C@H](C(=O)N[C@@H]([C@@H](O)c1ccccc1)C)C)[C@H]1N(CCC1)C(=O)C[C@@H](OC)[C@@H](N(C(=O)[C@@H](NC(=O)[C@@H]([NH2+]C)C(C)C)C(C)C)C)[C@H](CC)C)C,1,719.00098,4.4990001
327,ICCN(CCI)c1c(F)cc(OC(=O)N[C@@H](CCCC(=O)[O-])C(=O)[O-])cc1F,1,638.14301,4.422999900000001
268,Brc1cc(Cl)c(Nc2c(cc3n(cnc3c2F)C)C(=O)NOCCO)cc1,1,457.68698,3.4159998999999996
245,O[C@@H]1CC2=CC[C@H]3[C@@H]4CC=C([C@]4(CC[C@@H]3[C@]2(CC1)C)C)c1nn(cc1CO)-c1ccc([N+](=O)[O-])cc1,1,489.616,3.7179998999999997
113,O1CCN(CC1)c1nc(nc2n(nnc12)CC)-c1ccc(NC(=O)Nc2ccc(cc2)C(=O)N(C)C)cc1,1,515.578,1.5995899
210,O1C(C)C(O)C(NC(OCc2ccc(OC(=O)NC(CCC(=O)[O-])C(=O)[O-])cc2)=O)CC1O[C@@H]1c2c(C[C@](O)(C1)C(=O)CO)c(O)c1c(C(=O)c3c(cccc3OC)C1=O)c2O,1,864.76599,2.23
124,O1CCN(CC1)c1nc(nc2n(nnc12)CC)-c1ccc(NC(=O)Nc2cc[nH+]cc2)cc1,1,446.495,1.2015898999999999
133,FC(F)(F)Cn1c2nc(nc(N3CCOCC3)c2cc1)-c1ccc(NC(=O)Nc2ccc(cc2)C(=O)NCC[NH+](C)C)cc1,1,611.64899,2.90676
62,O=C1C[NH+]2[C@@H](CCC2)C(=O)N[C@@H](C(C)C)C(=O)N2[C@@H](CCC2)C(=O)N[C@@H](CC(C)C)C(=O)N2[C@@H](CCC2)C(=O)N[C@@H]([C@@H](CC)C)C(=O)N[C@H]1Cc1ccccc1,1,779.01599,3.668
253,s1c2c(nc1-c1ccc(N(C)C)cc1C)CCC[C@H]2O,1,288.41501,2.9909999
336,s1cccc1\C=C\1/CC\C(=C/c2sccc2)\C/1=O,0,272.392,3.4289998999999995
292,O1CCN(CC1)c1nc(nc2n(nnc12)C1CC1)-c1ccc(NC(=O)Nc2cccnc2)cc1,1,457.49799,1.18259
231,O1[C@@H]2O[C@@]3(OO[C@]24[C@@H](CC[C@H]([C@@H]4CC3)C)[C@@H](C)C1O)C,1,284.35199,3.5769998999999997
122,s1cccc1NC(=O)Nc1ccc(cc1)-c1nc(N2CCOCC2)c2nnn(c2n1)CC,1,450.52700999999996,1.96659
339,O=C/1N(N=C(\C\1=C\Nc1n[nH]cc1)c1ccccc1)c1ccccc1,0,329.36301000000003,3.5260000000000002
261,O1CCN(CC1)c1nc(nc(n1)N1CCOCC1)-c1ccc(NC(=O)Nc2ccc(cc2)C)cc1,1,475.55298,1.051
125,[NH2+]=C(N(C)C)NC(=[NH2+])N,0,131.183,-0.44100001
79,s1ccnc1[C@@H](NC(=O)[C@@H]([C@@H](OC)[C@H]1N(CCC1)C(=O)C[C@@H](OC)[C@@H](N(C(=O)[C@@H](NC(=O)[C@]1([NH2+]CCC1)C)C(C)C)C)[C@H](CC)C)C)Cc1ccccc1,1,770.073,4.881
331,O=C/1N(N=C(\C\1=C\N[C@@H](Cc1nc[nH]c1)C(=O)[O-])c1ccccc1)c1ccccc1,0,400.418,2.109
103,s1cc(nc1[C@H](OC(=O)C)C[C@@H](N(C(=O)[C@@H](NC(=O)[C@@H]1[NH+](CCCC1)C)[C@H](CC)C)C)C(C)C)C(=O)N[C@H]([C@@H](O)C(OC)=O)Cc1ccccc1,1,730.948,4.369
42,O1CCN(CC1)c1nc(nc2n(nnc12)CC)-c1ccc(NC(=O)Nc2ccc(cc2)C(=O)NCCCC)cc1,1,543.63202,2.7995901
2,O1[C@H]2C=3[C@H]([C@H](OC(=O)CCCCCCC)[C@@H](OC(=O)\C(=C/C)\C)C=3C)[C@@](OC(=O)C)(C[C@H](OC(=O)CCC)[C@]2(O)[C@@](O)(C)C1=O)C,1,650.7619599999999,4.08674
244,Clc1ccc(-n2nc(C3=CC[C@H]4[C@H]5[C@H](CC[C@]34C)[C@@]3(C(C[C@@H](O)CC3)=CC5)C)c(c2)CO)cc1,1,479.064,4.375
343,O=C/1NN=C(\C\1=C\N[C@@H](Cc1c2c([nH]c1)cccc2)C(=O)[O-])c1ccccc1,0,373.392,2.928
302,O1CCN(CC1)c1nc(nc(n1)N1CCOCC1)-c1ccc(NC(=O)Nc2ccc(cc2)C(=O)N2CCC([NH+]3CCCCC3)CC2)cc1,1,656.81201,1.7530000000000001
131,O1CCN(CC1)c1nc(nc(n1)N1CCOCC1)-c1ccc(NC(=O)Nc2ccc(cc2)C(=O)N(CC[NH+](C)C)C)cc1,1,590.70898,0.126
297,O1CC2N(C(CC2)C1)c1nc(nc(n1)N1CCOCC1)-c1ccc(NC(=O)Nc2ccnnc2)cc1,1,489.53997999999996,0.53200001
232,O1[C@@H]2O[C@@]3(OO[C@]24[C@@H](CC[C@H]([C@@H]4CC3)C)[C@@H](C)[C@H]1CC(OC[C@H]1C[C@H]2[C@H]3[C@H](CC[C@]2(C)[C@H]1O)c1c(cc(OCc2ccccc2)cc1)CC3)=O)C,1,700.91296,9.508999800000002
147,FC(F)(F)Cn1c2nc(nc(N3CCOCC3)c2cc1)-c1ccc(NC(=O)Nc2ccc(cc2)C(=O)N2CC[NH+](CC2)C)cc1,1,623.65997,2.75176
359,s1c2c(nc1-c1ccc(N3CCCC3)cc1)C[NH2+]CC2O,1,302.422,1.827
341,Clc1ccccc1-c1c2c(c3c4cc(O)ccc4[nH]c3c1)C(=O)NC2=O,0,362.772,4.822
14,FC(CC[C@@H]1OC(O[C@]1(C)[C@H]1CC[C@@]2(O)C=3[C@H](CC[C@]12C)[C@@]1([C@@H](C[C@H]2OC(O[C@H]2C1)(C)C)C(=O)C=3)C)(C)C)(C)C,0,562.763,7.386000200000001
363,Clc1ccc(cc1)C(OC[C@H]1[NH+](CCC1)CCc1ccc(O)cc1)c1ccccc1,0,422.97598,6.594999799999999
246,O[C@@H]1CC2=CC[C@H]3[C@@H]4CC=C([C@]4(CC[C@@H]3[C@]2(CC1)C)C)c1nn(cc1C=O)-c1ccccc1,1,442.603,4.2319999
10,O=C1N(c2nc(ncc2C(C)=C1C(=O)C)Nc1ncc(N2CC[NH2+]CC2)cc1)C1CCCC1,1,448.55099,1.161
161,S(CC[C@H](NC(=O)c1ccc(NC[C@@H]([NH3+])CS)cc1-c1ccccc1)C(OC)=O)C,1,448.63199000000003,3.3889998999999995
160,O1CCN(CC1)c1nc(nc2n(ncc12)C1CCN(CC1)C(OC)=O)-c1ccc(N)cc1,1,437.504,0.94252998
324,ClCCN(CCCl)c1c(F)cc(NC(=O)N[C@@H](CCCC(=O)[O-])C(=O)[O-])cc1F,1,454.25699000000003,2.585
334,O=C([O-])c1ccc(cc1C1CCCC1)-c1c2cc(cnc2[nH]c1)-c1ccccc1,0,381.45499,6.4089999
126,Clc1cc(Nc2ncnc3c2cc(NC(=O)\C=C\C[NH+](C)C)c(O[C@H]2CCOC2)c3)ccc1F,1,486.95499,3.372
179,Clc1ccc(cc1)C(OC[C@H]1[NH+](CCC1)CCCc1ccc(OC)cc1)c1ccccc1,0,451.03,7.301000099999999
320,O1CCN(CC1)c1nc(nc(n1)N1CCOCC1)-c1ccc(NC(=O)Nc2cc[nH+]cc2)cc1,1,463.522,-0.149
251,Clc1cc(Cl)ccc1-c1nc(ncc1-c1[nH]cc(n1)C)NCCNc1ncc(cc1)C#N,0,465.34799000000004,2.5989999999999998
108,O1CCOc2c1cc(cc2)-c1c([nH]nc1C)-c1cc(CC)c(O)cc1O,0,352.38998,4.295000099999999
192,Brc1ccc(cc1)C(OC[C@H]1[NH+](CCC1)CCc1ccc(OC)cc1)c1ccccc1,0,481.45398,7.065000099999999
187,Clc1ccc(cc1)C(OCC1[NH+](CCCC1)CCc1ccc(OC)cc1)c1ccccc1,0,451.03,7.301000099999999
29,S(=O)(=O)(CC(O)(C(=O)Nc1cc(C(F)(F)F)c(cc1)C#N)C)c1ccc(F)cc1,0,430.37799,2.50176
202,O\1c2c(cc(NC(=O)Nc3ccc(cc3)C(=O)N3CCOCC3)cc2)C(=O)/C/1=C\c1c2cc(OC)ccc2[nH]c1-c1c(n(nc1C)C)C,1,646.70398,4.0770001
258,O1CC[NH+](CC1)CCOc1c2c(cccc2)c(NC(=O)Nc2n(nc(c2)C(C)(C)C)-c2ccc(cc2)C)cc1,0,528.677,4.9429998
235,O1[C@@H](C\C=C\C=C(\C#N)/[C@H](O)[C@H](C[C@@H](C[C@@H](C[C@H](C)[C@@H](O)CC1=O)C)C)C)[C@@H]1CCC[C@H]1C(=O)[O-],1,488.64499000000006,4.9099998
348,o1cccc1-c1[nH]nc(N\C=C/2\C(=NNC\2=O)c2ccccc2)c1,0,319.32401,2.3480000000000003
281,Clc1cc(Nc2ncnc3sc(cc23)-c2ccc(N)cc2)ccc1OCc1cc(F)ccc1,1,476.96297999999996,6.3769999
128,O1CCN(CC1)c1nc(nc(n1)N1CCOCC1)-c1ccc(NC(=O)Nc2ccc(cc2)C(=O)N2CCC([NH+](C)C)CC2)cc1,1,616.7470099999999,0.77899998
36,O(C(=O)CCC\C=C/C\C=C/C\C=C/C\C=C/CCCCC)c1c(cccc1C(C)C)C(C)C,1,464.73398,9.380000099999998
290,Ic1cc(F)c(Nc2c(F)c(F)ccc2C(=O)NOC[C@H](O)CO)cc1,1,482.19597999999996,3.1400001
95,s1cc(nc1[C@H](OC(=O)C)C[C@@H](N(C(=O)[C@@H](NC(=O)[C@H]([NH2+]C)C(C)C)[C@H](CC)C)C)C(C)C)C(=O)N[C@@H](Cc1ccccc1)C[C@@H](C(OC)=O)C,1,730.992,5.9130001
143,S(=O)(=O)(N(C)c1ncccc1CNc1nc(ncc1C(F)(F)F)Nc1cc2CC(=O)Nc2cc1)C,0,507.49698,1.07576
17,Oc1c2c(C(=O)C=C([C@H](O)CC=C(C)C)C2=O)c(O)cc1,1,288.29898,1.2770000000000001
25,O1CCN(CC1)c1nc(nc2n(nnc12)C(C)C)-c1ccc(NC(=O)Nc2ccc(N(C)C)cc2)cc1,1,501.595,2.4805901
347,O=C/1NN=C(\C\1=C\Nc1n[nH]c(c1)-c1ccccc1)c1ccccc1,0,329.36301000000003,3.6329998999999997
33,O=C([O-])\C=C(\C=C\C=C(\C=C\C=1C(CCCC=1C)(C)C)/C)/C,0,299.43399,4.75
27,O1CCN(CC1)c1nc(nc2n(nnc12)C(C)C)-c1ccc(NC(=O)Nc2cccnc2)cc1,1,459.51398,1.33259
285,O1[C@H](CO)[C@@H](O)[C@H](O)[C@@H]1N1C=CC(=NC1=O)N,1,243.21899,-2.529
20,O1CCN(CC1)c1nc(nc(OC(C)C)n1)-c1ccc(NC(=O)Nc2ccc(cc2)C(=O)N2CC[NH+](CC2)C)cc1,1,561.66699,1.052
119,O1CCN(CC1)c1nc(nc2n(nnc12)CC)-c1ccc(NC(=O)Nc2ccc(cc2)C(OC)=O)cc1,1,502.535,2.0445900000000004
182,O(C)c1ccc(cc1)CC[NH+]1CCC(CC1)COC(c1ccccc1)c1ccccc1,0,416.58499,6.433000099999999
74,s1ccnc1[C@@H](NC(=O)[C@@H]([C@@H](OC)[C@H]1N(CCC1)C(=O)C[C@@H](OC)[C@@H](N(C(=O)[C@@H](NC(=O)[C@@]1([NH2+]CCCC1)C)C(C)C)C)[C@H](CC)C)C)Cc1ccccc1,1,784.09998,5.3229999999999995
351,S(=O)(=O)([O-])c1cc(\N=N\c2cc3c(cc(S(=O)(=O)[O-])cc3)cc2)c(O)c2ncccc12,0,457.44299,2.8269999
8,O1[C@@H]2C[C@H](O)[C@@]3([C@H]([C@H](OC(=O)c4ccccc4)[C@]4(O)C[C@H](OC(=O)[C@H](O)[C@@H](NC(OC(C)(C)C)=O)c5ccccc5)C(=C([C@@H](O)C3=O)C4(C)C)C)[C@]2(OC(=O)C)C1)C,1,807.88995,3.5799999
240,O(Cc1ccccc1)c1cc2CC[C@H]3[C@@H]4C[C@H](CO)[C@H](O)[C@]4(CC[C@@H]3c2cc1)C,1,392.539,5.0539999
58,O=C1c2c(cccc2C(=O)C\C(=N\Nc2ccccc2)\C(OCC)=O)C(=O)c2c1cccc2,0,440.45499,6.4120002000000005
264,Clc1ccc(cc1)C(OC[C@H]1[NH+](CCC1)CCc1ccccc1)c1ccccc1,0,406.97699,6.902999900000001
101,s1cc(nc1[C@H](OC(=O)C)C[C@@H](N(C(=O)[C@@H](NC(=O)[C@@H]1[NH+](CCCC1)C)[C@H](CC)C)C)C(C)C)C(=O)N[C@@H](Cc1ccccc1)C[C@@H](C(=O)[O-])C,1,727.96796,5.6989999000000005
90,s1cc(nc1[C@H](OC(=O)C)C[C@@H](N(C(=O)[C@@H](NC(=O)[C@@]1([NH+](CCC1)C)C)[C@H](CC)C)C)C(C)C)C(=O)N[C@@H](Cc1ccccc1)C[C@@H](C(=O)[O-])C,1,727.96796,5.664
149,O1CC(Oc2nc(nc(n2)N2CCOCC2)-c2ccc(NC(=O)Nc3ccc(cc3)C(=O)N3CC[NH+](CC3)C)cc2)C1,1,575.64996,-0.064000003
