Smiles,Label
s1c2c(nc1NC(=O)c1ccc(OCC#C)cc1)-c1c(SC2)cccc1,1
O(CCOC)c1cc2c(ncnc2Nc2cc(ccc2)C#C)cc1OCCOC,0
O1CCN(c2c1cc1ncnc(Nc3cc(ccc3)C#C)c1c2)C(=O)\C=C\C[NH+](C)C,1
O1CCN(c2c1cc1ncnc(Nc3cc(ccc3)C#C)c1c2)C(=O)\C=C\C[NH+](CC)CC,1
O1CCN(c2c1cc1ncnc(Nc3cc(ccc3)C#C)c1c2)C(=O)\C=C\C[NH+]1CCC(CC1)C,1
O1CCN(c2c1cc1ncnc(Nc3cc(ccc3)C#C)c1c2)C(=O)\C=C\C[NH+]1CCCC1,1
O1CCN(c2c1cc1ncnc(Nc3cc(ccc3)C#C)c1c2)C(=O)\C=C\C[NH+]1CCCCC1,1
O1CCN(c2c1cc1ncnc(Nc3cc(ccc3)C#C)c1c2)C(=O)\C=C\C[NH+]1CCCCC1C,1
O1CCN(c2c1cc1ncnc(Nc3cc(ccc3)C#C)c1c2)C(=O)\C=C\C[NH+]1CC[NH+](CC1)C,1
O1CC[NH+](CC1)C\C=C\C(=O)N1CCOc2c1cc1c(ncnc1Nc1cc(ccc1)C#C)c2,1
s1cc(nc1C)\C=C(/C)\[C@H]1OC(=O)C[C@H](O)C(C)(C)C(=O)[C@H](C)[C@@H](O)[C@H](CCC[C@]2(O[C@H]2C1)C)C,1
Brc1ccc(Br)cc1NC(=O)\C(=C(/[O-])\C)\C#N,0
O[C@@]1(\C=C\[C@@H](CC\C(=C\CC\C(=C\[C@H](O)C1)\C)\C)C(C)C)C,0
O1[C@H]2C=3[C@H]([C@H](OC(=O)CCCCCCC)[C@@H](OC(=O)\C(=C/C)\C)C=3C)[C@@](OC(=O)C)(C[C@H](OC(=O)CCC)[C@]2(O)[C@@](O)(C)C1=O)C,1
O=C([O-])CC[C@]12[C@]3([C@@H](CC[C@H]1C(C)=C)[C@@]1(CC[C@H]([C@@H](CCC=C(C)C)C)[C@]1(CC3)C)C)C2,0
O=C([O-])c1ccc(cc1)C(=C)c1cc2c(cc1C)C(CCC2(C)C)(C)C,0
O1[C@H]2[C@H]([C@@]3([C@]4([C@@H](C2)[C@@]2(CC[C@H]([C@@H](CC\C=C(\C=O)/C)C)[C@]2(CC4)C)C)C3)CCC(=O)[O-])C(=C)C1=O,0
O1[C@H]2[C@H]([C@@]3([C@]4([C@@H](C2)[C@@]2(CC[C@H]([C@@H](CC\C=C(\CO)/C)C)[C@]2(CC4)C)C)C3)CCC(OC)=O)C(=C)C1=O,0
O1[C@H]2[C@H]([C@@]3([C@]4([C@@H](C2)[C@@]2(CC[C@H]([C@@H](CCC=C(C)C)C)[C@]2(CC4)C)C)C3)CCC(=O)[O-])C(=C)C1=O,0
O1[C@H]2[C@H]([C@@]3([C@]4([C@@H](C2)[C@@]2(CC[C@H]([C@@H](CCC=C(C)C)C)[C@]2(CC4)C)C)C3)CCC(OC)=O)C(=C)C1=O,0
O1[C@H]2[C@@H](CC\C(=C\CC[C@]3(O[C@@H]23)C)\C)C(=C)C1=O,0
O=C(N1CC(Nc2nc(nc3[nH]cnc23)Nc2ccc(N(C(=O)CC)C)cc2)CCC1)C=C,0
Clc1cc(Nc2ncnc3c2cc(NC(=O)C=C)c(OCCC[NH+]2CCOCC2)c3)ccc1F,1
O=C1C=C2NC(=O)/C(=C/C=C\[C@H](OC)[C@@H](OC(=O)N)/C(=C/[C@H](C)[C@@H](O)[C@@H](OC)C[C@@H](CC(=C1NCC=C)C2=O)C)/C)/C,1
Oc1c(cccc1\C=N\NC(=O)C[NH+]1CC[NH+](CC1)Cc1ccccc1)CC=C,0
o1nc(cc1CO[C@H]1CCC([C@H]2[C@@]1(C)[C@]1(O)[C@@](O[C@](CC1=O)(C=C)C)(C)[C@@H](O)[C@H]2OC(=O)C)(C)C)-c1cc(OC)c(OC)cc1,0
o1nc(cc1CO[C@H]1CCC([C@H]2[C@@]1(C)[C@]1(O)[C@@](O[C@](CC1=O)(C=C)C)(C)[C@@H](OC(=O)C)[C@H]2O)(C)C)-c1ccc(cc1)C,0
o1nc(cc1CO[C@H]1CCC([C@H]2[C@@]1(C)[C@]1(O)[C@@](O[C@](CC1=O)(C=C)C)(C)[C@@H](OC(=O)C)[C@H]2O)(C)C)-c1ccc(OC)cc1,1
o1nc(cc1CO[C@H]1CCC([C@H]2[C@@]1(C)[C@]1(O)[C@@](O[C@](CC1=O)(C=C)C)(C)[C@@H](OC(=O)C)[C@H]2O)(C)C)-c1ccc(OCc2ccccc2)cc1,1
o1nc(cc1CO[C@H]1CCC([C@H]2[C@@]1(C)[C@]1(O)[C@@](O[C@](CC1=O)(C=C)C)(C)[C@@H](OC(=O)C)[C@H]2O)(C)C)-c1ccccc1,1
Clc1cc(Nc2ncnc3c2sc(c3)C#C[C@@H]2N(CCC2)C(=O)C)ccc1OCc1cc(F)ccc1,1
Clc1cc(Nc2ncnc3c2cc(cc3)-c2oc(cc2)C[NH+]2CCN(CC2)C(=O)C)ccc1OCc1cc(F)ccc1,1
Clc1cc(Nc2ncnc3c2n(cc3)CCNC(=O)C)ccc1Oc1c2c(snc2)ccc1,1
Clc1cc(Nc2ncnc3c2cc(NC(=O)C)cc3)ccc1OCc1ncccc1,1
Clc1cc(Nc2ncncc2C#Cc2cc(NC(=O)C)ccc2)ccc1OCc1cc(F)ccc1,0
O1[C@@H](CC(=CC1=O)C)\C=C\C(=C\C[C@@H]1O[C@H](C)[C@H](NC(=O)\C=C/[C@@H](OC(=O)C)C)C[C@@H]1C)\C,1
ClC[C@]1(O)C[C@H](O[C@@H](C1)\C=C\C(=C\C[C@@H]1O[C@H](C)[C@H](NC(=O)\C=C/[C@@H](OC(=O)C)C)C[C@@H]1C)\C)CC(=O)[O-],1
ClC[C@]1(O)C[C@H](O[C@@H](C1)\C=C\C(=C\C[C@@H]1O[C@H](C)[C@H](NC(=O)\C=C/[C@@H](OC(=O)C)C)C[C@@H]1C)\C)CC(OC[C@]1(O)[C@@H](O)[C@](O[C@H](\C=C\C(=C\C[C@@H]2O[C@H](C)[C@H](NC(=O)\C=C/[C@@H](OC(=O)C)C)C[C@@H]2C)\C)[C@H]1O)(O)C)=O,1
O1[C@@H](C\C=C(\C=C\[C@H]2O[C@@H](C[C@]3(OC3)C2)CC(=O)[O-])/C)[C@H](C[C@@H](NC(=O)\C=C/[C@@H](OC(=O)C)C)[C@H]1C)C,1
O1[C@@H](C\C=C(\C=C\[C@H]2O[C@@H](C[C@]3(OC3)[C@@H]2O)CC(=O)[O-])/C)[C@H](C[C@@H](NC(=O)\C=C/[C@@H](OC(=O)C)C)[C@H]1C)C,1
O1N=C(CC1[C@@]1(O[C@@]2(C)[C@@](O)([C@@]3([C@@H]([C@H](OC(=O)C)[C@@H]2O)C(CC[C@@H]3OCc2onc(c2)-c2ccc(OCc3ccccc3)cc2)(C)C)C)C(=O)C1)C)c1ccc(OCc2ccccc2)cc1,1
O1[C@@H]2C[C@H](O)[C@@]3([C@H]([C@H](OC(=O)c4ccccc4)[C@]4(O)C[C@H](OC(=O)[C@H](O)[C@@H](NC(OC(C)(C)C)=O)c5ccccc5)C(=C([C@@H](O)C3=O)C4(C)C)C)[C@]2(OC(=O)C)C1)C,1
O1[C@@H]2C[C@H](O)[C@@]3([C@H]([C@H](OC(=O)c4ccccc4)[C@]4(O)C[C@H](OC(=O)[C@H](O)[C@@H](NC(=O)c5ccccc5)c5ccccc5)C(=C([C@@H](OC(=O)C)C3=O)C4(C)C)C)[C@]2(OC(=O)C)C1)C,1
O1N=C(CC1[C@@]1(O[C@@]2(C)[C@@](O)([C@@]3([C@@H]([C@H](O)[C@@H]2OC(=O)C)C(CC[C@@H]3OCc2onc(c2)-c2ccc(OCc3ccccc3)cc2)(C)C)C)C(=O)C1)C)c1ccc(OCc2ccccc2)cc1,0
O1c2c(C(=O)C(O[C@@H]3O[C@@H](C)[C@H](OC(=O)C)[C@@H](OC(=O)C)[C@H]3O)=C1c1ccc(O)cc1)c(O)cc(O)c2,0
O=C1N(c2nc(ncc2C(C)=C1C(=O)C)Nc1ncc(N2CC[NH2+]CC2)cc1)C1CCCC1,0
Clc1cc(Nc2ncnc3c2n(cc3)CCNC(=O)C(S(=O)(=O)C)C)ccc1Oc1cc(ccc1)C(F)(F)F,1
Clc1cc(Nc2ncnc3c2n(cc3)CCNC(=O)C(S(=O)(=O)C)C)ccc1Oc1cc(Cl)ccc1,1
Clc1cc(Nc2ncnc3c2n(cc3)CCNC(=O)C(S(=O)(=O)C)(C)C)ccc1Oc1cc(ccc1)C(F)(F)F,1
Clc1cc(Nc2ncnc3c2n(cc3)CCNC(=O)C(S(=O)(=O)C)(C)C)ccc1Oc1cc(Cl)ccc1,1
Clc1cc(Nc2ncnc3c2n(cc3)CCNC(=O)C(S(=O)(=O)C)(C)C)ccc1Oc1c2c(snc2)ccc1,1
Clc1cc(Nc2ncnc3c2n(cc3)CCNC(=O)C(C)(C)C)ccc1Oc1c2c(snc2)ccc1,1
Clc1cc(Nc2ncnc3c2n(cc3)CCO)ccc1Oc1cc(ccc1)C(=O)NC(C)(C)C,1
Clc1cc(Nc2ncnc3c2n(cc3)CCNC(=O)CS(=O)(=O)C(C)(C)C)ccc1Oc1cc(ccc1)C(F)(F)F,1
Clc1cc(Nc2ncnc3c2n(cc3)CCNC(=O)C(CO)(C)C)ccc1Oc1c2c(snc2)ccc1,1
Clc1cc(Nc2ncnc3c2n(cc3)CCNC(=O)C([NH3+])(C)C)ccc1Oc1c2c(snc2)ccc1,1
Clc1cc(Nc2ncnc3c2n(cc3)CCNC(=O)C(O)(C)C)ccc1Oc1cc(ccc1)C(F)(F)F,1
Clc1cc(Nc2ncnc3c2n(cc3)CCNC(=O)C(O)(C)C)ccc1Oc1c2c(snc2)ccc1,1
Clc1cc(Nc2ncnc3c2n(cc3)CCNC(=O)CC(O)(C)C)ccc1Oc1cc(ccc1)C(F)(F)F,1
Clc1cc(Nc2nc(nc3n(cnc23)C\C=C(\CCC=C(C)C)/C)NC2CCC([NH3+])CC2)ccc1,1
FC\C\1=C\C[C@@](\C=C\[C@@H](OC(=O)C=C(C)C)[C@](O)(\C=C\C/1=O)C)(CCC=C(C)C)C,1
O=C\1\C=C\[C@](O)(C)[C@H](OC(=O)C=C(C)C)\C=C\[C@](C\C=C/1\C[NH+]1CC[NH+](CC1)C)(CCC=C(C)C)C,1
O=C\1\C=C\[C@](O)(C)[C@H](OC(=O)C=C(C)C)\C=C\[C@](C\C=C/1\CO)(CCC=C(C)C)C,1
Oc1c2c(C(=O)C=C([C@H](O)CC=C(C)C)C2=O)c(O)cc1,1
Clc1cc(Nc2nc(nc3n(cnc23)CC=C(C)C)NC2CCC([NH3+])CC2)ccc1,1
Fc1cc(Nc2nc3N(CCC(C)C)C(C)C(=O)N(c3cn2)C)cc(F)c1O,1
Clc1cc(ccc1)CNc1nc(nc2n(cnc12)CCC(C)C)NC1CCC([NH3+])CC1,1
Clc1ccc(Nc2nc(nc3n(cnc23)CCC(C)C)NC2CCC([NH3+])CC2)cc1,1
Oc1ccc(Nc2nc(nc3n(cnc23)CCC(C)C)NC2CCC([NH3+])CC2)cc1,1
Clc1cc(Nc2nc(nc3n(cnc23)CCC(C)C)NC2CCC([NH3+])CC2)ccc1,1
Oc1cc(Nc2nc(nc3n(cnc23)CCC(C)C)NC2CCC([NH3+])CC2)ccc1,0
[NH3+]C1CCC(Nc2nc(Nc3ccccc3)c3ncn(c3n2)CCC(C)C)CC1,1
Fc1cc(ccc1)Cn1ncc2cc(Nc3ncnc(N)c3\C=N\OCC(C)C)ccc12,1
O(Cc1ccccc1)C(=O)N[C@@H](CC(C)C)C(=O)N[C@@H](CC(C)C)C(=O)N[C@@H](CC(C)C)C=O,0
OB(O)[C@@H](NC(=O)[C@@H](NC(=O)c1nccnc1)Cc1ccccc1)CC(C)C,1
Fc1ccccc1C1([NH2+]Cc2cc(C[NH+]3CC[NH+](CC3)C(C)C)c(O)cc2)CCCC1,0
Clc1cc(Nc2ncnc3c2cc(cc3)-c2oc(cc2)C([NH2+]C(C)C)CS(=O)(=O)C)ccc1OCc1cc(F)ccc1,1
Fc1cc(ccc1)Cn1ncc2cc(Nc3ncnc(N)c3\C=N\OC(C)C)ccc12,1
Clc1cc(Nc2ncnc3c2n(cc3)CCNC(=O)CS(=O)(=O)C(C)C)ccc1Oc1cc(ccc1)C(F)(F)F,1
Clc1cc(Nc2ncnc3c2cc(cc3)-c2oc(cc2)C[NH2+]CCS(=O)(=O)C(C)C)ccc1OCc1cc(F)ccc1,1
O=C(N1C[C@H](NC(=O)C2CC2)CC1)c1[nH]nc(c1)C(C)C,1
O=C(N1C[C@@H](NC(=O)C2CC2)CC1)c1[nH]nc(c1)C(C)C,1
S(=O)(=O)(c1ccccc1C(C)(C)C)c1ccc(NC(=O)c2cc(Cc3ccccc3C(C)C)c(O)c(O)c2O)cc1,1
S(=O)(=O)(CC(O)(C(=O)Nc1cc(C(F)(F)F)c(cc1)C#N)C)c1ccc(F)cc1,0
s1c2c(ncnc2Nc2cc3c(n(nc3)C(C)c3cc(F)ccc3)cc2)cc1C#C[C@H]1[NH2+]C[C@H](OC(=O)N2CCOCC2)C1,1
O1O[C@@H]2C[C@]3(CC[C@H]2O)[C@@]1(C)C(=O)CCC3(C)C,0
O1O[C@@H]2C[C@]3([C@H]1C(=O)CCC3(C)C)CC[C@]2(O)CO,1
O=C(\C=C\c1c2c([nH]c1)cccc2)c1cc2c(cc1)C(CCC2(C)C)(C)C,1
Clc1ccc(cc1)C=1CCC(CC=1C[NH+]1CCN(CC1)c1ccc(cc1)C(=O)N=S(=O)([O-])c1cc(S(=O)(=O)C(F)(F)F)c(N[C@H](CC[NH+]2CCOCC2)CSc2ccccc2)cc1)(C)C,0
O=C(Nc1cc2NCC(c2cc1)(C)C)c1cccnc1NCc1ccncc1,0
Cl[C@H]1C[C@]2(O)C=3[C@H](CC[C@]2(C)[C@H]1C=1C=CC(OC=1)=O)[C@@]1([C@@H](CC=3)C(C)(C)[C@@H](OC(=O)N)C=C1)C=O,1
Cl[C@H]1C[C@]2(O)C=3[C@H](CC[C@]2(C)[C@H]1C=1C=CC(OC=1)=O)[C@@]1([C@@H](CC=3)C(C)(C)[C@@H](OC(=O)N)[C@H]2O[C@@H]12)C=O,1
O=C([O-])\C=C(\C=C\C=C(\C=C\C=1C(CCCC=1C)(C)C)/C)/C,0
O1[C@H]2[C@@H]([NH2+]C[C@H](C2)C)[C@@H](C)[C@@]12CC[C@H]1[C@H]3[C@H](CC1=C2C)[C@@]1(C(C[C@@H](O)CC1)=CC3)C,0
Oc1c2c(ccc1)C(=O)C(=CC2=O)C,1
FC(F)(F)c1cc(N2c3c(C=CC2=O)c[nH+]c2c3cc(cc2)-c2cc3c(nc2)cccc3)ccc1N1CCN(CC1)C(=O)CC,1
s1c2c(nc1NC(=O)CC)-c1c(SC2)cccc1,1
Clc1cc(Nc2ncnc3c2cc(cc3)-c2oc(cc2)[C@H](NOC(=O)CC)CS(=O)(=O)C)ccc1OCc1cc(F)ccc1,1
Clc1cc(Nc2ncnc3c2sc(c3)C#C[C@H]2[NH2+]C[C@H](OC(=O)CC)C2)ccc1OCc1cc(F)ccc1,1
O1[C@H](C[C@H]2O[C@](O)([C@@H](OC(=O)\C=C\C=C\CCC)/C(/C2)=C/C(OC)=O)C(\C=C\[C@@H]2O[C@@H](C\C(\C2)=C\C(OC)=O)C[C@@]2(O[C@@H](C[C@H](OC(=O)C)C2(C)C)C[C@@H](O)CC1=O)O)(C)C)[C@H](O)C,1
O(C)c1c(OC)cc(cc1OC)C=1c2c(CCCC=1CC)c(O)c(OC)cc2,1
Fc1cc(ccc1)Cn1ncc2cc(NC3=[NH+]C=NC4N=C(NC(OC[C@H]5[NH2+]CCOC5)=O)C(=C34)CC)ccc12,1
O(CC1[NH2+]CCCC1)C(=O)NC1=NC2N=C[NH+]=C(Nc3cc4c(n(nc4)Cc4ccccc4)cc3)C2=C1CC,1
O(CC1CCC[NH2+]C1)C(=O)NC1=NC2N=C[NH+]=C(Nc3cc4c(n(nc4)Cc4ccccc4)cc3)C2=C1CC,1
O(CC1CC[NH2+]CC1)C(=O)NC1=NC2N=C[NH+]=C(Nc3cc4c(n(nc4)Cc4ccccc4)cc3)C2=C1CC,1
O(CCC1CC[NH2+]CC1)C(=O)NC1=NC2N=C[NH+]=C(Nc3cc4c(n(nc4)Cc4ccccc4)cc3)C2=C1CC,1
O(CC[NH+]1CCCCC1)C(=O)NC1=NC2N=C[NH+]=C(Nc3cc4c(n(nc4)Cc4ccccc4)cc3)C2=C1CC,1
O(CC[NH+]1CC[NH2+]CC1)C(=O)NC1=NC2N=C[NH+]=C(Nc3cc4c(n(nc4)Cc4ccccc4)cc3)C2=C1CC,1
O1CC[NH+](CC1)CCOC(=O)NC1=NC2N=C[NH+]=C(Nc3cc4c(n(nc4)Cc4ccccc4)cc3)C2=C1CC,1
O(CCn1ccnc1)C(=O)NC1=NC2N=C[NH+]=C(Nc3cc4c(n(nc4)Cc4ccccc4)cc3)C2=C1CC,1
O1C[C@H]([NH2+]CC1)COC(=O)NC1=NC2N=C[NH+]=C(Nc3cc4c(n(nc4)Cc4ccccc4)cc3)C2=C1CC,1
O(C(=O)NC1=NC2N=C[NH+]=C(Nc3cc4c(n(nc4)Cc4ccccc4)cc3)C2=C1CC)C1CCC([NH3+])(CC1)C,1
O(C(=O)NC1=NC2N=C[NH+]=C(Nc3cc4c(n(nc4)Cc4ccccc4)cc3)C2=C1CC)C1CCC([NH3+])CC1,1
O(C)c1cc2N([C@@H]3[C@@]4([C@H]5[NH+](CC=C[C@@]5(CC)[C@@H](OC(=O)C)[C@]3(O)C(OC)=O)CC4)c2cc1[C@@]1(c2[nH]c3c(c2C[NH+]2CC(=C[C@@H](C1)C2)CC)cccc3)C(OC)=O)C,1
Clc1cc(Nc2ncnc3c2cc(cc3)-c2oc(cc2)[C@H](NOC(=O)CCCC)CS(=O)(=O)C)ccc1OCc1cc(F)ccc1,1
Clc1cc(Nc2ncnc3c2cc(cc3)-c2oc(cc2)[C@H](NOC(=O)CCCCCC)CS(=O)(=O)C)ccc1OCc1cc(F)ccc1,1
O=C1C(CCCCCCCCCCC)=C([O-])C(=O)C=C1[O-],0
O=C(N[C@@H](CCCNC(=[NH2+])N)C(=O)N[C@@H](CC(=O)N[C@@H](CCCC[NH3+])C(=O)[O-])c1c2c(ccc1)cccc2)CCCCCCCCCCCCCCC,1
O=C(N[C@@H](CCCNC(=[NH2+])N)C(=O)N[C@@H](CC(=O)N[C@@H](Cc1ccccc1)C(=O)[O-])c1c2c(ccc1)cccc2)CCCCCCCCCCCCCCC,1
O=C(N[C@@H](CCCNC(=[NH2+])N)C(=O)N[C@@H](CC(=O)N[C@@H](CCCC[NH3+])C(=O)[O-])c1c2c(ccc1)cccc2)CCCCCCCCCCCCCCCCC,1
O=C(N[C@@H](CCCNC(=[NH2+])N)C(=O)N[C@@H](CC(=O)N[C@@H](Cc1ccccc1)C(=O)[O-])c1c2c(ccc1)cccc2)CCCCCCCCCCCCCCCCC,1
O(C)c1cc(Nc2nc(nc3n(cnc23)CCCCCC)NC2CCC([NH3+])CC2)cc(OC)c1,1
Clc1ccc(Nc2nc(nc3n(cnc23)CCCCCC)NC2CCC([NH3+])CC2)cc1,1
Oc1ccc(Nc2nc(nc3n(cnc23)CCCCCC)NC2CCC([NH3+])CC2)cc1,1
Clc1cc(Nc2nc(nc3n(cnc23)CCCCCC)NC2CCC([NH3+])CC2)ccc1,1
Clc1cc(ccc1)CNc1nc(nc2n(cnc12)CCCC)NC1CCC([NH3+])CC1,1
O(C)c1cc(Nc2nc(nc3n(cnc23)CCCC)NC2CCC([NH3+])CC2)cc(OC)c1,0
Clc1ccc(Nc2nc(nc3n(cnc23)CCCC)NC2CCC([NH3+])CC2)cc1,1
Clc1cc(Nc2nc(nc3n(cnc23)CCCC)NC2CCC([NH3+])CC2)ccc1,1
[NH3+]C1CCC(Nc2nc(Nc3ccccc3)c3ncn(c3n2)CCCC)CC1,1
Clc1cc(Nc2ncnc3c2cc(cc3)-c2oc(cc2)C[NH+](CCC)CCS(=O)(=O)C)ccc1OCc1cc(F)ccc1,1
O1[C@@H](C\C=C(\C=C\[C@H]2O[C@@H](C[C@]3(OC3)C2)CC(=O)NCCC)/C)[C@H](C[C@@H](NC(=O)\C=C/[C@@H](OC(=O)C)C)[C@H]1C)C,1
O1[C@@H](C\C=C(\C=C\[C@H]2O[C@@H](C[C@]3(OC3)[C@@H]2O)CC(=O)NCCC)/C)[C@H](C[C@@H](NC(=O)\C=C/[C@@H](OC(=O)C)C)[C@H]1C)C,1
Clc1cc(Nc2ncnc3c2cc(cc3)-c2oc(cc2)C[NH2+]CCS(=O)(=O)CCC)ccc1OCc1cc(F)ccc1,1
Clc1cc2c([nH]cc2C(=O)c2c(F)c(NS(=O)(=O)CCC)ccc2F)nc1,0
O=C(NN)c1[nH]nc(c1)-c1c2c(n(c1)CCC)cccc2,0
Clc1cc(ccc1Cl)Cn1nc(cc1C(=O)NN)-c1c2c(n(c1)CCC)cccc2,1
Clc1cc(Cl)ccc1Cn1nc(cc1C(=O)NN)-c1c2c(n(c1)CCC)cccc2,1
Fc1ccc(cc1)Cn1nc(cc1C(=O)NN)-c1c2c(n(c1)CCC)cccc2,1
O(C)c1cc(ccc1OC)Cn1nc(cc1C(=O)NN)-c1c2c(n(c1)CCC)cccc2,1
O(C)c1ccc(cc1)Cn1nc(cc1C(=O)NN)-c1c2c(n(c1)CCC)cccc2,1
O=C(NN)c1n(nc(c1)-c1c2c(n(c1)CCC)cccc2)Cc1ccccc1,1
Fc1ccc(cc1)Cn1nc(cc1-c1c2c(n(c1)CCC)cccc2)C(=O)NN,0
O=C(NN)c1n(nc(c1)-c1c2c(n(c1)CCC)cccc2)CCC,1
Clc1cc(ccc1Cl)Cn1cc(c2c1cccc2)-c1nn(CCC)c(c1)C(=O)NN,1
Clc1cc(Cl)ccc1Cn1cc(c2c1cccc2)-c1nn(CCC)c(c1)C(=O)NN,1
Fc1ccc(cc1)Cn1cc(c2c1cccc2)-c1nn(CCC)c(c1)C(=O)NN,1
O(C)c1cc(ccc1OC)Cn1cc(c2c1cccc2)-c1nn(CCC)c(c1)C(=O)NN,1
O(C)c1ccc(cc1)Cn1cc(c2c1cccc2)-c1nn(CCC)c(c1)C(=O)NN,1
O=C(NN)c1n(nc(c1)-c1c2c(n(c1)Cc1ccccc1)cccc2)CCC,1
Fc1ccc(cc1)Cn1cc(c2c1cccc2)-c1n(nc(c1)C(=O)NN)CCC,0
Clc1cc(Nc2ncnc3c2sc(c3)C#C[C@H]2[NH2+]C[C@H](OC(=O)N(CC)C)C2)ccc1OCc1cc(F)ccc1,1
Clc1cc(Nc2ncnc3c2sc(c3)C#C[C@H]2[NH2+]C[C@H](OC(=O)N(CC)CC)C2)ccc1OCc1cc(F)ccc1,1
O(C)c1cc(cc(OC)c1)-c1cc2c(nc1NC(=O)NC(C)(C)C)nc(nc2)NCCCC[NH+](CC)CC,0
o1c2c(cc1C)C(=O)C(=O)C1=C2N(CCC[NH+](CC)CC)C(=O)c2c1cccc2,1
Fc1cc\2c(NC(=O)/C/2=C\c2[nH]c(C)c(C(=O)NCC[NH+](CC)CC)c2C)cc1,0
S1c2c(C(=O)c3c1cccc3)c(NCC[NH+](CC)CC)ccc2C,1
Clc1cc(Cl)c(OCC[NH+](CC)CC)cc1-c1nc(nc2sc(cc12)C(=O)NC1CC1)N,1
Clc1cc(Cl)c(OCC[NH+](CC)CC)cc1-c1nc(nc2sc(cc12)C(=O)NCC(F)(F)F)N,1
Clc1cc(Cl)c(OCC[NH+](CC)CC)cc1-c1nc(SC)nc2[nH]cc(c12)C#N,1
Clc1cc(Cl)c(OCC[NH+](CC)CC)cc1-c1nc(SCC(=O)NC)nc2[nH]cc(c12)C#N,1
Clc1cc(Cl)c(OC)cc1-c1nc(OCC[NH+](CC)CC)nc2[nH]cc(c12)C#N,1
Clc1cc(C#N)c(OC)cc1-c1nc(SCC[NH+](CC)CC)nc2[nH]cc(c12)C#N,1
Clc1cc(Cl)c(OC)cc1-c1nc(SCC[NH+](CC)CC)nc2[nH]cc(c12)C#N,1
Clc1cc(OC)c(OC)cc1-c1nc(SCC[NH+](CC)CC)nc2[nH]cc(c12)C#N,1
O(C)c1c2c3c(cc1OC)C(=O)N(c3cc1c2cccc1)CC,1
Clc1cc(Nc2ncnc(C)c2C#CCCC[NH+]2CC[NH+](CC2)CC)ccc1OCc1cc(F)ccc1,1
Fc1ccccc1C1([NH2+]Cc2cc(C[NH+]3CC[NH+](CC3)CC)c(O)cc2)CCCC1,0
Clc1cc(OC)c(OC)cc1-c1nc(SCC(=O)NCC)nc2[nH]cc(c12)C#N,1
Clc1cc(OC)c(OCC)cc1-c1nc(SCC(=O)NCC)nc2[nH]cc(c12)C#N,1
Clc1cc(Nc2ncnc3c2cc(NC(=O)NCC)cc3)ccc1OCc1cc(F)ccc1,1
Clc1cc(Nc2ncnc3c2cc(NC(=O)NCC)cc3)ccc1OCc1ncccc1,1
Clc1cc(Nc2ncnc3c2cc(NC(=O)NCC)cc3)ccc1Oc1cc(ccc1)C(F)(F)F,1
Clc1cc(Nc2ncnc3c2sc(c3)C#C[C@@H]2[NH2+]C[C@@H](OC(=O)NCC)C2)ccc1OCc1cc(F)ccc1,1
Clc1cc(Nc2ncnc3c2sc(c3)C#C[C@H]2[NH2+]C[C@@H](OC(=O)NCC)C2)ccc1OCc1cc(F)ccc1,1
Clc1cc(Nc2ncnc3c2sc(c3)C#C[C@@H]2[NH2+]C[C@H](OC(=O)NCC)C2)ccc1OCc1cc(F)ccc1,1
Clc1cc(Nc2ncnc3c2sc(c3)C#C[C@H]2[NH2+]C[C@H](OC(=O)NCC)C2)ccc1OCc1cc(F)ccc1,1
Clc1cc(Cl)c(OC2CC[NH+](C2)CC)cc1-c1nc(nc2sc(cc12)C(=O)NCC)N,1
Clc1cc(Cl)c(OCC#N)cc1-c1nc(nc2sc(cc12)C(=O)NCC)N,1
Clc1cc(Cl)c(OCC(=O)N)cc1-c1nc(nc2sc(cc12)C(=O)NCC)N,1
Clc1cc(Cl)c(OCCC[NH+](C)C)cc1-c1nc(nc2sc(cc12)C(=O)NCC)N,1
Clc1cc(Cl)c(OCC[NH+](C)C)cc1-c1nc(nc2sc(cc12)C(=O)NCC)N,1
Clc1cc(Cl)c(OCC[NH+](CC)CC)cc1-c1nc(nc2sc(cc12)C(=O)NCC)N,1
Clc1cc(Cl)c(OCC[NH+]2CCC(F)(F)CC2)cc1-c1nc(nc2sc(cc12)C(=O)NCC)N,1
Clc1cc(Cl)c(OCC[NH+]2CCCC2)cc1-c1nc(nc2sc(cc12)C(=O)NCC)N,1
Clc1cc(Cl)c(OCC[NH+]2CC[NH+](CC2)C)cc1-c1nc(nc2sc(cc12)C(=O)NCC)N,1
Clc1cc(Cl)c(OCC[NH2+]CCOC)cc1-c1nc(nc2sc(cc12)C(=O)NCC)N,1
Clc1cc(Cl)c(ONC2CCCCC2)cc1-c1nc(nc2sc(cc12)C(=O)NCC)N,1
Clc1cnc(nc1Nc1ccccc1S(=O)(=O)C(C)C)Nc1cc(NC(=O)CNC(=O)C[NH+]2CC[NH+](CC2)Cc2ccc(cc2)-c2c(onc2C(=O)NCC)-c2cc(C(C)C)c(O)cc2O)ccc1OC,1
Clc1cnc(nc1Nc1ccccc1S(=O)(=O)C(C)C)Nc1cc(NC(=O)C[NH+]2CC[NH+](CC2)Cc2ccc(cc2)-c2c(onc2C(=O)NCC)-c2cc(C(C)C)c(O)cc2O)ccc1OC,1
o1nc(C(=O)NCC)c(c1-c1cc(C(C)C)c(O)cc1O)-c1ccc(cc1)C[NH+]1CCOCC1,1
Clc1cc(Nc2ncnc3c2cc(cc3)-c2oc(cc2)C([NH2+]CC)CS(=O)(=O)C)ccc1OCc1cc(F)ccc1,1
OC1CCC(Nc2nc(nc(NCC)c2)Nc2cc3c(n(cc3)Cc3ccccc3)cc2)CC1,0
o1cc(cc1)-c1nc(NCC)c(OC[C@@H]([NH3+])Cc2ccccc2)cc1-c1nc2c([nH]nc2C)nc1,1
Fc1cc(ccc1)Cn1ncc2cc(Nc3ncnc(N)c3\C=N\OCC)ccc12,1
Clc1cc(Nc2ncnc3c2cc(cc3)-c2oc(cc2)C[NH+]2CCN(CC2)C(OCC)=O)ccc1OCc1cc(F)ccc1,1
Clc1cc(Nc2ncnc3c2sc(c3)C#C[C@H]2[NH2+]C[C@H](NC(OCC)=O)C2)ccc1OCc1cc(F)ccc1,1
Clc1cc2-c3nc(sc3CSc2cc1)NC(OCC)=O,1
Clc1cc(Nc2ncnc3c2sc(c3)C#C[C@H]2[NH2+]C[C@H](OC(OCC)=O)C2)ccc1OCc1cc(F)ccc1,1
Clc1cc(Nc2ncnc3c2sc(c3)C#C[C@H]2[NH2+]C[C@H](OCC)C2)ccc1OCc1cc(F)ccc1,1
Clc1cc(OC)c(OCC)cc1-c1nc(SCC(=O)NC(C)C)nc2[nH]cc(c12)C#N,1
Clc1cc(OC)c(OCC)cc1-c1nc(SCC(=O)NC2CC2)nc2[nH]cc(c12)C#N,1
Fc1cc(OCC)c(cc1)-c1ccc(-n2nnc(c2)-c2ccccc2)cc1,1
O(C)c1ccc(OC)cc1CC(=O)Nc1[nH+]c(OCC)c(C#N)c(N)c1,0
Clc1cc(Nc2ncnc3c2n(cc3)CCNC(=O)CS(=O)(=O)CC)ccc1Oc1cc(ccc1)C(F)(F)F,1
Clc1cc(Nc2ncnc3c2sc(c3)C#C[C@H]2[NH2+]C[C@H](NS(=O)(=O)CC)C2)ccc1OCc1cc(F)ccc1,1
O=C(C1CC1)c1ccc(nc1)N1C2CC(NC(=O)c3cc(N[C@@H](CC)C)c(cc3C)C(=O)N)CC1CC2,1
O(C)c1cc(ccc1Nc1nc2N([C@H](CC)C(=O)N(c2cn1)C)C1CCCC1)C(=O)NC1CC[NH+](CC1)C,1
o1nc(cc1CO[C@H]1CCC([C@H]2[C@@]1(C)[C@]1(O)[C@@](O[C@](CC1=O)(CC)C)(C)[C@@H](OC(=O)C)[C@H]2O)(C)C)-c1cc(OC)c(OC)c(OC)c1,0
Clc1ccc(cc1)-c1noc(c1)CO[C@H]1CCC([C@H]2[C@@]1(C)[C@]1(O)[C@@](O[C@](CC1=O)(CC)C)(C)[C@@H](OC(=O)C)[C@H]2O)(C)C,1
o1nc(cc1CO[C@H]1CCC([C@H]2[C@@]1(C)[C@]1(O)[C@@](O[C@](CC1=O)(CC)C)(C)[C@@H](OC(=O)C)[C@H]2O)(C)C)-c1ccc(OC)cc1,1
o1nc(cc1CO[C@H]1CCC([C@H]2[C@@]1(C)[C@]1(O)[C@@](O[C@](CC1=O)(CC)C)(C)[C@@H](OC(=O)C)[C@H]2O)(C)C)-c1ccccc1,1
O1CC2=C(C=C3N(Cc4c3nc3c(c4)cccc3)C2=O)[C@@](O)(CC)C1=O,1
O([C@H]([C@H](C(=O)N[C@@H](Cc1ccccc1)C(=O)[O-])C)[C@H]1N(CCC1)C(=O)C[C@@H](OC)[C@@H](N(C(=O)[C@@H](NC(=O)[C@@H]([NH2+]C)C(C)C)C(C)C)C)[C@H](CC)C)C,1
s1ccnc1[C@@H](NC(=O)[C@@H]([C@@H](OC)[C@H]1N(CCC1)C(=O)C[C@@H](OC)[C@@H](N(C(=O)[C@@H](NC(=O)C(C[NH3+])(C)C)C(C)C)C)[C@H](CC)C)C)Cc1ccccc1,1
s1ccnc1[C@@H](NC(=O)[C@@H]([C@@H](OC)[C@H]1N(CCC1)C(=O)C[C@@H](OC)[C@@H](N(C(=O)[C@@H](NC(=O)C(C[NH2+]C)(C)C)C(C)C)C)[C@H](CC)C)C)Cc1ccccc1,1
s1ccnc1[C@@H](NC(=O)[C@@H]([C@@H](OC)[C@H]1N(CCC1)C(=O)C[C@@H](OC)[C@@H](N(C(=O)[C@@H](NC(=O)C([NH3+])(C)C)C(C)C)C)[C@H](CC)C)C)Cc1ccccc1,1
s1ccnc1[C@@H](NC(=O)[C@@H]([C@@H](OC)[C@H]1N(CCC1)C(=O)C[C@@H](OC)[C@@H](N(C(=O)[C@@H](NC(=O)C([NH2+]C)(C)C)C(C)C)C)[C@H](CC)C)C)Cc1ccccc1,1
s1ccnc1[C@@H](NC(=O)[C@@H]([C@@H](OC)[C@H]1N(CCC1)C(=O)C[C@@H](OC)[C@@H](N(C(=O)[C@@H](NC(=O)C1([NH3+])CC1)C(C)C)C)[C@H](CC)C)C)Cc1ccccc1,1
s1ccnc1[C@@H](NC(=O)[C@@H]([C@@H](OC)[C@H]1N(CCC1)C(=O)C[C@@H](OC)[C@@H](N(C(=O)[C@@H](NC(=O)C1([NH3+])CCCC1)C(C)C)C)[C@H](CC)C)C)Cc1ccccc1,1
s1ccnc1[C@@H](NC(=O)[C@@H]([C@@H](OC)[C@H]1N(CCC1)C(=O)C[C@@H](OC)[C@@H](N(C(=O)[C@@H](NC(=O)C[NH2+]C)C(C)C)C)[C@H](CC)C)C)Cc1ccccc1,1
s1ccnc1[C@@H](NC(=O)[C@@H]([C@@H](OC)[C@H]1N(CCC1)C(=O)C[C@@H](OC)[C@@H](N(C(=O)[C@@H](NC(=O)[C@@H]([NH3+])C(C)C)C(C)C)C)[C@H](CC)C)C)Cc1ccccc1,1
s1ccnc1[C@@H](NC(=O)[C@@H]([C@@H](OC)[C@H]1N(CCC1)C(=O)C[C@@H](OC)[C@@H](N(C(=O)[C@@H](NC(=O)[C@@H]([NH2+]C)C(C)C)C(C)C)C)[C@H](CC)C)C)Cc1ccccc1,1
s1ccnc1[C@@H](NC(=O)[C@@H]([C@@H](OC)[C@H]1N(CCC1)C(=O)C[C@@H](OC)[C@@H](N(C(=O)[C@@H](NC(=O)[C@@]1([NH2+]CCCC1)C)C(C)C)C)[C@H](CC)C)C)Cc1ccccc1,1
s1ccnc1[C@@H](NC(=O)[C@@H]([C@@H](OC)[C@H]1N(CCC1)C(=O)C[C@@H](OC)[C@@H](N(C(=O)[C@@H](NC(=O)[C@@]1([NH2+]CCC1)C)C(C)C)C)[C@H](CC)C)C)Cc1ccccc1,1
s1ccnc1[C@@H](NC(=O)[C@@H]([C@@H](OC)[C@H]1N(CCC1)C(=O)C[C@@H](OC)[C@@H](N(C(=O)[C@@H](NC(=O)[C@@]1(F)CC[NH2+]C1)C(C)C)C)[C@H](CC)C)C)Cc1ccccc1,1
s1ccnc1[C@@H](NC(=O)[C@@H]([C@@H](OC)[C@H]1N(CCC1)C(=O)C[C@@H](OC)[C@@H](N(C(=O)[C@@H](NC(=O)[C@@H]([NH2+]C)C)C(C)C)C)[C@H](CC)C)C)Cc1ccccc1,1
s1ccnc1[C@@H](NC(=O)[C@@H]([C@@H](OC)[C@H]1N(CCC1)C(=O)C[C@@H](OC)[C@@H](N(C(=O)[C@@H](NC(=O)[C@]1([NH2+]CCCC1)C)C(C)C)C)[C@H](CC)C)C)Cc1ccccc1,1
s1ccnc1[C@@H](NC(=O)[C@@H]([C@@H](OC)[C@H]1N(CCC1)C(=O)C[C@@H](OC)[C@@H](N(C(=O)[C@@H](NC(=O)[C@]1([NH2+]CCC1)C)C(C)C)C)[C@H](CC)C)C)Cc1ccccc1,1
s1ccnc1[C@@H](NC(=O)[C@@H]([C@@H](OC)[C@H]1N(CCC1)C(=O)C[C@@H](OC)[C@@H](N(C(=O)[C@@H](NC(=O)[C@]1(F)CC[NH2+]C1)C(C)C)C)[C@H](CC)C)C)Cc1ccccc1,1
O([C@H]([C@H](C(=O)N[C@@H]([C@@H](O)c1ccccc1)C)C)[C@H]1N(CCC1)C(=O)C[C@@H](OC)[C@@H](N(C(=O)[C@@H](NC(=O)[C@@H]([NH2+]C)C(C)C)C(C)C)C)[C@H](CC)C)C,1
OC[C@H](Nc1nc(NCc2ccccc2)c2[nH]nc(c2n1)C(C)C)CC,1
OC[C@H](Nc1nc(NCc2ccccc2)c2ncn(c2n1)C(C)C)CC,0
O1[C@H]2[C@]34[C@@H]([C@@H](OC(=O)[C@@](OC(=O)C)(CC)C)C1=O)[C@@H](C)[C@@H](O)[C@@](OC3)(O)[C@@H]4[C@@]1([C@@H](C2)C(=CC(=O)[C@H]1O)C)C,0
O(C)c1cc2N([C@@H]3[C@@]4([C@H]5[NH+](CC=C[C@@]5(CC)[C@@H](OC(=O)C)[C@]3(O)C(OC)=O)CC4)c2cc1[C@@]1(c2[nH]c3c(c2CC[NH+]2C[C@@](O)(C[C@@H](C1)C2)CC)cccc3)C(OC)=O)C,1
O1CCOc2c1cc(cc2)-c1c([nH]nc1C)-c1cc(CC)c(O)cc1O,1
S=C(Nc1ccccc1CC)[N-]\N=C\1/C[C@H]2[C@H]([C@@H]3C[C@@H]4O[C@@]5(OC[C@@H](CC5)C)[C@H]([C@@H]4[C@@]/13C)C)CC[C@H]1C[C@@H](O)CC[C@@]12C,1
FC(F)(F)c1cc2nc([nH]c2cc1)C[NH+]1CCN(CC1)c1ncncc1CC,0
Clc1ccc(cc1)-c1c(nc(nc1N)N)CC,0
o1nc(-c2nc3c(n2CC)cc(nc3C#CC(O)(C)C)CCC[NH3+])c(n1)N,1
o1nc(-c2nc3c(n2CC)cc(nc3C#CC(O)(C)C)CC[NH3+])c(n1)N,1
o1nc(-c2nc3c(n2CC)cc(nc3C#CC(O)(C)C)C[NH+](C)C)c(n1)N,1
o1nc(-c2nc3c(n2CC)cc(nc3C#CC(O)(C)C)C[NH3+])c(n1)N,1
o1nc(-c2nc3c(n2CC)cc(nc3C#CC(O)(C)C)C[NH+]2CCCC2)c(n1)N,1
o1nc(-c2nc3c(n2CC)cc(nc3C#CC(O)(C)C)C[NH2+]C)c(n1)N,1
o1nc(-c2nc3c(n2CC)cc(OCCCC[NH3+])nc3C#CC(O)(C)C)c(n1)N,0
o1nc(-c2nc3c(n2CC)cc(OCCC[NH3+])nc3C#CC(O)(C)C)c(n1)N,1
o1nc(-c2nc3c(n2CC)cc(OCC[NH3+])nc3C#CC(O)(C)C)c(n1)N,1
o1nc(-c2nc3c(n2CC)cc(OCC[NH2+]C)nc3C#CC(O)(C)C)c(n1)N,1
o1nc(-c2nc3c(n2CC)cc(OC[C@H]([NH3+])C)nc3C#CC(O)(C)C)c(n1)N,1
o1nc(-c2nc3c(n2CC)cc(OC[C@@H]([NH3+])Cc2ccccc2)nc3C#CC(O)(C)C)c(n1)N,1
o1nc(-c2nc3c(n2CC)cc(OC[C@@H]([NH3+])c2ccccc2)nc3C#CC(O)(C)C)c(n1)N,1
o1nc(-c2nc3c(n2CC)cc(OC[C@@H]([NH3+])C)nc3C#CC(O)(C)C)c(n1)N,1
o1nc(-c2nc3c(n2CC)cc(OC[C@H]([NH3+])Cc2ccccc2)nc3C#CC(O)(C)C)c(n1)N,1
o1nc(-c2nc3c(n2CC)cc(OC[C@H]([NH3+])c2ccccc2)nc3C#CC(O)(C)C)c(n1)N,1
o1nc(-c2nc3c(n2CC)cc(O[C@@H](CC[NH3+])c2ccccc2)nc3C#CC(O)(C)C)c(n1)N,1
o1nc(-c2nc3c(n2CC)cc(O[C@@H](C[NH3+])c2ccccc2)nc3C#CC(O)(C)C)c(n1)N,1
o1nc(-c2nc3c(n2CC)cc(O[C@H](CC[NH3+])c2ccccc2)nc3C#CC(O)(C)C)c(n1)N,1
o1nc(-c2nc3c(n2CC)cc(O[C@H](C[NH3+])c2ccccc2)nc3C#CC(O)(C)C)c(n1)N,1
o1nc(-c2nc3c(n2CC)c(OC2CC[NH2+]CC2)cnc3C#CC(O)(C)C)c(n1)N,1
o1nc(-c2nc3c(n2CC)c(OCC2CC[NH2+]C2)cnc3C#CC(O)(C)C)c(n1)N,1
o1nc(-c2nc3c(n2CC)c(OCC2CC[NH2+]CC2)cnc3C#CC(O)(C)C)c(n1)N,1
o1nc(-c2nc3c(n2CC)c(OCCCC[NH3+])cnc3C#CC(O)(C)C)c(n1)N,1
o1nc(-c2nc3c(n2CC)c(OCCC[NH2+]CCc2ccc(OC)cc2)cnc3C#CC(O)(C)C)c(n1)N,1
o1nc(-c2nc3c(n2CC)c(OCCC[NH2+]C[C@H](O)CO)cnc3C#CC(O)(C)C)c(n1)N,0
o1nc(-c2nc3c(n2CC)c(OCC[NH3+])cnc3C#CC(O)(C)C)c(n1)N,1
o1nc(-c2nc3c(n2CC)c(OCC[C@@H]([NH3+])Cc2ccccc2)cnc3C#CC(O)(C)C)c(n1)N,1
o1nc(-c2nc3c(n2CC)c(OC[C@@H]2CCC[NH2+]C2)cnc3C#CC(O)(C)C)c(n1)N,1
o1nc(-c2nc3c(n2CC)c(OC[C@H]2CCC[NH2+]C2)cnc3C#CC(O)(C)C)c(n1)N,1
O1CC[NH+](CC1)CCOc1ccc(cc1)C(=O)Nc1cc(Oc2ncc3nc(n(c3c2)CC)-c2nonc2N)ccc1,0
Clc1cc(Nc2nc(nc3n(cnc23)CC)N[C@@H]2CCCC[C@@H]2[NH3+])ccc1,1
Fc1cc(ccc1)Cn1ncc2cc(Nc3ncnc(N)c3\C=N\N(C)C)ccc12,1
[NH2+]=C(N(C)C)NC(=[NH2+])N,0
Clc1cc(Nc2ncnc3c2sc(c3)C#C[C@@H]2[NH2+]C[C@@H](OC(=O)N(C)C)C2)ccc1OCc1cc(F)ccc1,1
Clc1cc(Nc2ncnc3c2sc(c3)C#C[C@H]2[NH2+]C[C@@H](OC(=O)N(C)C)C2)ccc1OCc1cc(F)ccc1,1
Clc1cc(Nc2ncnc3c2sc(c3)C#C[C@@H]2[NH2+]C[C@H](OC(=O)N(C)C)C2)ccc1OCc1cc(F)ccc1,1
Clc1cc(Nc2ncnc3c2sc(c3)C#C[C@H]2[NH2+]C[C@H](OC(=O)N(C)C)C2)ccc1OCc1cc(F)ccc1,1
Clc1cc(Nc2ncnc3c2cc(cc3)-c2oc(cc2)C([NH+](C)C)CS(=O)(=O)C)ccc1OCc1cc(F)ccc1,1
Clc1cc(Nc2ncnc3c2cc(NC(=O)\C=C\C[NH+](C)C)c(O[C@@H]2CCOC2)c3)ccc1F,1
Clc1cc(Nc2ncnc3c2cc(NC(=O)\C=C\C[NH+](C)C)c(O[C@H]2CCOC2)c3)ccc1F,1
S1C=C(n2cc(nc12)-c1ccc(NC(=O)Nc2noc(c2)C(C)(C)C)cc1)C(=O)NCCC[NH+](C)C,1
Clc1ccc(cc1)CN(CC[NH+](C)C)c1ncccc1,1
O=C1N(CC[NH+](C)C)C(=O)c2c3c1cc(N)cc3ccc2,0
O(CC[NH+](C)C)c1ccc(cc1)-c1[nH]c(c(n1)-c1ccncc1)-c1cc2c(cc1)/C(=N/O)/CC2,0
Clc1cc(Nc2ncnc3c2sc(c3)-c2oc(cc2)C[NH+](C)C)ccc1OCc1cc(F)ccc1,1
Clc1cc(Nc2ncnc3c2cc(cc3)-c2oc(cc2)[C@@H]([NH+](C)C)CS(=O)(=O)C)ccc1OCc1cc(F)ccc1,1
Clc1cc(Nc2ncnc3c2cc(cc3)-c2oc(cc2)[C@H]([NH+](C)C)CS(=O)(=O)C)ccc1OCc1cc(F)ccc1,1
s1c2c(OC(N3CCOCC3)=CC2=O)c(c1)-c1ccc(N(C)C)cc1,1
Clc1cc(Nc2ncnc3c2n(cc3)CCN(C(=O)CO)C)ccc1Oc1cc(ccc1)C(F)(F)F,1
O=C(N[C@@H](CCC(=O)[O-])C(=O)[O-])c1ccc(N(Cc2nc3c(nc(nc3N)N)nc2)C)cc1,0
S=C(N(NC(=O)CC(=O)NN(C(=S)c1ccccc1)C)C)c1ccccc1,1
S(=O)(=O)(N(C)c1ncccc1CNc1nc(ncc1C(F)(F)F)Nc1cc2CC(=O)Nc2cc1)C,0
Fc1ccc(cc1)C1([NH2+]Cc2cc(ccc2)CC2CC[NH+](CC2)C)CCCC1,1
Fc1ccccc1C1([NH2+]Cc2cc(ccc2)CC2CC[NH+](CC2)C)CCCC1,0
Clc1cc(Nc2ncnc3c2c(OC2CC[NH+](CC2)C)ccc3)ccc1OCc1cc(F)ccc1,1
Clc1cc(Nc2ncnc3c2c(OC2CC[NH+](CC2)C)ccc3)ccc1OCc1ncccc1,1
Clc1cc(Nc2ncnc3c2cc(cc3)-c2oc(cc2)C(=O)N2CC[NH+](CC2)C)ccc1OCc1cc(F)ccc1,1
Clc1ccc2OCOc2c1Nc1ncnc2c1c(OC1CCOCC1)cc(OCC[NH+]1CC[NH+](CC1)C)c2,0
Fc1ccc(cc1)C1([NH2+]Cc2cc(C[NH+]3CC[NH+](CC3)C)c(O)cc2)CCCC1,1
Fc1cc(ccc1)C1([NH2+]Cc2cc(C[NH+]3CC[NH+](CC3)C)c(O)cc2)CCCC1,0
Oc1ccc(cc1C[NH+]1CC[NH+](CC1)C)C[NH2+]C1(CCCC1)c1ccccc1,0
Fc1ccccc1C1([NH2+]Cc2cc(C[NH+]3CC[NH+](CC3)C)c(O)cc2)CCCC1,0
Fc1ccccc1C1([NH2+]Cc2cc(C[NH+]3CC[NH+](CC3)C)c(O)cc2)CCCCC1,0
Clc1cc(Nc2ncnc3c2cc(cc3)-c2oc(cc2)C[NH+]2CC[NH+](CC2)C)ccc1OCc1cc(F)ccc1,1
Fc1ccccc1C1([NH2+]Cc2cc(ccc2)C[NH+]2CC[NH+](CC2)C)CCCC1,0
Fc1cc(N2CC[NH+](CC2)C)cc2N=C(n3nc(nc3-c12)N)Cc1cc2OCOc2cc1,1
O=C1N(c2nc(ncc2C=C1C#N)Nc1ccc(N2CC[NH+](CC2)C)cc1)C1CCCC1,1
Clc1cc(OC)c(OC)cc1-c1nc(SCC(=O)NC)nc2[nH]cc(c12)C#N,1
Clc1cc(Nc2ncnc3c2sc(c3)C#C[C@H]2[NH2+]C[C@H](OC(=O)NC)C2)ccc1OCc1cc(F)ccc1,1
Clc1ccc(NC(=O)Nc2ccc(Oc3cc(ncc3)C(=O)NC)cc2)cc1C(F)(F)F,0
O(C1CCCC1)c1nc(nc2[nH]cc(c12)-c1ccc(cc1)C(=O)NC)Nc1ccc(cc1OC)C(=O)NC,1
o1c2cc(ccc2nc1C)-c1c2c([nH]c1)nc(nc2O)Nc1ccc(cc1OC)C(=O)NC,1
o1c2cc(ccc2nc1C)-c1c2c([nH]c1)nc(nc2OC(C)C)Nc1ccc(cc1OC)C(=O)NC,1
o1c2cc(ccc2nc1C)-c1c2c([nH]c1)nc(nc2OC1CC1)Nc1ccc(cc1OC)C(=O)NC,1
o1c2cc(ccc2nc1C)-c1c2c([nH]c1)nc(nc2OC1CCC1)Nc1ccc(cc1OC)C(=O)NC,1
O(C1CCCC1)c1nc(nc2[nH]cc(c12)-c1n[nH]cc1)Nc1ccc(cc1OC)C(=O)NC,1
O(C1CCCC1)c1nc(nc2[nH]cc(c12)-c1ccc(cc1)-c1[nH]ncc1)Nc1ccc(cc1OC)C(=O)NC,1
O(C1CCCC1)c1nc(nc2[nH]cc(c12)-c1ccc(cc1)-c1[nH]ccn1)Nc1ccc(cc1OC)C(=O)NC,1
O(C1CCCC1)c1nc(nc2[nH]cc(c12)-c1ccc(cc1)-c1[nH]cnn1)Nc1ccc(cc1OC)C(=O)NC,1
O(C1CCCC1)c1nc(nc2[nH]cc(c12)-c1ccc(cc1)CO)Nc1ccc(cc1OC)C(=O)NC,1
O(C1CCCC1)c1nc(nc2[nH]cc(c12)-c1ccc(O)cc1)Nc1ccc(cc1OC)C(=O)NC,1
O(C1CCCC1)c1nc(nc2[nH]cc(c12)-c1ccc(OC)cc1)Nc1ccc(cc1OC)C(=O)NC,1
O(C1CCCC1)c1nc(nc2[nH]cc(c12)-c1cc2[nH]ncc2cc1)Nc1ccc(cc1OC)C(=O)NC,1
o1c2cc(ccc2nc1C)-c1c2c([nH]c1)nc(nc2OC1CCCC1)Nc1ccc(cc1C)C(=O)NC,1
Clc1cc(ccc1Nc1nc(OC2CCCC2)c2c([nH]cc2-c2cc3oc(nc3cc2)C)n1)C(=O)NC,1
o1c2cc(ccc2nc1C)-c1c2c([nH]c1)nc(nc2OC1CCCC1)Nc1ccc(cc1OC)C(=O)NC,1
O(C1CCCC1)c1nc(nc2[nH]cc(c12)-c1cc2[nH]cnc2cc1)Nc1ccc(cc1OC)C(=O)NC,1
o1c2c(nc1C)cc(cc2)-c1c2c([nH]c1)nc(nc2OC1CCCC1)Nc1ccc(cc1OC)C(=O)NC,1
O(C1CCCC1)c1nc(nc2[nH]cc(c12)-c1cc(ccc1)CO)Nc1ccc(cc1OC)C(=O)NC,1
O(C1CCCC1)c1nc(nc2[nH]cc(c12)-c1cc(O)ccc1)Nc1ccc(cc1OC)C(=O)NC,1
O(C1CCCC1)c1nc(nc2[nH]cc(c12)-c1ccccc1)Nc1ccc(cc1OC)C(=O)NC,1
O(C1CCCC1)c1nc(nc2[nH]cc(c12)-c1cccnc1)Nc1ccc(cc1OC)C(=O)NC,1
O(C1CCCC1)c1nc(nc2[nH]cc(c12)-c1ccncc1)Nc1ccc(cc1OC)C(=O)NC,1
O(C1CCCC1)c1nc(nc2[nH]cc(c12)-c1cn[nH]c1)Nc1ccc(cc1OC)C(=O)NC,1
o1c2cc(ccc2nc1C)-c1c2c([nH]c1)nc(nc2OC1CCOCC1)Nc1ccc(cc1OC)C(=O)NC,1
o1c2cc(ccc2nc1C)-c1c2c([nH]c1)nc(nc2OC1COC1)Nc1ccc(cc1OC)C(=O)NC,1
o1c2cc(ccc2nc1C)-c1c2c([nH]c1)nc(nc2OCCO)Nc1ccc(cc1OC)C(=O)NC,1
o1c2cc(ccc2nc1C)-c1c2c([nH]c1)nc(nc2OCCOC)Nc1ccc(cc1OC)C(=O)NC,1
o1c2cc(ccc2nc1C)-c1c2c([nH]c1)nc(nc2O[C@H]1CCOC1)Nc1ccc(cc1OC)C(=O)NC,1
o1c2cc(ccc2nc1C)-c1c2c([nH]c1)nc(nc2OC1CCC(O)(CC1)C)Nc1ccc(cc1OC)C(=O)NC,1
S(c1ccccc1C(=O)NC)c1cc2[nH]nc(c2cc1)\C=C\c1ncccc1,0
Clc1cc(Nc2ncnc3c2cc(cc3)-c2oc(cc2)C([NH2+]C)CS(=O)(=O)C)ccc1OCc1cc(F)ccc1,1
Fc1cc2c3c(CCNC2=O)c([nH]c3c1)-c1ccc(cc1)C[NH2+]C,0
[NH2+]1CCN(CC1)c1ncc(cc1)-c1nn(c2nc(ncc12)NC)CC1CCCC1,1
Fc1cc(ccc1)Cn1ncc2cc(Nc3ncnc(N)c3\C=N\OC)ccc12,1
Clc1cc(Nc2ncnc3NCCC(=Cc23)C(OC)=O)ccc1Oc1cc(ccc1)C(F)(F)F,1
Clc1cc(Nc2ncnc3NCCC(=Cc23)C(OC)=O)ccc1Oc1c2c(scc2)ccc1,1
Clc1cc(Nc2ncncc2C#Cc2cc(NC(=O)CCCC(OC)=O)ccc2)ccc1OCc1cc(F)ccc1,1
O(C(=O)C(=O)NCC(OC)=O)C,0
FC(F)(F)C(=O)N(C(CC[C@H]1O[C@@H]2O[C@@]3(OO[C@]24[C@@H](CC[C@H]([C@@H]4CC3)C)[C@H]1C)C)C(=O)NCC(OC)=O)CCC[C@H]1O[C@@H]2O[C@@]3(OO[C@]24[C@@H](CC[C@H]([C@@H]4CC3)C)[C@H]1C)C,1
O1[C@@H]2O[C@@]3(OO[C@]24[C@@H](CC[C@H]([C@@H]4CC3)C)[C@@H](C)[C@H]1CCC(N(C(=O)c1ccc(N(C)C)cc1)CCC[C@H]1O[C@@H]2O[C@@]3(OO[C@]24[C@@H](CC[C@H]([C@@H]4CC3)C)[C@H]1C)C)C(=O)NCC(OC)=O)C,1
O1[C@@H]2O[C@@]3(OO[C@]24[C@@H](CC[C@H]([C@@H]4CC3)C)[C@@H](C)[C@H]1CCC(N(C(=O)c1cccc(OC)c1OC)CCC[C@H]1O[C@@H]2O[C@@]3(OO[C@]24[C@@H](CC[C@H]([C@@H]4CC3)C)[C@H]1C)C)C(=O)NCC(OC)=O)C,1
O1[C@@H]2O[C@@]3(OO[C@]24[C@@H](CC[C@H]([C@@H]4CC3)C)[C@@H](C)[C@H]1CCC(N(C(=O)c1ccccc1)CCC[C@H]1O[C@@H]2O[C@@]3(OO[C@]24[C@@H](CC[C@H]([C@@H]4CC3)C)[C@H]1C)C)C(=O)NCC(OC)=O)C,1
O1[C@@H]2O[C@@]3(OO[C@]24[C@@H](CC[C@H]([C@@H]4CC3)C)[C@@H](C)[C@H]1CCC(N(C(=O)c1nccnc1)CCC[C@H]1O[C@@H]2O[C@@]3(OO[C@]24[C@@H](CC[C@H]([C@@H]4CC3)C)[C@H]1C)C)C(=O)NCC(OC)=O)C,1
O1[C@@H]2O[C@@]3(OO[C@]24[C@@H](CC[C@H]([C@@H]4CC3)C)[C@@H](C)[C@H]1CCC(N(CCC[C@H]1O[C@@H]2O[C@@]3(OO[C@]24[C@@H](CC[C@H]([C@@H]4CC3)C)[C@H]1C)C)c1ccc([N+](=O)[O-])cc1)C(=O)NCC(OC)=O)C,1
O1[C@@H](C\C=C(\C=C\[C@H]2O[C@@H](C[C@]3(OC3)[C@@H]2O)CC(OC)=O)/C)[C@H](C[C@@H](NC(=O)\C=C/[C@@H](OC(=O)C)C)[C@H]1C)C,1
Clc1cc(Nc2ncnc3c2sc(c3)C#C[C@@H]2N(CCC2)C(OC)=O)ccc1OCc1cc(F)ccc1,1
S(CC[C@H](NC(=O)c1ccc(NC[C@@H]([NH3+])CS)cc1-c1ccccc1)C(OC)=O)C,0
o1nc(C(=O)NCCOCCOCCOCC(=O)N[C@H](C(C)C)C(OC)=O)c(c1-c1cc(C(C)C)c(O)cc1O)-c1ccc(cc1)C[NH+]1CCOCC1,1
O(C)C/1=CC(=N\C\1=C/c1[nH]c(cc1C)C)c1[nH]c2c(c1)cccc2,1
O(C)c1c2c3c(cc1OC)C(=O)N(c3cc1c2cccc1)CCOC,0
Clc1cc(Nc2ncnc3c2sc(c3)C#C[C@@H]2[NH+](CCC2)CCOC)ccc1OCc1cc(F)ccc1,1
O1[C@H]2n3c4c(c5c(CNC5=O)c5c6c(n(c45)[C@]1(C)[C@H](OC)[C@H](N(C(=O)c1ccccc1)C)C2)cccc6)c1c3cccc1,0
O=C1C=2N3C[C@@H]4[NH2+][C@@H]4[C@]3(OC)[C@@H](C=2C(=O)C(N)=C1C)COC(=O)N,1
O1[C@@H](CC(=O)[C@@H](\C=C(/C)\[C@@H](O)[C@@H](OC)C(=O)[C@@H](C[C@@H](\C=C\C=C\C=C(/C)\[C@@H](OC)C[C@H]2O[C@](O)([C@@H](CC2)C)C(=O)C(=O)N2[C@@H](CCCC2)C1=O)C)C)C)[C@@H](C[C@H]1C[C@@H](OC)[C@H](O)CC1)C,1
O1[C@@H](CC(=O)[C@@H](\C=C(/C)\[C@@H](O)[C@@H](OC)C(=O)[C@@H](C[C@@H](\C=C\C=C\C=C(/C)\[C@@H](OC)C[C@H]2O[C@](O)([C@@H](CC2)C)C(=O)C(=O)N2[C@@H](CCCC2)C1=O)C)C)C)[C@@H](C[C@H]1C[C@@H](OC)[C@H](OC(=O)C(CO)(CO)C)CC1)C,1
Clc1nc(Cn2c3nc(nc(Cl)c3nc2)N)c(C)c(OC)c1C,1
Clc1nc(nc2n(cnc12)Cc1[n+]([O-])cc(C)c(OC)c1C)N,1
Clc1nc(nc2N(CC(=O)N(c12)C(C(=O)NCC[NH+](C)C)C)Cc1ncc(C)c(OC)c1C)N,1
Clc1nc(nc2N(CC(=O)N(c12)C(C)C)Cc1ncc(C)c(OC)c1C)N,1
Clc1nc(nc2N(CC(=O)N(c12)C)Cc1ncc(C)c(OC)c1C)N,1
Clc1nc(nc2N(CC(=O)N(c12)C1CCCC1)Cc1ncc(C)c(OC)c1C)N,1
Clc1nc(nc2N(CC(=O)N(c12)CC(C)C)Cc1ncc(C)c(OC)c1C)N,1
Clc1nc(nc2N(CC(=O)N(c12)CCCC(C)C)Cc1ncc(C)c(OC)c1C)N,1
Clc1nc(nc2N(CC(=O)N(c12)CCC[NH+]1CCOCC1)Cc1ncc(C)c(OC)c1C)N,1
Clc1nc(nc2N(CC(=O)N(c12)CC[NH+]1CCCC1)Cc1ncc(C)c(OC)c1C)N,1
Clc1nc(nc2N(CC(=O)Nc12)Cc1ncc(C)c(OC)c1C)N,1
Clc1nc(nc2N(CC(OC3CCCC3)=Nc12)Cc1ncc(C)c(OC)c1C)N,1
Clc1nc(nc2N(Cc3ncc(C)c(OC)c3C)[C@@H](C(C)C)C(=O)N(c12)C(C)C)N,1
Clc1nc(nc2N(Cc3ncc(C)c(OC)c3C)[C@@H](C(C)C)C(=O)Nc12)N,1
Clc1nc(nc2N(Cc3ncc(C)c(OC)c3C)[C@@H](C)C(=O)Nc12)N,1
Clc1nc(nc2N(Cc3ncc(C)c(OC)c3C)[C@@H](CC(C)C)C(=O)Nc12)N,1
Clc1nc(nc2N(Cc3ncc(C)c(OC)c3C)[C@H](C)C(=O)Nc12)N,1
Clc1nc(nc2n(cnc12)Cc1ncc(C)c(OC)c1C)N,1
Clc1nc(nc2n(cnc12)Cc1cnc(C)c(OC)c1C)N,1
O(C)c1cc(ccc1NC(=O)c1n(c2c(c1)cccc2)C)-c1nn(c2ncnc(N)c12)C1CCC([NH+]2CCN(CC2)C(=O)C)CC1,0
O(C(=O)C(CO)(CO)C)c1ccc(cc1OC)\C=C\C(=O)\C=C(/[O-])\C=C\c1cc(OC)c(OC(=O)C(CO)(CO)C)cc1,1
O(C)c1cc(ccc1O)\C=C\C(=O)CC(=O)\C=C\c1cc(OC)c(O)cc1,0
o1c2cc(ccc2nc1C)-c1c2c([nH]c1)nc(nc2OC1CCCC1)Nc1ccc(cc1OC)C(=O)N(C)C,1
o1c2cc(ccc2nc1C)-c1c2c([nH]c1)nc(nc2OC1CCCC1)Nc1ccc(cc1OC)C(=O)N1CC[NH+](CC1)C,1
o1c2cc(ccc2nc1C)-c1c2c([nH]c1)nc(nc2OC1CCCC1)Nc1ccc(cc1OC)C(=O)N1CCOCC1,1
o1c2cc(ccc2nc1C)-c1c2c([nH]c1)nc(nc2OC1CCCC1)Nc1ccc(cc1OC)C(=O)NC(CO)(C)C,1
o1c2cc(ccc2nc1C)-c1c2c([nH]c1)nc(nc2OC1CCCC1)Nc1ccc(cc1OC)C(=O)NC1COC1,1
o1c2cc(ccc2nc1C)-c1c2c([nH]c1)nc(nc2OC1CCCC1)Nc1ccc(cc1OC)C(=O)NCC(O)(C)C,1
o1c2cc(ccc2nc1C)-c1c2c([nH]c1)nc(nc2OC1CCCC1)Nc1ccc(cc1OC)C(=O)NCCO,1
s1c(Sc2cc(C(=O)N3CCN(CC3)C(=O)C)c(OC)cc2C)cnc1NC(=O)c1ccc(cc1)C[NH2+]C(C(C)(C)C)C,0
Clc1cc(OC)c(OCC[NH+]2CC(F)(F)CC2)cc1-c1nc(SC(C)C)nc2[nH]cc(c12)C#N,1
Clc1cc(OC)c(OCC[NH+]2CC(F)(F)CC2)cc1-c1nc(SC)nc2[nH]cc(c12)C#N,1
Clc1cc(OC)c(OCC[NH+]2C[C@@H](F)CC2)cc1-c1nc(SC)nc2[nH]cc(c12)C#N,1
Clc1cc(OC)c(O)cc1-c1nc(SCC(=O)N(C)C)nc2[nH]cc(c12)C#N,1
Clc1cc(OC)c(OC)cc1-c1nc(SCC(=O)N(C)C)nc2[nH]cc(c12)C#N,1
Clc1cc(OC)c(O)cc1-c1nc(SCC(=O)N2CCC2)nc2[nH]cc(c12)C#N,1
Clc1cc(OC)c(OC)cc1-c1nc(SCC(=O)N2CCC2)nc2[nH]cc(c12)C#N,1
Clc1cc(OC)c(O)cc1-c1nc(SCC(=O)NC(C)(C)C)nc2[nH]cc(c12)C#N,1
Clc1cc(OC)c(OC)cc1-c1nc(SCC(=O)NC(C)(C)C)nc2[nH]cc(c12)C#N,1
Clc1cc(OC)c(O)cc1-c1nc(SCC(=O)NC(C)C)nc2[nH]cc(c12)C#N,1
Clc1cc(OC)c(OC)cc1-c1nc(SCC(=O)NC(C)C)nc2[nH]cc(c12)C#N,1
Clc1cc(OC)c(O)cc1-c1nc(SCC(=O)NC2CC2)nc2[nH]cc(c12)C#N,1
Clc1cc(OC)c(OC)cc1-c1nc(SCC(=O)NC2CC2)nc2[nH]cc(c12)C#N,1
Clc1cc(OC)c(OC)cc1-c1nc(SCC(=O)NCC(F)(F)F)nc2[nH]cc(c12)C#N,1
Clc1cc(OC)c(O)cc1-c1nc(SCC(=O)NCCF)nc2[nH]cc(c12)C#N,1
Clc1cc(OC)c(OC)cc1-c1nc(SCC(=O)NCCF)nc2[nH]cc(c12)C#N,1
Ic1cc(F)c(Nc2c(NS(=O)(=O)C3(CC3)CC(O)CO)c(OC)cc(F)c2F)cc1,0
Clc1cnc(nc1Nc1ccccc1S(=O)(=O)C(C)C)Nc1ccc(N2CCC([NH+]3CC[NH+](CC3)C)CC2)cc1OC,0
O(C)c1cc(N2CC[NH+](CC2)C)ccc1Nc1nc2N(c3c(cccc3)C(=O)N(c2cn1)C)C,0
O1CCN(CC1)c1cc(OC)c(Nc2nc(NC3CCCCC3)c3cc[nH]c3n2)cc1,1
S(=O)(=O)(C(C)C)c1ccccc1Nc1nc(nc2[nH]ccc12)Nc1ccc(N2CCOCC2)cc1OC,1
Clc1cc(Cl)c(OC)cc1Nc1c2cc(OC)c(OCCC[NH+]3CC[NH+](CC3)C)cc2[nH+]cc1C#N,0
O(C)c1cc(Nc2nc(nc3n(cnc23)CCC(C)C)NC2CCC([NH3+])CC2)cc(OC)c1,1
S(=O)(=O)(CC[NH2+]Cc1oc(cc1)-c1cc2c(ncnc2Nc2cc(OC)c(OCc3cc(F)ccc3)cc2)cc1)C,1
S(=O)(=O)(\C=C\c1c(OC)cc(OC)cc1OC)Cc1cc(N)c(OC)cc1,1
S(=O)(=O)(\C=C\c1c(OC)cc(OC)cc1OC)Cc1cc(NCC(=O)[O-])c(OC)cc1,1
S(=O)(=O)(Nc1cc(N)c(OC)cc1)\C=C\c1c(OC)cc(OC)cc1OC,1
S(=O)(=O)(Nc1cc(NC(C(=O)[O-])(C)C)c(OC)cc1)\C=C\c1c(OC)cc(OC)cc1OC,1
S(=O)(=O)(Nc1cc(O)c(OC)cc1)\C=C\c1c(OC)cc(OC)cc1OC,1
ClCC(O)COc1c2c(O[C@@H]3COc4cc(OC)c(OC)cc4[C@]3(O)C2=O)cc(OC)c1,1
O1CC[NH+](CC1)CC(O)COc1c2c(O[C@@H]3COc4cc(OC)c(OC)cc4[C@]3(O)C2=O)cc(OC)c1,1
O1CC[NH+](CC1)CC[NH2+]CC(O)COc1c2c(O[C@@H]3COc4cc(OC)c(OC)cc4[C@]3(O)C2=O)cc(OC)c1,1
O1c2cc(OC)c(OC)cc2[C@@]2(O)[C@H](Oc3c(C2=O)c(OCC(O)C[NH2+]Cc2ccccc2)cc(OC)c3)C1,1
O1CC1COc1c2c(O[C@@H]3COc4cc(OC)c(OC)cc4[C@]3(O)C2=O)cc(OC)c1,1
O1C[C@H]2[C@@H]([C@@H](c3c(cc4OCOc4c3)[C@H]2O[C@@H]2O[C@H]3[C@@H](O[C@@H](OC3)C)[C@H](O)[C@H]2O)c2cc(OC)c(O)c(OC)c2)C1=O,0
O1CC[NH+](CC1)CCCOc1cc2ncnc(Nc3ccc(NC(=O)c4ccccc4)cc3)c2cc1OC,0
O(C)C1=CC=C2c3c(cc(OC)c(OC)c3OC)CC[C@H](NC(=O)C)C2=CC1=O,1
o1nc(C)c(-c2cc3[nH]c4nc(nc(c4c3cc2OC)-c2c3c(ncc2)cccc3)C)c1C,1
O(C)c1cc2CCn3c(-c2cc1OC)c-1[n+](CCc2cc(OC)c(OC)cc-12)c3,1
O(C)c1c2c3c(cc1OC)C(=O)N(c3cc1c2cccc1)C(C)C,0
O(C)c1c2c3c(cc1OC)C(=O)N(c3cc1c2cccc1)CC1CC1,0
O(C)c1c2c3c(cc1OC)C(=O)N(c3cc1c2cccc1)CCc1ccccc1,0
O(C)c1c2c3c(cc1OC)C(=O)N(c3cc1c2cccc1)c1ccc(cc1)C(C)(C)C,0
s1c(C(=O)N)c(OCc2ccccc2C(F)(F)F)cc1-n1c2cc(OC)c(OC)cc2nc1,1
s1c(C#N)c(OCc2ccccc2S(=O)(=O)C)cc1-n1c2cc(OC)c(OC)cc2nc1,0
Clc1cc(Nc2ncnc3c2cc(OCCC[NH+]2CCOCC2)c(OC)c3)ccc1F,1
O(C)c1cc(ccc1OC)C=1N=C(n2c(ncc2)C=1)Nc1ncccc1C(=O)N,0
O1C[C@@H](N(CC1)c1nc(nc2nc(ccc12)-c1cc(CO)c(OC)cc1)N1CCOC[C@@H]1C)C,1
O(C)c1c(OC)cc(cc1OC)C(=O)\C=C\c1cc(O)c(OC)cc1,1
O(C)c1c(OC)cc(cc1OC)\C=C/c1cc(O)c(OC)cc1,1
O1N=C(CC1[C@@]1(O[C@@]2(C)[C@@](O)([C@@]3([C@@H]([C@H](O)[C@@H]2OC(=O)C)C(CC[C@@H]3OCc2onc(c2)-c2ccc(OC)cc2)(C)C)C)C(=O)C1)C)c1ccc(OC)cc1,1
Clc1ccc(cc1)[C@H]1N(C(=O)N2CC(=O)NCC2)C(=N[C@H]1c1ccc(Cl)cc1)c1ccc(OC)cc1OC(C)C,0
O(Cc1ccc(OC)cc1)c1ccc(cc1OC)Cc1cnc(nc1N)N,0
Brc1cc(sc1-c1c2cc[nH]c2ncc1)C(=O)N[C@@H](Cc1ccc(OC)cc1)C[NH3+],1
Clc1cc(Nc2nc(nc3n(cnc23)Cc2ccc(OC)cc2)NC2CCC([NH3+])CC2)ccc1,1
Ic1ccc(OC)cc1Cc1nc2c(ncnc2N)n1CC[NH2+]CC(C)(C)C,1
O(C(=O)N(c1ccc(OC)cc1OC)c1nc(ncc1)Nc1ccc(N2CC[NH+](CC2)C)cc1)c1c(cccc1C)C,0
Brc1c(OC)c(OC)c(OC)cc1C(=O)\C=C/Nc1cc(O)c(OC)cc1,1
O(C)c1c2c3c(cc1OC)C(=O)N(c3cc1c2cccc1)c1ccc(OC)cc1,0
S=C(Nc1ccc(OC)cc1)[N-]\N=C\1/C[C@H]2[C@H]([C@@H]3C[C@@H]4O[C@@]5(OC[C@@H](CC5)C)[C@H]([C@@H]4[C@@]/13C)C)CC[C@H]1C[C@@H](O)CC[C@@]12C,0
S(=O)(=O)(Nc1ccc(OC)cc1)\C=C\c1c(OC)cc(OC)cc1OC,1
O(C)c1cc(OC)ccc1Nc1nc(nc2n(cnc12)CCC(C)C)NC1CCC([NH3+])CC1,1
O(C)c1cc2c([nH]cc2\C=N\NC(=O)C(=O)c2c3c([nH]c2)cccc3)cc1,1
Clc1ccc(cc1)Cn1cc(c2c1cccc2)C(=O)C(=O)N\N=C\c1c2cc(OC)ccc2[nH]c1,1
O(C)c1cc2CCn3c(-c2cc1)c-1[n+](CCc2cc(OC)ccc-12)c3,1
O(C)c1c(OC)cc(cc1OC)C=1c2c(CC=CC=1)c(O)c(OC)cc2,1
O(C)c1c(OC)cc(cc1OC)C=1c2c(CCCC=1C)c(O)c(OC)cc2,1
O(C)c1c(OC)cc(cc1OC)C=1c2c(CCCC=1CC(O)CO)c(O)c(OC)cc2,1
O(C)c1c(OC)cc(cc1OC)C=1c2c(CCCC=1CCC#N)c(O)c(OC)cc2,1
O(C)c1c(OC)cc(cc1OC)C=1c2c(CCCC=1CCCC#N)c(O)c(OC)cc2,1
O(C)c1c(OC)cc(cc1OC)C=1c2c(CCCC=1CCO)c(O)c(OC)cc2,1
O(C)c1c(OC)cc(cc1OC)C=1c2c(CCCC=1)c(O)c(OC)cc2,1
O1[C@@H]2Cc3c(ccc(OC)c3O)[C@]1(C=C2)c1cc(OC)c(OC)c(OC)c1,1
O(C)c1c2CCn3c(-c2ccc1OC)c-1[n+](CCc2c-1ccc(OC)c2OC)c3,1
O(C)c1cc(ccc1)C1([NH2+]Cc2cc(C[NH+]3CC[NH+](CC3)C)c(O)cc2)CCCC1,0
Clc1cc(Nc2ncnc3c2[nH]cc3)ccc1Oc1cc(OC)ccc1,1
O1[C@@H](C)[C@@H](O)[C@@H]([NH3+])C[C@@H]1O[C@@H]1c2c(C[C@](O)(C1)C(=O)CO)c(O)c1c(C(=O)c3c(cccc3OC)C1=O)c2O,1
O(C)c1ccccc1C1([NH2+]Cc2cc(C[NH+]3CC[NH+](CC3)C)c(O)cc2)CCCC1,0
Fc1cc(ccc1)Cn1ncc2cc(Nc3ncnc(N)c3\C=N\OCc3ccccc3OC)ccc12,1
S=C(Nc1ccccc1OC)[N-]\N=C\1/C[C@H]2[C@H]([C@@H]3C[C@@H]4O[C@@]5(OC[C@@H](CC5)C)[C@H]([C@@H]4[C@@]/13C)C)CC[C@H]1C[C@@H](O)CC[C@@]12C,1
S(=O)(=O)(C(C)C)c1ccccc1Nc1nc(nc2[nH]ccc12)Nc1ccccc1OC,1
o1c2cc(ccc2nc1C)-c1c2c([nH]c1)nc(nc2OC1CCCC1)Nc1ccccc1OC,1
Clc1nc(nc2N(CC(=O)N(c12)CC(C)C)Cc1nccc(OC)c1OC)N,1
Clc1cc(Nc2ncnc3c2n(cc3)CCNC(=O)CS(=O)(=O)C)ccc1Oc1cc(ccc1)C(F)(F)F,1
Clc1cc(Nc2ncnc3c2n(cc3)CCNC(=O)CS(=O)(=O)C)ccc1Oc1cc(Cl)ccc1,1
Clc1cc(Nc2ncnc3c2cc(cc3)-c2oc(cc2)C([NH3+])CS(=O)(=O)C)ccc1OCc1cc(F)ccc1,1
Clc1cc(Nc2ncnc3c2cc(cc3)-c2oc(cc2)C([NH2+]C2CCCCC2)CS(=O)(=O)C)ccc1OCc1cc(F)ccc1,1
Clc1cc(Nc2ncnc3c2cc(cc3)-c2oc(cc2)C[NH+](CC#N)CCS(=O)(=O)C)ccc1OCc1cc(F)ccc1,1
Clc1cc(Nc2ncnc3c2cc(cc3)-c2oc(cc2)C[NH+](Cc2ccccc2)CCS(=O)(=O)C)ccc1OCc1cc(F)ccc1,1
Clc1cc(Nc2ncnc3NCCC(=Cc23)C(=O)NCCS(=O)(=O)C)ccc1Oc1cc(ccc1)C(F)(F)F,1
Clc1cc(Nc2ncnc3NCCC(=Cc23)C(=O)NCCS(=O)(=O)C)ccc1Oc1c2c(scc2)ccc1,1
Clc1cc(Nc2ncncc2C#Cc2nc(ccc2)CNC(=O)NCCS(=O)(=O)C)ccc1OCc1cc(F)ccc1,1
Clc1cc(Nc2ncnc3c2sc(c3)C#C[C@H]2[NH2+]C[C@H](OC(=O)NCCS(=O)(=O)C)C2)ccc1OCc1cc(F)ccc1,1
Clc1cc(Nc2ncnc3c2cc(cc3)-c2oc(cc2)C([NH2+]CCS(=O)(=O)C)CS(=O)(=O)C)ccc1OCc1cc(F)ccc1,1
Clc1cc(Nc2ncnc3c2sc(c3)-c2cc(oc2)C[NH2+]CCS(=O)(=O)C)ccc1OCc1cc(F)ccc1,1
Clc1cc(Nc2ncnc3c2sc(c3)-c2cc(sc2)C[NH2+]CCS(=O)(=O)C)ccc1OCc1cc(F)ccc1,1
Clc1cc(Nc2ncnc3sc(cc23)-c2oc(cc2)C[NH2+]CCS(=O)(=O)C)ccc1OCc1cc(F)ccc1,1
Clc1cc(Nc2ncnc3c2sc(c3)-c2[nH]c(cc2)C[NH2+]CCS(=O)(=O)C)ccc1OCc1cc(F)ccc1,1
Clc1cc(Nc2ncnc3c2sc(c3)-c2oc(cc2)C[NH2+]CCS(=O)(=O)C)ccc1OCc1cc(F)ccc1,1
Brc1cc(ccc1)COc1ccc(Nc2ncnc3c2cc(cc3)-c2oc(cc2)C[NH2+]CCS(=O)(=O)C)cc1,1
S(=O)(=O)(CC[NH2+]Cc1oc(cc1)-c1cc2c(ncnc2Nc2ccc(OCc3cc(ccc3)C(F)(F)F)cc2)cc1)C,1
S(=O)(=O)(CC[NH2+]Cc1oc(cc1)-c1cc2c(ncnc2Nc2cc(C(F)(F)F)c(OCc3cc(F)ccc3)cc2)cc1)C,1
Clc1cc(Nc2ncnc3c2cc(cc3)-c2oc(cc2)C[NH2+]CCS(=O)(=O)C)ccc1OCc1cc(F)ccc1,1
S(=O)(=O)(CC[NH2+]Cc1oc(cc1)-c1cc2c(ncnc2Nc2ccc(OCc3cc(F)ccc3)cc2)cc1)C,1
Brc1cc(Nc2ncnc3c2cc(cc3)-c2oc(cc2)C[NH2+]CCS(=O)(=O)C)ccc1OCc1ccccc1,1
S(=O)(=O)(CC[NH2+]Cc1oc(cc1)-c1cc2c(ncnc2Nc2cc(C(F)(F)F)c(OCc3ccccc3)cc2)cc1)C,0
Clc1cc(Nc2ncnc3c2cc(cc3)-c2oc(cc2)C[NH2+]CCS(=O)(=O)C)ccc1OCc1ccccc1,1
S(=O)(=O)(CC[NH2+]Cc1oc(cc1)-c1cc2c(ncnc2Nc2ccc(OCc3ccccc3)cc2)cc1)C,1
Clc1cc(Nc2ncnc3c2cc(cc3)-c2oc(cc2)COCCS(=O)(=O)C)ccc1OCc1cc(F)ccc1,1
Clc1cc(Nc2ncnc3c2cc(cc3)-c2oc(cc2)[C@H]([NH3+])CS(=O)(=O)C)ccc1OCc1cc(F)ccc1,1
Clc1cc(Nc2ncnc3c2cc(cc3)-c2oc(cc2)[C@@H]([NH3+])CS(=O)(=O)C)ccc1OCc1cc(F)ccc1,1
Clc1cc(Nc2ncnc3c2sc(c3)C#C[C@@H]2N(S(=O)(=O)C)CCC2)ccc1OCc1cc(F)ccc1,1
s1c2c(nc(nc2N2CCOCC2)-c2c3c([nH]nc3)ccc2)cc1C[NH+]1CCN(S(=O)(=O)C)CC1,1
Clc1cc(Nc2ncnc3c2cc(cc3)-c2oc(cc2)C[NH+]2CCN(S(=O)(=O)C)CC2)ccc1OCc1cc(F)ccc1,1
Clc1cc(Nc2ncnc3c2cc(cc3)-c2oc(cc2)C[NH2+]CCNS(=O)(=O)C)ccc1OCc1cc(F)ccc1,1
Clc1cc(Nc2ncnc3c2n(cc3)CCNC(=O)CCO)ccc1Oc1cc(ccc1)C(F)(F)F,1
Clc1cc(Nc2ncnc3c2sc(c3)C#C[C@H]2[NH2+]C[C@H](OS(=O)(=O)C)C2)ccc1OCc1cc(F)ccc1,1
Clc1ccc(NC(=O)c2ccc(S(=O)(=O)C)cc2Cl)cc1-c1ncccc1,0
Clc1cc(Nc2ncnc3c2cc(cc3)-c2oc(cc2)C[NH2+]CCSC)ccc1OCc1cc(F)ccc1,1
Clc1nc(nc2n(cnc12)Cc1ncc(C)c(SC)c1C)N,1
Clc1cc(Cl)c(OCC[NH+]2CCCC2)cc1-c1nc(SC)nc2[nH]cc(c12)C#N,1
Clc1c([C@H](Oc2cc(cnc2N)-c2cn(nc2)C2CC[NH2+]CC2)C)c(Cl)ccc1F,0
O1[C@@H](C\C=C\CC\C=C\C(=N\OCC(=O)N2CCCCC2)\Cc2c(C1=O)c(O)cc(O)c2)C,1
O1[C@@H]2O[C@@]3(OO[C@]24[C@@H](CC[C@H]([C@@H]4CC3)C)[C@@H](C)[C@H]1CC(C[C@H]1O[C@@H]2O[C@@]3(OO[C@]24[C@@H](CC[C@H]([C@@H]4CC3)C)[C@H]1C)C)COC(=O)CCC(=O)[O-])C,1
Fc1c(N(C(CC[C@H]2O[C@@H]3O[C@@]4(OO[C@]35[C@@H](CC[C@H]([C@@H]5CC4)C)[C@H]2C)C)C(=O)NCC(=O)[O-])CCC[C@H]2O[C@@H]3O[C@@]4(OO[C@]35[C@@H](CC[C@H]([C@@H]5CC4)C)[C@H]2C)C)c(F)c(F)cc1F,1
O1[C@@H]2O[C@@]3(OO[C@]24[C@@H](CC[C@H]([C@@H]4CC3)C)[C@@H](C)[C@@H]1OC(=O)CCC(=O)[O-])C,1
Fc1ncc(NC(=O)[C@]2(N(CCC2)C=2[NH+]=C(Nc3[nH]nc(c3)C3CC3)c3n(N=2)ccc3)C)cc1,0
Brc1cc2OCOc2cc1Sc1nc2c(ncnc2N)n1CCC1CCN(CC1)C(=O)[C@@H](O)C,1
O1C2=C(C(=O)C(=O)c3c2cccc3)C(C)(C)[C@H]1C,1
O1C2=C(C(C)(C)[C@H]1C)C(=O)c1c(cc(O)cc1)C2=O,1
O1C2=C(C(C)(C)[C@H]1C)C(=O)c1c(cccc1)C2=O,1
Clc1ccc(NC(=O)[N-]\N=C\2/C[C@H]3[C@H]([C@@H]4C[C@@H]5O[C@@]6(OC[C@@H](CC6)C)[C@H]([C@@H]5[C@@]/24C)C)CC[C@H]2C[C@@H](O)CC[C@@]23C)cc1,1
FC(F)(F)c1cc(NC(=O)[N-]\N=C\2/C[C@H]3[C@H]([C@@H]4C[C@@H]5O[C@@]6(OC[C@@H](CC6)C)[C@H]([C@@H]5[C@@]/24C)C)CC[C@H]2C[C@@H](O)CC[C@@]23C)ccc1,0
Clc1cc(NC(=O)[N-]\N=C\2/C[C@H]3[C@H]([C@@H]4C[C@@H]5O[C@@]6(OC[C@@H](CC6)C)[C@H]([C@@H]5[C@@]/24C)C)CC[C@H]2C[C@@H](O)CC[C@@]23C)ccc1,0
O1C[C@@H](CC[C@]12O[C@@H]1[C@@H]([C@@]/3([C@H]([C@H]4[C@H](C\C\3=N/[N-]C(=O)Nc3ccccc3)[C@@]3([C@H](C[C@@H](O)CC3)CC4)C)C1)C)[C@@H]2C)C,0
Clc1cccc(Cl)c1NC(=S)[N-]\N=C\1/C[C@H]2[C@H]([C@@H]3C[C@@H]4O[C@@]5(OC[C@@H](CC5)C)[C@H]([C@@H]4[C@@]/13C)C)CC[C@H]1C[C@@H](O)CC[C@@]12C,1
S=C(Nc1cc(cc(c1)C(F)(F)F)C(F)(F)F)[N-]\N=C\1/C[C@H]2[C@H]([C@@H]3C[C@@H]4O[C@@]5(OC[C@@H](CC5)C)[C@H]([C@@H]4[C@@]/13C)C)CC[C@H]1C[C@@H](O)CC[C@@]12C,0
S=C(Nc1ccc(cc1)C(F)(F)F)[N-]\N=C\1/C[C@H]2[C@H]([C@@H]3C[C@@H]4O[C@@]5(OC[C@@H](CC5)C)[C@H]([C@@H]4[C@@]/13C)C)CC[C@H]1C[C@@H](O)CC[C@@]12C,1
Clc1ccc(NC(=S)[N-]\N=C\2/C[C@H]3[C@H]([C@@H]4C[C@@H]5O[C@@]6(OC[C@@H](CC6)C)[C@H]([C@@H]5[C@@]/24C)C)CC[C@H]2C[C@@H](O)CC[C@@]23C)cc1,0
Clc1cc(Cl)ccc1NC(=S)[N-]\N=C\1/C[C@H]2[C@H]([C@@H]3C[C@@H]4O[C@@]5(OC[C@@H](CC5)C)[C@H]([C@@H]4[C@@]/13C)C)CC[C@H]1C[C@@H](O)CC[C@@]12C,1
S=C(Nc1ccc(F)cc1)[N-]\N=C\1/C[C@H]2[C@H]([C@@H]3C[C@@H]4O[C@@]5(OC[C@@H](CC5)C)[C@H]([C@@H]4[C@@]/13C)C)CC[C@H]1C[C@@H](O)CC[C@@]12C,1
S=C(Nc1ccc(Oc2ccccc2)cc1)[N-]\N=C\1/C[C@H]2[C@H]([C@@H]3C[C@@H]4O[C@@]5(OC[C@@H](CC5)C)[C@H]([C@@H]4[C@@]/13C)C)CC[C@H]1C[C@@H](O)CC[C@@]12C,0
S=C(Nc1ccc([N+](=O)[O-])cc1)[N-]\N=C\1/C[C@H]2[C@H]([C@@H]3C[C@@H]4O[C@@]5(OC[C@@H](CC5)C)[C@H]([C@@H]4[C@@]/13C)C)CC[C@H]1C[C@@H](O)CC[C@@]12C,0
S=C(Nc1cc2OCOc2cc1)[N-]\N=C\1/C[C@H]2[C@H]([C@@H]3C[C@@H]4O[C@@]5(OC[C@@H](CC5)C)[C@H]([C@@H]4[C@@]/13C)C)CC[C@H]1C[C@@H](O)CC[C@@]12C,1
S=C(Nc1ccccc1)[N-]\N=C\1/C[C@H]2[C@H]([C@@H]3C[C@@H]4O[C@@]5(OC[C@@H](CC5)C)[C@H]([C@@H]4[C@@]/13C)C)CC[C@H]1C[C@@H](O)CC[C@@]12C,1
S=C(Nc1ccccc1C(F)(F)F)[N-]\N=C\1/C[C@H]2[C@H]([C@@H]3C[C@@H]4O[C@@]5(OC[C@@H](CC5)C)[C@H]([C@@H]4[C@@]/13C)C)CC[C@H]1C[C@@H](O)CC[C@@]12C,1
Clc1ccccc1NC(=S)[N-]\N=C\1/C[C@H]2[C@H]([C@@H]3C[C@@H]4O[C@@]5(OC[C@@H](CC5)C)[C@H]([C@@H]4[C@@]/13C)C)CC[C@H]1C[C@@H](O)CC[C@@]12C,1
S=C(Nc1ccccc1[N+](=O)[O-])[N-]\N=C\1/C[C@H]2[C@H]([C@@H]3C[C@@H]4O[C@@]5(OC[C@@H](CC5)C)[C@H]([C@@H]4[C@@]/13C)C)CC[C@H]1C[C@@H](O)CC[C@@]12C,1
O1C[C@@H](CC[C@]12O[C@@H]1[C@@H]([C@@]3([C@H]([C@H]4[C@H](CC3=O)[C@@]3([C@H](C[C@@H](O)CC3)CC4)C)C1)C)[C@@H]2C)C,0
O1C[C@@H](CC[C@]12O[C@@H]1[C@@H]([C@@]3([C@H]([C@H]4[C@H](CC3=O)[C@@]3([C@H](C[C@@H](OC(=O)c5ccc(cc5)C#N)CC3)CC4)C)C1)C)[C@@H]2C)C,0
Fc1ccc(cc1)C(O[C@H]1CC[C@]2([C@H](C1)CC[C@H]1[C@@H]3C[C@@H]4O[C@@]5(OC[C@@H](CC5)C)[C@H]([C@@H]4[C@@]3(C)C(=O)C[C@@H]12)C)C)=O,0
O1C[C@@H](CC[C@]12O[C@@H]1[C@@H]([C@@]3([C@H]([C@H]4[C@H](CC3=O)[C@@]3([C@H](C[C@@H](OC(=O)c5ccccc5)CC3)CC4)C)C1)C)[C@@H]2C)C,0
OC1(CC(C1)c1nc(c2n1C=C[NH+]=C2N)-c1cc2nc(ccc2cc1)-c1ccccc1)C,0
O=C(N)c1c2[nH]c(nc2ccc1)[C@@]1([NH2+]CCC1)C,0
O1[C@H]2n3c4c(c5c(CNC5=O)c5c6c(n(c45)[C@]1(C)[C@](O)(C2)CO)cccc6)c1c3cccc1,1
Clc1cc(Nc2ncnc3c2cc(cc3)-c2oc(cc2)C[NH2+]CCS(=O)C)ccc1OCc1cc(F)ccc1,1
Clc1cccc(Cl)c1CS(=O)(=O)c1cc\2c(NC(=O)/C/2=C\c2[nH]c(C)c(C(=O)N3CCC[C@@H]3C[NH+]3CCCC3)c2C)cc1,0
o1cc(cc1)-c1ncc(OC[C@@H]([NH3+])Cc2c3c([nH]c2)cccc3)cc1-c1cc2c(n[nH]c2C)cc1,1
[S+](CCCNC(=O)c1nc(sc1)-c1nc(sc1)CCNC(=O)[C@@H](NC(=O)[C@H]([C@H](O)[C@H](NC(=O)[C@@H](NC(=O)c1nc(nc(N)c1C)[C@@H]([NH2+]C[C@H]([NH3+])C(=O)N)CC(=O)N)[C@@H](O[C@@H]1O[C@@H](CO)[C@@H](O)[C@H](O)[C@@H]1O[C@H]1O[C@H](CO)[C@@H](O)[C@H](OC(=O)N)[C@@H]1O)c1nc[nH]c1)C)C)[C@H](O)C)(C)C,0
Fc1cc(ccc1)Cn1ncc2cc(NC3=[NH+]C=Nn4c3c(C)c(NC(OC[C@H]3[NH2+]CCOC3)=O)c4)ccc12,1
O=C1NCCCc2n(c3c(c2C)C(=O)CC(C3)(C)C)-c2cc(N[C@H]1C)c(cc2)C(=O)N,1
Clc1cc(Cl)ccc1-c1nc(ncc1-c1[nH]cc(n1)C)NCCNc1ncc(cc1)C#N,0
Brc1ccc(Nc2nc(nc(n2)-n2nc(cc2C)C)N\N=C/c2c3c([nH]c2)cccc3)cc1,1
Clc1cc(ccc1)[C@H](O)CNC=1C=CNC(=O)C=1c1[nH]c2c(n1)c(cc(N1CCOCC1)c2)C,0
S(c1ccc(NC(=O)C2CC2)cc1)c1nc(N2CC[NH+](CC2)C)cc(n1)Nc1n[nH]c(c1)C,0
Clc1cc(Nc2ncnc3c2sc(c3)C#C[C@H]2[NH2+]C[C@H](OC(=O)N3CCOCC3)C2)ccc1Oc1noc(c1)C,1
O1CCN(CC1)C=1N=C2N(C=C(C=C2[C@H](Nc2ccccc2C(=O)[O-])C)C)C(=O)C=1,0
Clc1ccc(Cl)cc1S(=O)(=O)Nc1ccc([N+](=O)[O-])cc1C,1
Clc1cc(Nc2ncnc3c2n(CCOCCO)c(c3)C)ccc1Oc1cc(ccc1)C(F)(F)F,1
ClCC(=O)c1n(c2ncnc(N)c2c1-c1ccc(cc1)C)CCCO,0
O1CC[NH+](CC1)CCOc1c2c(cccc2)c(NC(=O)Nc2n(nc(c2)C(C)(C)C)-c2ccc(cc2)C)cc1,0
FC(F)(F)c1cc(NC(=O)c2cc(C#Cc3n4N=CC=Cc4nc3)c(cc2)C)ccc1C[NH+]1CC[NH+](CC1)C,0
O=C(Nc1cc(Nc2nc(ccn2)-c2cccnc2)c(cc1)C)c1ccc(cc1)C[NH+]1CC[NH+](CC1)C,0
O=C1N(C=Nc2c1cc(Nc1cc(NC(=O)c3cc(ccc3)C(C#N)(C)C)ccc1C)cc2)C,0
S=C(Nc1ccc(cc1C)C)[N-]\N=C\1/C[C@H]2[C@H]([C@@H]3C[C@@H]4O[C@@]5(OC[C@@H](CC5)C)[C@H]([C@@H]4[C@@]/13C)C)CC[C@H]1C[C@@H](O)CC[C@@]12C,1
S=C(Nc1ccc(cc1)C)[N-]\N=C\1/C[C@H]2[C@H]([C@@H]3C[C@@H]4O[C@@]5(OC[C@@H](CC5)C)[C@H]([C@@H]4[C@@]/13C)C)CC[C@H]1C[C@@H](O)CC[C@@]12C,1
S(=O)(=O)(N)c1cc(Nc2nc(N(C)c3cc4nn(C)c(c4cc3)C)ccn2)ccc1C,0
O(c1ccc(Nc2ncnc3c2[nH]cc3)cc1C)c1ccc(nc1)C,1
Clc1cc(Nc2ncnc3c2cc(cc3)-c2oc(cc2)C[NH+]2CC[NH2+]CC2)ccc1OCc1cc(F)ccc1,1
Clc1cc(Nc2ncnc3c2cc(cc3)-c2oc(cc2)C[NH+]2CCOCC2)ccc1OCc1cc(F)ccc1,1
Clc1cc(Nc2ncnc3c2cc(cc3)-c2oc(cc2)C[NH2+]CCS(=O)(=O)N)ccc1OCc1cc(F)ccc1,1
Clc1cc(Nc2ncnc3c2cc(cc3)-c2oc(cc2)C[NH2+]CCS(=O)(=O)CC(F)(F)F)ccc1OCc1cc(F)ccc1,1
S=C(Nc1c(cccc1C)C)[N-]\N=C\1/C[C@H]2[C@H]([C@@H]3C[C@@H]4O[C@@]5(OC[C@@H](CC5)C)[C@H]([C@@H]4[C@@]/13C)C)CC[C@H]1C[C@@H](O)CC[C@@]12C,1
Clc1cc(Nc2ncnc3c2[nH]cc3)ccc1Oc1cc(ccc1)C,1
S=C(Nc1ccccc1C)[N-]\N=C\1/C[C@H]2[C@H]([C@@H]3C[C@@H]4O[C@@]5(OC[C@@H](CC5)C)[C@H]([C@@H]4[C@@]/13C)C)CC[C@H]1C[C@@H](O)CC[C@@]12C,1
FC(F)(F)c1cc(NC(=O)c2cc(Nc3nc(ccn3)-c3cccnc3)c(cc2)C)cc(-n2cc(nc2)C)c1,0
Brc1c(C)c(ncc1C)CN1CC(=O)N(c2c1nc(nc2Cl)N)CC(C)C,1
Clc1c(C)c(ncc1C)CN1CC(=O)N(c2c1nc(nc2Cl)N)CC(C)C,1
Brc1c(C)c(ncc1C)Cn1c2nc(nc(Cl)c2nc1)N,1
Clc1nc(nc2n(cnc12)Cc1ncc(C)c(C)c1C)N,1
Clc1c(C)c(ncc1C)Cn1c2nc(nc(Cl)c2nc1)N,1
Ic1c(C)c(ncc1C)Cn1c2nc(nc(Cl)c2nc1)N,1
o1cc(cc1)-c1ncc(OC[C@@H]([NH3+])Cc2c3c([nH]c2)cccc3)cc1-c1nc2c([nH]nc2C)cc1,1
O(C[C@@H]([NH3+])Cc1c2c([nH]c1)cccc2)c1cc(cnc1)-c1cc2c([nH]nc2C)cc1,1
o1cc(cc1)-c1ncc(OC[C@@H]([NH3+])Cc2c3c([nH]c2)cccc3)cc1-c1ncc2[nH]nc(c2c1)C,1
o1cc(cc1)-c1ncc(OC[C@@H]([NH3+])Cc2c3c([nH]c2)cccc3)cc1-c1nc2c([nH]nc2C)cn1,1
o1cc(cc1)-c1ncc(OC[C@@H]([NH3+])Cc2c3c([nH]c2)cccc3)cc1-c1cc2c([nH]nc2C)nc1,1
o1cc(cc1)-c1ncc(OC[C@@H]([NH3+])Cc2c3c([nH]c2)cccc3)cc1-c1nc2c([nH]nc2C)nc1,1
o1cc(cc1)-c1nc(C)c(OC[C@@H]([NH3+])Cc2c3c([nH]c2)cccc3)cc1-c1nc2c([nH]nc2C)nc1,1
[nH]1nc(Nc2nc3c(n2-c2nc(nc(n2)NCC#N)C)cccc3)cc1,1
Clc1cccc(C)c1NC(=O)c1sc(nc1)Nc1nc(nc(N2CC[NH+](CC2)CCO)c1)C,0
Clc1cc(Nc2ncnc(C)c2\C=C(/F)\C(=O)NCC[NH+]2CCCC2)ccc1OCc1cc(F)ccc1,1
Clc1cc(Nc2ncnc(C)c2\C=C\c2ccc(cc2)C[NH+]2CCOCC2)ccc1OCc1cc(F)ccc1,1
Clc1cc(Nc2ncnc(C)c2\C=C\c2ccc(cc2)C[NH2+]C(C)C)ccc1OCc1cc(F)ccc1,1
Clc1cc(Nc2ncnc(C)c2\C=C\c2ccc(cc2)C[NH2+]C2CC2)ccc1OCc1cc(F)ccc1,1
Clc1cc(Nc2ncnc(C)c2\C=C\c2ccc(cc2)C[NH2+]CCS(=O)(=O)C)ccc1OCc1cc(F)ccc1,1
Clc1cc(Nc2ncnc(C)c2C#CCOc2ccc(cc2)C[NH2+]C(C)C)ccc1OCc1cc(F)ccc1,1
Clc1cc(Nc2ncnc(C)c2C#Cc2ccc(cc2)C[NH+](C)C)ccc1OCc1cc(F)ccc1,1
Clc1cc(Nc2ncnc(C)c2C#Cc2cc(F)c(cc2)C[NH+]2CCCC2)ccc1OCc1cc(F)ccc1,1
Clc1cc(Nc2ncnc(C)c2C#Cc2ccc(cc2)C[NH+]2CCCC2)ccc1OCc1cc(F)ccc1,1
Clc1cc(Nc2ncnc(C)c2C#Cc2oc(cc2)C[NH+]2CCCC2)ccc1OCc1cc(F)ccc1,1
Clc1cc(Nc2ncnc(C)c2C#Cc2sc(cc2)C[NH+]2CCCC2)ccc1OCc1cc(F)ccc1,1
Clc1cc(Nc2ncnc(C)c2C#Cc2ccc(cc2)C[NH+]2CCOCC2)ccc1OCc1cc(F)ccc1,1
Clc1cc(Nc2ncnc(C)c2C#Cc2ccc(cc2)C[NH2+]C(C)C)ccc1OCc1cc(F)ccc1,1
Clc1cc(Nc2ncnc(C)c2C#Cc2ccc(cc2)C[NH2+]CCS(=O)(=O)C)ccc1OCc1cc(F)ccc1,1
Clc1cc(Nc2ncnc(C)c2C#Cc2cc(ccc2)C[NH+](C)C)ccc1OCc1cc(F)ccc1,1
Clc1cc(Nc2ncnc(C)c2C#Cc2ccccc2)ccc1OCc1cc(F)ccc1,1
Clc1cc(Nc2ncnc(C)c2C#Cc2sc(cn2)C[NH+]2CCCC2)ccc1OCc1cc(F)ccc1,1
o1ccc(-c2nc(N)c(OC[C@@H]([NH3+])Cc3c4c([nH]c3C#N)cccc4)cc2-c2nc3c([nH]nc3C)nc2)c1C,1
Clc1[nH]c2c(cccc2)c1C[C@H]([NH3+])COc1cc(c(nc1N)-c1ccoc1C)-c1nc2c([nH]nc2C)nc1,1
o1ccc(-c2nc(N)c(OC[C@@H]([NH3+])Cc3c4c([nH]c3)cccc4)cc2-c2ncc3[nH]nc(c3c2)C)c1C,1
o1ccc(-c2nc(N)c(OC[C@@H]([NH3+])Cc3c4c([nH]c3)cccc4)cc2-c2cc3c([nH]nc3C)cc2)c1C,1
o1ccc(-c2nc(N)c(OC[C@@H]([NH3+])Cc3c4c([nH]c3)cccc4)cc2-c2cc3c([nH]nc3C)nc2)c1C,1
o1ccc(-c2nc(N)c(OC[C@@H]([NH3+])Cc3c4c([nH]c3)cccc4)cc2-c2nc3c([nH]nc3C)nc2)c1C,1
o1ccc(-c2nc(N)c(OC[C@@H]([NH3+])Cc3ccccc3)cc2-c2nc3c([nH]nc3C)nc2)c1C,1
o1ccc(-c2ncc(OC[C@@H]([NH3+])Cc3c4c([nH]c3)cccc4)cc2-c2nc3c([nH]nc3C)nc2)c1C,1
Clc1cc(Nc2ncnc3c2n(cc3)CCNC(=O)[C@H]2[NH2+]CCC2)ccc1Oc1c2c(snc2)ccc1,1
Clc1cc(Nc2ncnc3c2[nH]cc3)ccc1OCc1ncccc1,1
Clc1cc(Nc2ncnc3c2[nH]cc3)ccc1Oc1ccccc1,1
Clc1cc2-c3nc(sc3CSc2cc1)NCc1occc1,1
Clc1cc(Nc2ncnc3c2[nH]cc3)ccc1Oc1cc(Cl)ccc1,1
Clc1cc(Nc2ncnc3c2[nH]cc3)ccc1Oc1ccccc1Cl,1
O=C1N(c2c3cc(ccc3[nH+]cc2N1C)-c1cc2c(nc1)cccc2)c1ccc(cc1)C(C#N)(C)C,1
O=C/1Nc2c(nccc2)\C\1=C\c1c2c(n(c1)C)cccc2,0
Clc1cc(Cl)ccc1C1=C(c2c3c(n(c2)C)cccc3)C(=O)NC1=O,0
Clc1cc(Nc2ncnc3c2n(cc3)C)ccc1Oc1cc(ccc1)C(F)(F)F,1
Clc1cc(Nc2ncnc3c2n(cc3)C)ccc1Oc1cc(Cl)ccc1,1
Clc1cc(Nc2ncnc3c2n(cc3)C)ccc1Oc1cc(OC(F)(F)F)ccc1,1
S(=O)(=O)(CC[NH2+]Cc1oc(cc1)-c1cc2c(ncnc2Nc2cc(C(F)(F)F)c(OCc3cc(F)ccc3)cc2)cc1)c1nccn1C,1
Brc1cc(Cl)c(Nc2c(cc3n(cnc3c2F)C)C(=O)NOCCO)cc1,0
Clc1cc(ccc1)C1=CC(=O)N(c2c1cc(cc2)[C@]([NH3+])(c1ccc(Cl)cc1)c1n(cnc1)C)C,0
Clc1cc(Nc2ncnc3c2n(cc3)CCO)ccc1Oc1c2c(n(nc2)C)ccc1,1
Clc1cc(Nc2ncnc3c2[nH]cc3)ccc1Oc1cc(OC(F)(F)F)ccc1,1
Clc1cc(Nc2ncnc3c2[nH]cc3)ccc1Oc1ccccc1OC(F)(F)F,1
Clc1cc(Nc2ncnc3c2[nH]cc3)ccc1Oc1cc(ccc1)C(F)(F)F,1
Clc1cc(Nc2ncnc3c2[nH]cc3)ccc1Oc1ccccc1C(F)(F)F,1
Fc1cc(cc(N2CCOCC2)c1)C1=N\C(\NC=C1)=N/c1ccc(-n2nc(nc2)N2CCOCC2)cc1,1
Clc1cc(Nc2ncnc3c2sc(c3)-c2[nH]ccc2)ccc1OCc1cc(F)ccc1,1
Clc1cc(Nc2ncnc3c2sc(c3)-c2occc2)ccc1OCc1cc(F)ccc1,0
Clc1cc(Nc2ncnc3c2sc(c3)-c2sccc2)ccc1OCc1cc(F)ccc1,1
Clc1cc(Nc2ncnc3c2sc(c3)C#C[C@H]2[NH2+]CCC2)ccc1OCc1cc(F)ccc1,1
Clc1cc(Nc2ncnc3c2sc(c3)C#C[C@@H]2[NH2+]CCC2)ccc1OCc1cc(F)ccc1,1
Clc1cc(Nc2ncnc3c2[nH]cc3)ccc1OCc1cc(F)ccc1,1
Clc1cc(Nc2ncnc3sc(cc23)-c2[nH]ccc2)ccc1OCc1cc(F)ccc1,1
Clc1cc(Nc2ncnc3sc(cc23)-c2sccc2)ccc1OCc1cc(F)ccc1,1
Clc1cc(Nc2ncnc3c2[nH]cc3)ccc1Oc1cc(F)ccc1,1
Fc1ccccc1C1([NH2+]Cc2cc(ccc2)C[NH+]2CCCCC2)CCCC1,0
Clc1cc(Nc2ncnc3c2[nH]cc3)ccc1Oc1ccccc1F,1
S\1c2c(N/C/1=C(/C#N)\c1nc(ncc1)NCCc1cccnc1)cccc2,0
s1cc(c2c1NC(=O)C(C#N)=C2[O-])-c1ccc(cc1)-c1ccccc1O,1
O=C(c1ccccc1)c1n-2c(C=Cc3c-2cccc3)c(c1)C#N,1
Clc1cc(Nc2ncnc3c2n(CCOCCO)c(c3)C#N)ccc1Oc1cc(ccc1)C(F)(F)F,1
Clc1cc(Nc2ncnc3c2[nH]cc3)ccc1Oc1ccc(cc1)C#N,1
Clc1cc(Nc2ncnc3c2[nH]cc3)ccc1Oc1cc(ccc1)C#N,1
Clc1cc(Nc2ncnc3c2[nH]cc3)ccc1Oc1ccccc1C#N,1
[NH2+](Cc1c2c3c4c(cc2)cccc4ccc3cc1)CCCCCCNC(=[NH2+])N,0
[NH2+](Cc1c2c(cc3c1cccc3)cccc2)CCCCNC(=[NH2+])N,0
[NH2+](Cc1c2c3c4c(cc2)cccc4ccc3cc1)CCCCNC(=[NH2+])N,0
[NH2+](Cc1c2c3c4c(cc2)cccc4ccc3cc1)CCC[NH2+]CCCC[NH2+]CCCNC(=[NH2+])N,0
O=C(N[C@@H](Cc1ccccc1)C(=O)[O-])C[C@H](NC(=O)[C@@H]([NH3+])CCCNC(=[NH2+])N)c1c2c(ccc1)cccc2,1
[NH2+]=C(NCc1c2c(cc3c1cccc3)cccc2)N,0
[NH2+]=C(NCc1cc2Cc3c(-c2cc1)cccc3)N,0
[NH2+]=C(NCc1c2c3c4c(cc2)cccc4ccc3cc1)N,0
[NH2+]=C(NCc1ccccc1)N,0
s1cccc1CNC(=[NH2+])N,0
s1c(cc(NC(=O)N)c1C(=O)N[C@H]1CCC[NH2+]C1)-c1cc(F)ccc1,0
Clc1cc(Nc2ncnc3c2cc(NC(=O)N)cc3)ccc1OCc1cc(F)ccc1,1
Clc1cc(Nc2ncnc3c2cc(NC(=O)N)cc3)ccc1Oc1cc(Cl)c(Cl)cc1,1
Clc1cc(Nc2ncnc3c2sc(c3)C#C[C@H]2[NH2+]C[C@H](OC(=O)N)C2)ccc1OCc1cc(F)ccc1,1
Clc1ccc(S(=O)(=O)N([C@H](CCC(F)(F)F)C(=O)N)Cc2ccc(cc2F)-c2ncon2)cc1,0
Fc1cc(F)ccc1-c1nc(N(C(=O)N)c2c(F)cccc2F)ccc1C(=O)N,0
FC(F)(F)Oc1ccc(Nc2ncnc(c2)-c2cc(ccc2)C(=O)N)cc1,0
P(OC[C@H]1O[C@@H](n2cnc(C(=O)N)c2N)[C@H](O)[C@@H]1O)(=O)([O-])[O-],0
O=C1N2C(=N[N-]1)c1cc(c(nc1C=C2)-c1ccc(cc1)C1([NH3+])CCC1)-c1ccccc1,1
Brc1cc(sc1-c1c2cc[nH]c2ncc1)C(=O)NC(Cc1ccccc1)C[NH3+],1
Brc1cc(sc1-c1c2cc[nH]c2ncc1)C(=O)NC(C[NH3+])c1ccccc1,1
Brc1cc(sc1-c1c2cc[nH]c2ncc1)C(=O)N[C@H](Cc1ccccc1)C[NH3+],1
Brc1cc(sc1-c1c2cc[nH]c2ncc1)C(=O)N[C@@H](CC1CCCCC1)C[NH3+],1
Brc1cc(sc1-c1c2cc[nH]c2ncc1)C(=O)N[C@@H](Cc1ccc(cc1)C(F)(F)F)C[NH3+],1
Brc1cc(sc1-c1c2cc[nH]c2ncc1)C(=O)N[C@@H](Cc1ccc(F)cc1)C[NH3+],1
Brc1cc(sc1-c1c2cc[nH]c2ncc1)C(=O)N[C@@H](Cc1cc(ccc1)C(F)(F)F)C[NH3+],1
Brc1cc(sc1-c1c2cc[nH]c2ncc1)C(=O)N[C@@H](Cc1cc(F)ccc1)C[NH3+],1
Brc1cc(sc1-c1c2cc[nH]c2ncc1)C(=O)N[C@@H](Cc1ccccc1)C[NH3+],1
Brc1cc(sc1-c1c2cc[nH]c2ncc1)C(=O)N[C@@H](Cc1ccccc1C(F)(F)F)C[NH3+],1
Brc1cc(sc1-c1c2cc[nH]c2ncc1)C(=O)N[C@@H](Cc1ccccc1F)C[NH3+],1
Brc1cc(sc1-c1c2cc[nH]c2ncc1)C(=O)N[C@@H](Cc1ccncc1)C[NH3+],1
Fc1ccc(cc1)Cn1nc(cc1C(=O)NN)-c1c2c([nH]c1)cccc2,0
S(C(c1ccccc1)(c1ccccc1)c1ccccc1)C[C@H]([NH3+])C(=O)[O-],0
Clc1ccc(Nc2nc(nc3n(cnc23)C2CCCCC2)NC2CCC([NH3+])CC2)cc1,1
Oc1ccc(Nc2nc(nc3n(cnc23)C2CCCCC2)NC2CCC([NH3+])CC2)cc1,0
Clc1cc(Nc2nc(nc3n(cnc23)Cc2ccccc2)NC2CCC([NH3+])CC2)ccc1,0
O1c2cc(ccc2OC1)CC=1n2nc(nc2-c2c(N=1)cc(N)cc2)N,0
O=C1NC(=O)CCC1N1Cc2c(cccc2N)C1=O,0
O(Cc1cccnc1)C(=O)NCc1ccc(cc1)C(=O)Nc1ccccc1N,1
FC1(F)[C@H](O)[C@H](O[C@H]1N1C=CC(=NC1=O)N)CO,0
O1[C@H](CO)[C@@H](O)[C@H](O)[C@@H]1N1C=CC(=NC1=O)N,0
Clc1cc2-c3nc(sc3CSc2cc1)N,1
s1c2c(nc1N)-c1c(SC2)cccc1,1
Fc1c2-c3n(nc(n3)N)C(=Nc2ccc1)Cc1cc2OCOc2cc1,1
O1c2cc(ccc2OC1)CC=1n2nc(nc2-c2c(N=1)cc(NCCO)cc2)N,1
Clc1cc(Nc2ncnc(N)c2-c2oc(nn2)CC[NH+]2CCOCC2)ccc1OCc1ccccc1,1
Fc1cc(ccc1)Cn1ncc2cc(Nc3ncnc(N)c3\C=N\N3CCCCC3)ccc12,1
Fc1cc(ccc1)Cn1ncc2cc(Nc3ncnc(N)c3\C=N\N3CC[NH+](CC3)CCO)ccc12,1
Fc1cc(ccc1)Cn1ncc2cc(Nc3ncnc(N)c3\C=N\N3CCOCC3)ccc12,1
Fc1cc(ccc1)Cn1ncc2cc(Nc3ncnc(N)c3\C=N\OCc3ccccc3)ccc12,1
ClC(Cl)(Cl)C(NC(=O)\C=C\c1ccccc1)NC(=S)Nc1c2ncccc2ccc1,0
O=C(Nc1ccccc1)CCCCCCC(=O)N[O-],1
ClCCN(CCCl)c1ccc(cc1)CCCC(=O)NCCC[P+](c1ccccc1)(c1ccccc1)c1ccccc1,1
Clc1cc(Nc2ncnc3c2n(cc3)CCNC(=O)CO)ccc1Oc1cc(ccc1)C(F)(F)F,1
Clc1ccc(cc1)Cn1cc(c2c1cccc2)C(=O)C(=O)N\N=C\c1c2c([nH]c1)cccc2,1
Ic1cnc(nc1NCCCNC(=O)c1sccc1)Nc1cc(NC(=O)N2CCCC2)ccc1,0
Clc1cc(Nc2ncnc3NCCC(=Cc23)C(=O)NCCO)ccc1Oc1cc(ccc1)C(F)(F)F,1
Clc1cc(Nc2ncnc3NCCC(=Cc23)C(=O)NCCO)ccc1Oc1c2c(scc2)ccc1,1
Ic1cc(Cl)c(Nc2c(F)c(F)ccc2C(=O)NOCC2CC2)cc1,0
Ic1cc(F)c(Nc2c(F)c(F)ccc2C(=O)NOC[C@H](O)CO)cc1,1
OC1C[C@H]2N([C@H](C1)CC2)c1ccc(cc1)-c1n[nH]c2c1cc(cc2)C(=O)N[C@H](C1CC1)c1ncccc1,1
Clc1cc2-c3nc(sc3CSc2cc1)NC(=O)c1c(F)cccc1F,1
s1c2c(nc1NC(=O)c1c(F)cccc1F)-c1c(SC2)cccc1,1
ClCCN(CCCl)c1ccc(cc1)CCCC(=O)[O-],0
O=C([O-])c1ccc(cc1C1CCCC1)-c1c2cc(cnc2[nH]c1)-c1ccccc1,0
Clc1cc(Nc2ncnc3c2sc(c3)C#C[C@@H]2[NH2+]C[C@@H](OC(=O)N3CCOCC3)C2)ccc1OCc1cc(F)ccc1,1
Clc1cc(Nc2ncnc3c2sc(c3)C#C[C@H]2[NH2+]C[C@@H](OC(=O)N3CCOCC3)C2)ccc1OCc1cc(F)ccc1,1
Clc1cc(Nc2ncnc3c2sc(c3)C#C[C@@H]2[NH2+]C[C@H](OC(=O)N3CCOCC3)C2)ccc1OCc1cc(F)ccc1,1
s1c2c(ncnc2NCc2cc(Oc3ccccc3)ccc2)cc1C#C[C@H]1[NH2+]C[C@H](OC(=O)N2CCOCC2)C1,1
s1c2c(ncnc2Nc2ccc(cc2)Cc2ccccc2)cc1C#C[C@H]1[NH2+]C[C@H](OC(=O)N2CCOCC2)C1,1
Clc1cc(Nc2ncnc3c2sc(c3)C#C[C@H]2[NH2+]C[C@H](OC(=O)N3CCCC3)C2)ccc1OCc1cc(F)ccc1,1
Clc1cc(Nc2ncnc3c2sc(c3)C#C[C@H]2[NH2+]C[C@H](OC(=O)N3CC[NH2+]CC3)C2)ccc1OCc1cc(F)ccc1,1
Clc1cc(Nc2ncnc3c2sc(c3)C#C[C@H]2[NH2+]C[C@H](OC(=O)N3CCOCC3)C2)ccc1OCc1cc(F)ccc1,1
s1c2c(ncnc2Nc2ccc(OCc3cc(F)ccc3)nc2)cc1C#C[C@H]1[NH2+]C[C@H](OC(=O)N2CCOCC2)C1,1
Clc1cc(Nc2ncnc3c2sc(c3)C#C[C@H]2[NH2+]C[C@H](OC(=O)N3CCOCC3)C2)ccc1OCc1ncccc1,1
Clc1cc(Nc2ncnc3c2sc(c3)C#C[C@H]2[NH2+]C[C@H](OC(=O)N3CCOCC3)C2)ccc1OCc1ncsc1,1
Clc1cc(Nc2ncnc3c2sc(c3)C#C[C@H]2[NH2+]C[C@H](OC(=O)N3CCOCC3)C2)ccc1Oc1ncccc1,1
Clc1cc(Nc2ncnc3c2sc(c3)C#C[C@H]2[NH2+]C[C@H](OC(=O)N3CCOCC3)C2)ccc1Oc1c2cc(F)ccc2ncc1,1
Clc1cc(Nc2ncnc3c2sc(c3)C#C[C@H]2[NH2+]C[C@H](OC(=O)N3CCOCC3)C2)ccc1Sc1cc(F)ccc1,1
s1c2c(ncnc2Nc2ccc(Sc3ncccc3)cc2)cc1C#C[C@H]1[NH2+]C[C@H](OC(=O)N2CCOCC2)C1,1
s1c2c(ncnc2Nc2cc3c(cc2)c(Oc2ncccc2)ccc3)cc1C#C[C@H]1[NH2+]C[C@H](OC(=O)N2CCOCC2)C1,1
s1c2c(ncnc2Nc2cc3c(n(cc3F)Cc3ccccc3)cc2)cc1C#C[C@H]1[NH2+]C[C@H](OC(=O)N2CCOCC2)C1,1
s1c2c(ncnc2Nc2cc3c(n(cc3)CCc3ccccc3)cc2)cc1C#C[C@H]1[NH2+]C[C@H](OC(=O)N2CCOCC2)C1,1
s1c2c(ncnc2Nc2cc3c(n(cc3)Cc3ccccc3)cc2)cc1C#C[C@H]1[NH2+]C[C@H](OC(=O)N2CCOCC2)C1,1
s1c2c(ncnc2Nc2cc3c(n(cc3)Cc3ncsc3)cc2)cc1C#C[C@H]1[NH2+]C[C@H](OC(=O)N2CCOCC2)C1,1
s1c2c(ncnc2Nc2cc3c(n(S(=O)(=O)c4ccsc4)cc3)cc2)cc1C#C[C@H]1[NH2+]C[C@H](OC(=O)N2CCOCC2)C1,1
s1c2c(ncnc2Nc2cc3c(n(nc3)Cc3cc(F)ccc3F)cc2)cc1C#C[C@H]1[NH2+]C[C@H](OC(=O)N2CCOCC2)C1,1
s1c2c(ncnc2Nc2cc3c(n(nc3)Cc3cc(F)ccc3)cc2)cc1C#C[C@H]1[NH2+]C[C@H](OC(=O)N2CCOCC2)C1,1
s1c2c(ncnc2Nc2cc3c(n(nc3)Cc3ccccc3)cc2)cc1C#C[C@H]1[NH2+]C[C@H](OC(=O)N2CCOCC2)C1,1
s1c2c(ncnc2Nc2cc3c(n(S(=O)(=O)c4cc(F)ccc4)nc3)cc2)cc1C#C[C@H]1[NH2+]C[C@H](OC(=O)N2CCOCC2)C1,1
Fc1ccc(cc1C(=O)N1CCN(CC1)C(=O)C1CC1)CC1=NNC(=O)c2c1cccc2,0
s1cccc1\C=C\1/CC\C(=C/c2sccc2)\C/1=O,0
Clc1cc(Nc2ncnc3c2n(cc3)CCO)ccc1Oc1c2CC(=O)Nc2ccc1,1
Clc1cc(Nc2ncnc3c2n(cc3)CCO)ccc1Oc1cc2CC(=O)Nc2cc1,1
Clc1cc(Nc2ncnc3c2n(cc3)CCO)ccc1Oc1cc2NC(=O)Cc2cc1,1
Clc1cc(Nc2ncnc3c2n(cc3)CCO)ccc1Oc1c2NC(=O)Cc2ccc1,1
S1\C(=C/c2cc3c(nccc3)cc2)\C(=O)N=C1NCc1sccc1,0
Clc1ccccc1-c1c2c(c3c4cc(O)ccc4[nH]c3c1)C(=O)NC2=O,0
Clc1cc(Nc2ncnc3c2n(cc3)CCO)ccc1Oc1c2c(ccc1)C(=O)NC2,1
Clc1cc(Nc2ncnc3c2n(cc3)CCO)ccc1Oc1cc2c(cc1)C(=O)NC2,1
Clc1cc(Nc2ncnc3c2n(cc3)CCO)ccc1Oc1cc2c(CNC2=O)cc1,1
Clc1cc(Nc2ncnc3c2n(cc3)CCO)ccc1Oc1c2c(CNC2=O)ccc1,1
Clc1c2c(C(OCC\C=C\CC\C=C\C(=N\OCC(=O)N3CCCCC3)\C2)=O)c(O)cc1O,1
Clc1c2c(C(OCC\C=C\CC\C=C\C(=N\OCC(=O)N3CCCCC3)\C2)=O)c(O)cc1OP(=O)([O-])[O-],1
O1CC\C=C\CC\C=C\C(=N\OCC(=O)N2CCCCC2)\Cc2c(C1=O)c(O)cc(O)c2,1
S(=O)(=O)(CC[NH2+]Cc1oc(cc1)-c1cc2c(ncnc2Nc2cc(C(F)(F)F)c(OCc3cc(F)ccc3)cc2)cc1)c1ncccc1,1
Clc1cc(Nc2ncnc3c2cc(cc3)-c2oc(cc2)C[NH2+]CCS(=O)(=O)c2ccccc2)ccc1OCc1cc(F)ccc1,1
Clc1cc(Nc2ncnc3c2n(cc3)CCS(=O)(=O)CCO)ccc1Oc1cc(ccc1)C(F)(F)F,1
Clc1ccc(Cl)cc1S(=O)(=O)Nc1cc(-c2c3c(ccc2O)cccc3)c(O)cc1,0
S(=O)(=O)([O-])c1cc(\N=N\c2cc3c(cc(S(=O)(=O)[O-])cc3)cc2)c(O)c2ncccc12,0
O=C1Nc2c(N1C1CC[NH+](CC1)Cc1ccc(cc1)-c1nc3c(nc1-c1ccccc1)cc1nc[nH]c1c3)cccc2,0
FC1=CNC(=O)NC1=O,0
S1c2c(Sc3c1cccc3)cccc2C=1OC(N2CCOCC2)=CC(=O)C=1,0
S(CCCCCOC1=COC(=CC1=O)C[NH+]1CCOCC1)c1c2c(ncc1)cc(cc2)C(F)(F)F,0
s1c2c(OC(N3CCOCC3)=CC2=O)c(c1)-c1cc2OCCOc2cc1,1
s1c2c(c3c1cccc3)cccc2-c1c2OC(N3CCOCC3)=CC(=O)c2ccc1,0
O1c2c(cccc2-c2ccccc2)C(=O)C=C1N1CCOCC1,0
Clc1cc(Nc2ncnc3c2n(cc3)CCCCCO)ccc1Oc1cc(ccc1)C(F)(F)F,1
Clc1cc(Nc2nc(ccn2)-c2cc(ncc2)NCCCO)ccc1,1
O1c2cc(ccc2OC1)C=1n2ncnc2-c2c(N=1)cc(NCCCO)cc2,1
Clc1cc(Nc2ncnc3c2n(cc3)CC[NH2+]CCO)ccc1Oc1cc(ccc1)C(F)(F)F,1
Clc1cc(Nc2ncnc3c2n(cc3)CCOCCO)ccc1Oc1cc(ccc1)C(F)(F)F,1
Clc1cc(Nc2ncnc3c2n(cc3)CCOCCO)ccc1Oc1cc(Cl)ccc1,1
Clc1cc(Nc2ncnc3c2n(cc3)CCOCCO)ccc1Oc1cc(OC(F)(F)F)ccc1,1
Clc1cc(Nc2ncnc3c2n(cc3)CCOCCO)cnc1Oc1cc(ccc1)C(F)(F)F,1
Clc1cc(Nc2ncnc3c2n(cc3)CCSCCO)ccc1Oc1cc(ccc1)C(F)(F)F,1
Clc1cc(Nc2ncnc3c2n(cc3)CCO)ccc1Oc1cc(ccc1)C(F)(F)F,1
Clc1cc(Nc2ncnc3c2n(cc3)CCO)ccc1Oc1cc(Cl)ccc1,1
Clc1cc(Nc2ncnc3c2n(cc3)CCO)ccc1Oc1cc(OC(F)(F)F)ccc1,1
Clc1cc(Nc2ncnc3c2n(cc3)CCO)ccc1Oc1c2c([nH]cc2)ccc1,1
Clc1cc(Nc2ncnc3c2n(cc3)CCO)ccc1Oc1c2c([nH]nc2)ccc1,1
Clc1cc(Nc2ncnc3c2n(cc3)CCO)ccc1Oc1c2c(scc2)ccc1,1
Clc1cc(Nc2ncnc3c2n(cc3)CCO)ccc1Oc1c2c(snc2)ccc1,1
O(c1cc2CCCc2cc1)c1nc(N[C@@H](Cc2ccccc2)CO)c2ncn(c2n1)Cc1ccc(cc1)-c1ccccc1,0
FC(F)(F)c1ccc(cc1)-c1ccc(cc1)[C@@H]([NH2+]C[C@H]1[NH2+]C[C@H](O)[C@@H]1O)CO,0
Clc1cc(Nc2ncnc3c2sc(c3)-c2oc(cc2)CO)ccc1OCc1cc(F)ccc1,1
Clc1cc(Nc2ncncc2C#Cc2oc(cc2)CO)ccc1OCc1cc(F)ccc1,1
Clc1cc(Nc2ncncc2C#Cc2nc(ccc2)CO)ccc1OCc1cc(F)ccc1,1
Clc1cc(Nc2ncnc3c2sc(c3)C#C[C@H]2[NH2+]C[C@H](O)C2)ccc1OCc1cc(F)ccc1,1
Fc1ccccc1C1([NH2+]Cc2cc(C[NH+]3CCCCC3)c(O)cc2)CCCC1,0
Fc1ccccc1C1([NH2+]Cc2cc(C[NH+]3CC[NH+](CC3)Cc3ccccc3)c(O)cc2)CCCC1,0
Fc1ccccc1C1([NH2+]Cc2cc(C[NH+]3CCN(CC3)c3ccccc3)c(O)cc2)CCCC1,0
Fc1ccccc1C1([NH2+]Cc2cc(C[NH+]3CC[NH2+]CC3)c(O)cc2)CCCC1,0
S(Sc1c2c(ccc1O)cccc2)c1c2c(ccc1O)cccc2,1
Clc1cc(Nc2ncnc3c2n(cc3)CCS(=O)CCO)ccc1Oc1cc(ccc1)C(F)(F)F,1
S1(=O)CC[NH+](CC1)Cc1oc(cc1)-c1cc2c(ncnc2Nc2cc(C(F)(F)F)c(OCc3cc(F)ccc3)cc2)cc1,1
Clc1cc(Nc2ncnc3c2cc(cc3)-c2oc(cc2)C[NH+]2CCS(=O)CC2)ccc1OCc1cc(F)ccc1,1
Clc1cc(Nc2ncnc3c2cc(cc3)-c2oc(cc2)C[NH+]2CCS(=O)CC2)ccc1OCc1ccccc1,1
S1(=O)CC[NH+](CC1)Cc1oc(cc1)-c1cc2c(ncnc2Nc2cc(F)c(OCc3ccccc3)cc2)cc1,1
[nH+]1ccc(Nc2ccc(NCCc3c4c([nH]c3)cccc4)cc2)cc1,0
