Smiles,Label
O[C@@H](\C=C\CCCCCCCCC\C=C/CCCCCC)C#C,1
Brc1c2c(ncnc2N)n(c1)[C@@H]1O[C@H](CO)[C@](O)(C#C)[C@H]1O,1
Clc1c2c(ncnc2N)n(c1)[C@@H]1O[C@H](CO)[C@](O)(C#C)[C@H]1O,1
Fc1c2c(ncnc2N)n(c1)[C@@H]1O[C@H](CO)[C@](O)(C#C)[C@H]1O,1
Ic1c2c(ncnc2N)n(c1)[C@@H]1O[C@H](CO)[C@](O)(C#C)[C@H]1O,1
O1[C@H](CO)[C@](O)(C#C)[C@@H](O)[C@@H]1N1C=CC(=NC1=O)N,1
O1[C@H](CO)[C@](O)(C#C)[C@@H](O)[C@@H]1n1c2ncnc(N)c2cc1,1
OCC#CC#CC#C[C@@H](O)CCCCCCC\C=C/CCCCCCCCCC\C=C\[C@@H](O)C#C,1
O(CCCCCCOc1ccc(cc1)C#Cc1ccccc1C#Cc1ncccc1)c1ccc(cc1)C#Cc1ccccc1C#Cc1ncccc1,1
s1c2CCCCc2c2c1ncnc2N\N=C\c1ncccc1,1
Clc1cc(/C(=N/NC(=O)c2cc(S(=O)(=O)N3CCOCC3)ccc2)/C)c(O)cc1,1
O=C1CC[C@]2([C@@H](CC[C@@]3([C@@H]2CC=C2[C@@H]4CC(C[C@@H](OC(=O)\C(=C/C)\C)[C@@]4(CC[C@]23C)C(=O)[O-])(C)C)C)C1(C)C)C,1
O(C(=O)\C(=C/C)\C)[C@@H]1CC(C[C@H]2C3=CC[C@H]4[C@](CC[C@@H]5[C@@]4(CC[C@H](O)C5(C)C)C)(C)[C@@]3(CC[C@@]12C(=O)[O-])C)(C)C,1
Fc1ccc(cc1C)C[NH2+]CCC[C@H](NC(=O)[C@@H]1N(CCC1)C(=O)[C@H](NC(=O)[C@@H](NC(=O)[C@@H](NC(=O)[C@H](NC(=O)CCCC(C)C)C(C)C)[C@H](O)C)C(C)C)C(C)C)C(=O)N[C@H]([C@H](CC)C)C(=O)N[C@@H]1[C@H](OC(=O)[C@@H](NC(=O)/C(/NC(=O)[C@@H](NC(=O)[C@H](NC(=O)[C@H](NC1=O)[C@H](CC)C)C(C)C)Cc1ccccc1)=C/C)C(C)C)C,1
O1[C@H](C)[C@@H](NC(=O)[C@H](NC(=O)[C@@H](NC(=O)[C@@H]2N(CCC2)C(=O)[C@H](NC(=O)[C@@H](NC(=O)[C@@H](NC(=O)[C@H](NC(=O)CCCC(C)C)C(C)C)[C@H](O)C)C(C)C)C(C)C)CCC[NH2+]Cc2ccc(N3CCOCC3)cc2)[C@H](CC)C)C(=O)N[C@H]([C@H](CC)C)C(=O)N[C@H](C(C)C)C(=O)N[C@@H](Cc2ccccc2)C(=O)N\C(=C/C)\C(=O)N[C@@H](C(C)C)C1=O,1
O1c2c(C=CC1(CCC(O)C(C)=C)C)c1[nH]c3c(c1cc2C)cccc3,0
O1[C@H](COC(=O)C)[C@@H](O)[C@H](O)[C@@H](O)[C@@H]1O[C@@H]1C[C@@H]2[C@@]([C@H]3CC=C4[C@](CC[C@H]4[C@H](C[C@@H](O)[C@H](O)C(C)=C)C)(C)[C@]13C)(CC[C@@H](OC(=O)C)C2(C)C)C,1
O[C@H]1CC[C@]2([C@@H](CC[C@@]3([C@@H]2CC[C@@H]2[C@@H]4[C@@](CC[C@]23C)(CC[C@H]4C(C)=C)C(=O)[O-])C)C1(C)C)C,1
Fc1ccccc1[C@@H]1OC=C2[C@H]1[C@H](CC=C2C)C(C)=C,1
O1c2c(C[C@@H]1C(C)=C)c1O[C@@H]3COc4cc(OC)c(OC)cc4[C@]3(O)C(=O)c1cc2,1
Fc1cc(OC)c(cc1OC)C(=C)c1cc(OC)c(OC)c(OC)c1,1
Fc1c(OC)c(F)c(F)cc1C(=C)c1cc(O)c(OC)cc1,1
O=C1C[C@@H]2CC[C@H](CO)[C@]2(O)C1=C,0
BrC[C@@H]1[C@H]2[C@H](OC(=O)C2=C)CC1,0
BrC[C@H]1CC[C@H]2OC(=O)C(=C)[C@@]12O,1
BrC[C@H]1CC[C@H]2OC(=O)C(=C)[C@@]12OC,1
BrC[C@H]1CC[C@H]2OC(=O)C(=C)[C@@]12OCC,1
FC[C@H]1CC[C@H]2OC(=O)C(=C)[C@@]12O,1
IC[C@H]1CC[C@H]2OC(=O)C(=C)[C@@]12O,0
O1[C@@H]2CC[C@H](COC)[C@]2(O)C(=C)C1=O,0
O1[C@H]2[C@@H](CC\C(=C/CC[C@]3(O[C@H]23)C)\COC(=O)\C=C\c2c3c([nH]c2)cccc3)C(=C)C1=O,1
O1[C@H]2[C@@H](CC\C(=C/CC[C@]3(O[C@@H]23)C)\COC(=O)CCC(=O)N2CCC(CC2)C)C(=C)C1=O,1
O1[C@H]2[C@@H](CC\C(=C/CC[C@]3(O[C@@H]23)C)\COC(=O)CCC(=O)NCCCCCCCCCNC(=O)CCC(OC/C/2=C/CC[C@]3(O[C@H]3[C@H]3OC(=O)C([C@@H]3CC\2)=C)C)=O)C(=C)C1=O,1
O1[C@H]2[C@@H](CC\C(=C/CC[C@]3(O[C@@H]23)C)\COC(=O)CCC(=O)NCCCCCCCCNC(=O)CCC(OC/C/2=C/CC[C@]3(O[C@H]3[C@H]3OC(=O)C([C@@H]3CC\2)=C)C)=O)C(=C)C1=O,1
Clc1ncc(cc1)CNC(=O)CCC(OC/C/1=C/CC[C@]2(O[C@H]2[C@H]2OC(=O)C([C@@H]2CC\1)=C)C)=O,1
O1[C@H]2[C@@H](CC\C(=C/CC[C@]3(O[C@H]23)C)\COC(=O)CCCc2c3c([nH]c2)cccc3)C(=C)C1=O,1
O1[C@H]2[C@@H](CC\C(=C/CC[C@]3(O[C@@H]23)C)\COC(=O)NCCCCCCCCNC(OC/C/2=C/CC[C@]3(O[C@H]3[C@H]3OC(=O)C([C@@H]3CC\2)=C)C)=O)C(=C)C1=O,1
O1[C@H]2[C@@H](CC\C(=C/CC[C@]3(O[C@@H]23)C)\COC(=O)NCCCCCNC(OC/C/2=C/CC[C@]3(O[C@H]3[C@H]3OC(=O)C([C@@H]3CC\2)=C)C)=O)C(=C)C1=O,1
O1[C@H]2[C@@H](CC\C(=C/CC[C@]3(O[C@@H]23)C)\COC(=O)NCCCCNC(OC/C/2=C/CC[C@]3(O[C@H]3[C@H]3OC(=O)C([C@@H]3CC\2)=C)C)=O)C(=C)C1=O,1
O1[C@H]2[C@@H](CC\C(=C/CC[C@]3(O[C@H]23)C)\COC(=O)c2c3c([nH]c2)cccc3)C(=C)C1=O,1
Clc1cc2cc([nH]c2cc1)C(OC/C/1=C/CC[C@]2(O[C@@H]2[C@H]2OC(=O)C([C@@H]2CC\1)=C)C)=O,1
O1[C@H]2[C@@H](CC\C(=C/CC[C@]3(O[C@H]23)C)\COC(=O)c2[nH]c3c(c2)cc(OC)cc3)C(=C)C1=O,1
O1[C@H]2[C@@H](CC\C(=C/CC[C@]3(O[C@H]23)C)\COC(=O)c2oc3c(c2)cccc3)C(=C)C1=O,1
O1[C@H]2[C@@H](CC\C(=C/CC[C@]3(O[C@H]23)C)\COC(=O)c2c3c(n(c2)C)cccc3)C(=C)C1=O,1
FC(F)(F)c1cc(cc(c1)C(F)(F)F)-c1nnn(c1)C/C/1=C/CC[C@]2(O[C@H]2[C@H]2OC(=O)C([C@@H]2CC\1)=C)C,1
O1[C@H]2[C@@H](CC\C(=C/CC[C@]3(O[C@@H]23)C)\Cn2nnc(c2)-c2cc(C)c(cc2C)C)C(=C)C1=O,1
Fc1ccc(cc1)-c1nnn(c1)C/C/1=C/CC[C@]2(O[C@H]2[C@H]2OC(=O)C([C@@H]2CC\1)=C)C,1
O1[C@H]2[C@@H](CC\C(=C/CC[C@]3(O[C@@H]23)C)\Cn2nnc(c2)-c2ccc(N)cc2)C(=C)C1=O,1
O1[C@H]2[C@@H](CC\C(=C/CC[C@]3(O[C@@H]23)C)\Cn2nnc(c2)-c2ccc(OC)cc2)C(=C)C1=O,1
Clc1cc(ccc1)-c1nnn(c1)C/C/1=C/CC[C@]2(O[C@H]2[C@H]2OC(=O)C([C@@H]2CC\1)=C)C,1
O1[C@H]2[C@@H](CC\C(=C/CC[C@]3(O[C@@H]23)C)\Cn2nnc(c2)-c2ccccc2)C(=C)C1=O,1
FC(F)(F)c1ccccc1-c1nnn(c1)C/C/1=C/CC[C@]2(O[C@H]2[C@H]2OC(=O)C([C@@H]2CC\1)=C)C,1
s1cc(cc1)-c1nnn(c1)C/C/1=C/CC[C@]2(O[C@H]2[C@H]2OC(=O)C([C@@H]2CC\1)=C)C,1
O1[C@H]2[C@@H](CC\C(=C/CC[C@]3(O[C@@H]23)C)\Cn2nnc(c2)CCC)C(=C)C1=O,0
O1O[C@H](CC[C@@]1(CCC1C(CCCC1=C)(C)C)C)[C@H](C(=O)[O-])C,1
O1O[C@H](CC[C@]1(CCC1C(CCCC1=C)(C)C)C)[C@H](C(OC)=O)C,1
O1O[C@H](CC[C@@]1(CC[C@@H]1[C@H]2CCCC(=C)[C@@]2(CC[C@H]1C)C)C)[C@@H](C(=O)[O-])C,1
O1O[C@@H](CC[C@]1(CC[C@]1([C@@H]2CCCC(=C)[C@]2(CC[C@@H]1C)C)C)C)[C@H](C(=O)[O-])C,1
O1O[C@H](CC[C@]1(CC[C@]1([C@@H]2CCCC(=C)[C@]2(CC[C@@H]1C)C)C)C)[C@H](C(=O)[O-])C,1
S(=O)([O-])(=Nc1noc(c1)C)c1ccc(NC(C[C@@H]2[C@]3([C@H](CCC2=C)[C@@](COC(=O)C)(C)[C@H](OC(=O)C)CC3)C)C2=CCOC2=O)cc1,1
Clc1nnc(NS(=O)(=O)c2ccc(NC(C[C@@H]3[C@]4([C@H](CCC3=C)[C@@](COC(=O)C)(C)[C@H](OC(=O)C)CC4)C)C3=CCOC3=O)cc2)cc1,1
S(=O)(=O)(Nc1nc(ccn1)C)c1ccc(NC(C[C@@H]2[C@]3([C@H](CCC2=C)[C@@](COC(=O)C)(C)[C@H](OC(=O)C)CC3)C)C2=CCOC2=O)cc1,1
S(=O)(=O)(Nc1ncccn1)c1ccc(NC(C[C@@H]2[C@]3([C@H](CCC2=C)[C@@](COC(=O)C)(C)[C@H](OC(=O)C)CC3)C)C2=CCOC2=O)cc1,1
s1ccnc1NS(=O)(=O)c1ccc(NC(C[C@@H]2[C@]3([C@H](CCC2=C)[C@@](COC(=O)C)(C)[C@H](OC(=O)C)CC3)C)C2=CCOC2=O)cc1,1
O(CCCCCOc1cc2N=C[C@H]3N(CC(C3)=C)C(=O)c2cc1OC)c1cc2N=C[C@H]3N(CC(C3)=C)C(=O)c2cc1OC,1
O1[C@H](COC(=O)C)[C@@H](O)[C@H](O)[C@@H](O)[C@@H]1O[C@@H]1C[C@@H]2[C@@]([C@H]3CC[C@@]45[C@@H](CC=C4[C@]13C)[C@@H](C)C(=C)[C@@H](O)C5)(CC[C@@H](OC(=O)C)C2(C)C)C,0
O1[C@@H]2O[C@@]3(OO[C@]24[C@@H](CC[C@H]([C@@H]4CC3)C)C(=C)[C@H]1OCCCO[C@H]1O[C@@H]2O[C@@]3(OO[C@]24[C@@H](CC[C@H]([C@@H]4CC3)C)C1=C)C)C,1
O(C)c1ccc(-n2nc(c3c2N(C)C2(CC4C5(N(c6n(nc(c6C(C(C5)C34C)=C)C)-c3ccc(OC)cc3)C)C2)C)C)cc1,1
n1n(c2N(C)C3(CC4C5(N(c6n(nc(c6C(C(C5)C4(c2c1C)C)=C)C)-c1ccccc1)C)C3)C)-c1ccccc1,1
s1cc(nc1C([C@H](O)C\C=C/C(CCNC(OC)=O)=C)(C)C)C\C=C/CC=C,1
O=C1C[C@@H]2CC[C@H](C(=O)CC=C)[C@]2(O)C1=C,0
O(CC)C(=O)n1cc(c2c1cccc2)C([NH2+]Cc1ccccc1)CC=C,0
O=C1C=C2NC(=O)/C(=C/C=C\[C@H](OC)[C@@H](OC(=O)N)/C(=C/[C@H](C)[C@@H](O)[C@@H](OC)C[C@@H](CC(=C1NCC=C)C2=O)C)/C)/C,1
O(CC)C(=O)n1cc(c2c1cccc2)[C@H]([NH2+][C@@H](CO)c1ccccc1)CC=C,0
S(=O)(=O)(n1cc(c2c1cccc2)[C@H]([NH2+][C@@H](CO)c1ccccc1)CC=C)c1ccc(cc1)C,0
O=C1C[C@@H]2CC[C@H]([C@H](O)CC=C)[C@]2(O)C1=C,0
O(CC)C(=O)n1cc(c2c1cccc2)[C@@H]([NH2+][C@@H](C(C)C)CO)CC=C,0
O(CC)C(=O)n1cc(c2c1cccc2)[C@@H]([NH2+][C@H](CO)c1ccccc1)CC=C,0
O=C1C[C@@H]2CC[C@H]([C@@H](O)CC=C)[C@]2(O)C1=C,0
n1c(Nc2cc3n(CC=C)c(nc3cc2)C)c2c(nc1Nc1cc3nc(n(c3cc1)CC=C)C)cccc2,1
Fc1ccc(Nc2nc(Nc3cc4n(CC=C)c(nc4cc3)C)c3c(n2)cccc3)cc1,1
n1c(Nc2cc3n(CC=C)c(nc3cc2)C)c2c(nc1Nc1cc3n(CC=C)c(nc3cc1)C)cccc2,1
O1[C@@H]2O[C@@]3(OO[C@]24[C@@H](CC[C@H]([C@@H]4CC3)C)[C@@H](C)[C@H]1OC[C@@H](O[C@H]1O[C@@H]2O[C@@]3(OO[C@]24[C@@H](CC[C@H]([C@@H]4CC3)C)[C@H]1C)C)C=C)C,1
O=C1C[C@@H]2CC[C@H]([C@H](O)[C@H](C=C)C)[C@]2(O)C1=C,0
O1[C@@H](C[C@@]2(OC2)CC1(C)C)\C=C\C(=C\CC1CCC(NC(=O)\C=C/[C@@H](OC(=O)C(C)C)C)CC1)\C,1
O=C(N[O-])\C=C\c1nnn(c1)C(\C=C\c1ccccc1)C,1
S=C1N(CCN1\C=C(/C(=O)c1ccccc1)\C(=O)C)C(=O)c1occc1,1
S=C1N(CCN1C=C(C(=O)C)C(=O)C)C(=O)c1occc1,0
O=C1C[C@@H]2[C@@]3([C@@H](CC[C@]2([C@@H]2CC=C(C(=O)C)[C@H](C=O)[C@@]12C)C)C(CCC3)(C)C)C(=O)[O-],1
Clc1ccc(cc1)C1N(N=C(C1)c1ccc(Nc2c3c([nH+]cc2)cc(Cl)cc3)cc1)C(=O)C,1
O1[C@H](CO)[C@@H](O)[C@H](O)[C@@H](NC(=O)C)[C@@H]1OC[C@@]12[C@@H]3[C@H]([C@@H]4CC[C@H]([C@@H](CCCC(C)C)C)[C@]4(CC3)C)CCC1=CC(=O)CC2,1
O1[C@H](CO)[C@@H](O)[C@H](O)[C@@H](NC(=O)C)[C@@H]1OC[C@@]12[C@@H]3[C@H]([C@@H]4CC[C@H]([C@@H](CCCC(C)C)C)[C@]4(CC3)C)CCC1=C[C@@H](O)CC2,0
Clc1ccc(Nc2ncccc2C(=O)NNS(=O)(=O)c2ccc(NC(=O)C)cc2)cc1,0
ClCC1c2c3c(cccc3)c(O)cc2N(C1)C(=O)c1[nH]c2c(c1)cc(NC(=O)c1[nH]c3c(c1)cc(NC(=O)C)cc3)cc2,1
FC(F)(F)c1cc(cc(NC(=O)Nc2nc(ccn2)-c2ccc(nc2)-c2cc(NC(=O)C)ccc2)c1)C(F)(F)F,1
s1c2c(cc1C(OC(=O)C)C)C(=O)c1c(scc1C(OC(=O)C)C)C2=O,1
s1c2c(cc1C(OC(=O)C)C)C(=O)c1c(scc1)C2=O,1
O1[C@H](CO)[C@@H](O)[C@H](O)[C@@H](OC(=O)\C=C/c2ccc(O)cc2)[C@@H]1OCC=1[C@@H]2[C@@H]([C@](O)(CC2)COC(=O)C)[C@@H](OC=1)OC(=O)CC(C)C,1
O1[C@H](COC(=O)C)[C@@H](O)[C@H](O)[C@@H](O)[C@@H]1O[C@@H]1C[C@@H]2[C@@]([C@H]3CCC=4[C@](CCC=4[C@H](C[C@@H](O)[C@H](O)C(O)(C)C)C)(C)[C@]13C)(CC[C@@H](OC(=O)C)C2(C)C)C,0
O1[C@H](COC(=O)C)[C@@H](O)[C@H](O)[C@@H](O)[C@@H]1O[C@@H]1C[C@@H]2[C@@]([C@H]3CC[C@H]4[C@](CC[C@]45O[C@H](C[C@@H]5C)[C@H](O)C(O)(C)C)(C)[C@]13C)(CC[C@@H](OC(=O)C)C2(C)C)C,0
O1[C@H](COC(=O)C)[C@@H](O)[C@H](O)[C@@H](O)[C@@H]1O[C@@H]1C[C@@H]2[C@@]([C@H]3CC[C@@]45[C@@H](CC=C4[C@]13C)[C@H](C[C@@H](O)C5)C)(CC[C@@H](OC(=O)C)C2(C)C)C,0
O=C1N([C@H]2[C@H]1CC#C\C=C/C#C[C@H]2OC(=O)C)C(OC(C)(C)C)=O,0
O(C(=O)C)[C@@H]1C[C@@H]2[C@@]3([C@@H](CC[C@]2([C@@H]2CC=C(C=O)[C@H](C=O)[C@@]12C)C)C(CCC3)(C)C)C,0
O(C(=O)C)[C@@H]1C[C@@H]2[C@@](C)([C@@H](C=O)[C@@H]1C(=O)C)[C@@H](O)C[C@@H]1[C@@]3([C@@H](CC[C@]12C)C(CCC3)(C)C)C,1
O1[C@H]2[C@]34[C@@H]([C@@H](OC(=O)C)C1=O)[C@@H](C)[C@@H](O)[C@](OC3)(O)[C@@H]4[C@@]1([C@@H](C2)C(=CC(=O)[C@H]1O)C)C,1
O1[C@@H]2C[C@H](O)[C@@]3([C@H]([C@H](OC(=O)c4ccccc4)[C@]4(O)C[C@H](OC(=O)[C@H](O)[C@@H](NC(=O)c5ccccc5)c5ccccc5)C(=C([C@@H](OC(=O)C)C3=O)C4(C)C)C)[C@]2(OC(=O)C)C1)C,1
O1CC2[C@@H]([C@@]3([C@@H](C[C@@H]2OC(=O)C)[C@]2([C@H](C[C@H]3O)[C@@]3([C@@H](CC2)C(CCC3)(C)C)C)C)C)[C@@H]1OC(=O)C,0
O1C=C2[C@@H]([C@@]3([C@@H](C[C@@H]2OC(=O)C)[C@]2([C@H](C[C@H]3O)[C@@]3([C@@H](CC2)C(CCC3)(C)C)C)C)C)[C@@H]1OC(=O)C,0
O1C=C2[C@@H]([C@@]3([C@@H](C[C@@H]2OC(=O)C)[C@]2([C@H](C[C@H]3OC(=O)C)[C@@]3([C@@H](CC2)C(CCC3)(C)C)C)C)C)[C@@H]1OC(=O)C,0
O(C(=O)C)[C@H]1C[C@@H]2[C@@]3([C@@H](CC[C@]2([C@@H]2CC=C(C(=O)C)[C@H](C=O)[C@@]12C)C)C(CCC3)(C)C)CO,1
O1c2c(C(=O)C(O[C@@H]3O[C@@H](C)[C@H](OC(=O)C)[C@@H](OC(=O)C)[C@H]3O)=C1c1ccc(O)cc1)c(O)cc(O)c2,0
o1c(cnc1-c1cncnc1)-c1ccc(OC(=O)C)cc1,0
O1[C@@H]2C[C@H]3C([C@@H]4C[C@H](O)[C@H]([C@@H]([C@@]24C)C1=O)C(=O)C)CC[C@@H]1[C@@]3(CCCC1(C)C)CO,0
O=C1N(c2nc(ncc2C(C)=C1C(=O)C)Nc1ncc(N2CC[NH2+]CC2)cc1)C1CCCC1,0
s1c2c(cc1C(=O)C)C(=O)c1sccc1C2=O,1
s1c2c(cc1C(=O)C)C(=O)c1c(scc1C(=O)C)C2=O,1
s1c2c(cc1C(=O)C)C(=O)c1c(scc1)C2=O,1
O1c2c(cc(NC(OC(C)(C)C)=O)cc2)C(NC(=O)Nc2cc(ccc2)C#N)CC1(C)C,1
O[C@H]1CC[C@@]23[C@@H](CC[C@@H]4[C@]2(CC[C@@]2(C)[C@]4(CC[C@@H]2[C@@H](CC(=O)C=C(C)C)C)C)C3)[C@@]1(CO)C,1
S(O[C@H]1CC[C@@]23[C@@H](CC[C@@H]4[C@]2(CC[C@@]2(C)[C@]4(CC[C@@H]2[C@@H](CC(=O)C=C(C)C)C)C)C3)[C@@]1(CO)C)(=O)(=O)[O-],1
S(OC[C@]1([C@H]2[C@@]3([C@]4([C@@H](CC2)[C@@]2(CC[C@H]([C@@H](CC(=O)C=C(C)C)C)[C@]2(CC4)C)C)C3)CC[C@@H]1O)C)(=O)(=O)[O-],1
S(O[C@H]1CC[C@@]23[C@@H](CC[C@@H]4[C@]2(CC[C@@]2(C)[C@]4(CC[C@@H]2[C@@H](CC(=O)C=C(C)C)C)C)C3)[C@@]1(COS(=O)(=O)[O-])C)(=O)(=O)[O-],0
O=C1CC[C@]2([C@@H](CC[C@@]3([C@@H]2CC=C2[C@@H]4CC(C[C@@H](OC(=O)C=C(C)C)[C@@]4(CC[C@]23C)C(=O)[O-])(C)C)C)C1(C)C)C,1
O(C(=O)C=C(C)C)[C@@H]1CC(C[C@H]2C3=CC[C@H]4[C@](CC[C@@H]5[C@@]4(CC[C@H](O)C5(C)C)C)(C)[C@@]3(CC[C@@]12C(=O)[O-])C)(C)C,1
O1c2c(CC[C@]1(CC\C=C(\CC\C=C(\CCC=C(C)C)/C)/C)C)c1c(OC[NH+](C1)CCCCCCCCO)c(C)c2C,1
O1c2c(CC[C@]1(CC\C=C(\CC\C=C(\CCC=C(C)C)/C)/C)C)c1c(OC[NH+](C1)CCCCCCO)c(C)c2C,1
O1c2c(CC[C@]1(CC\C=C(\CC\C=C(\CCC=C(C)C)/C)/C)C)c1c(OC[NH+](C1)CCCCCO)c(C)c2C,1
O1c2c(CC[C@]1(CC\C=C(\CC\C=C(\CCC=C(C)C)/C)/C)C)c1C[NH+](COc1cc2C)C1CC[NH+](CC1)Cc1ccccc1,1
O1c2c(CC[C@]1(CC\C=C(\CC\C=C(\CCC=C(C)C)/C)/C)C)c1C[NH+](COc1cc2C)CCCCCCCCO,1
O1c2c(CC[C@]1(CC\C=C(\CC\C=C(\CCC=C(C)C)/C)/C)C)c1C[NH+](COc1cc2C)CCCCCCO,1
O1c2c(CC[C@]1(CC\C=C(\CC\C=C(\CCC=C(C)C)/C)/C)C)c1C[NH+](COc1cc2C)CCCCCO,1
O1c2c(CC[C@]1(CC\C=C(\CC\C=C(\CCC=C(C)C)/C)/C)C)c1C[NH+](COc1cc2C)CCCCO,0
O1c2c(CC[C@]1(CC\C=C(\CC\C=C(\CCC=C(C)C)/C)/C)C)c1C[NH+](COc1cc2C)CCCO,1
O1c2c(CC[C@]1(CC\C=C(\CC\C=C(\CCC=C(C)C)/C)/C)C)c1C[NH+](COc1cc2C)CCc1ccc(O)cc1,1
O1c2cc(OC\C=C(\CC\C=C(\CCC=C(C)C)/C)/C)ccc2C=CC1=O,1
Oc1cc(cc(O)c1C\C=C(\CC\C=C(\CCC=C(C)C)/C)/C)\C=C\c1ccc(O)cc1,1
o1c(cnc1-c1cccnc1)-c1ccc(OC\C=C(\CCC=C(C)C)/C)cc1,0
o1cncc1-c1ccc(OC\C=C(\CCC=C(C)C)/C)cc1,0
O1c2cc(OC\C=C(\CCC=C(C)C)/C)ccc2C=CC1=O,0
O1c2c(cc(cc2O)\C=C\c2cc(O)c(C\C=C(\CCC=C(C)C)/C)c(O)c2)C[C@H]2[C@]1(C[C@@H](O)[C@@H](O)C2(C)C)C,0
Oc1ccc(cc1C\C=C(\CCC=C(C)C)/C)\C=C\c1cc(O)cc(O)c1,1
Oc1c(C[NH2+]CC2CC[NH2+]CC2)c(ccc1[C@H](CCC=C(C)C)C)C,1
O1c2c(C[NH+](C1)CC1CC[NH2+]CC1)c(ccc2[C@H](CCC=C(C)C)C)C,0
o1c(cnc1-c1ncc(cc1)C[NH+](C)C)-c1ccc(OCC=C(C)C)cc1,0
o1c(cnc1-c1ncc(cc1)C[NH+](C)C1CCCCC1)-c1ccc(OCC=C(C)C)cc1,0
o1c(cnc1-c1ncc(cc1)C[NH+]1CCCC1)-c1ccc(OCC=C(C)C)cc1,1
o1c(cnc1-c1ncc(cc1)CN1CCCC1=O)-c1ccc(OCC=C(C)C)cc1,1
o1c(cnc1-c1ncc(cc1)C[NH+]1CCCCC1)-c1ccc(OCC=C(C)C)cc1,0
o1c(cnc1-c1ccc(nc1)C[NH+]1CCCCC1)-c1ccc(OCC=C(C)C)cc1,0
o1c(cnc1-c1ncc(cc1)C[NH+]1CC[NH+](CC1)C)-c1ccc(OCC=C(C)C)cc1,1
o1c(cnc1-c1ncc(cc1)C[NH+]1C[C@H]([NH+](C)C)CC1)-c1ccc(OCC=C(C)C)cc1,1
o1c(cnc1-c1ncc(cc1)C[NH2+]CC(C)C)-c1ccc(OCC=C(C)C)cc1,1
o1c(cnc1-c1ncc(cc1)C[NH2+]CCCCCCO)-c1ccc(OCC=C(C)C)cc1,1
o1c(cnc1-c1cccnc1)-c1ccc(OCC=C(C)C)cc1,0
o1c(cnc1-c1cncnc1)-c1ccc(OCC=C(C)C)cc1,0
O1c2cc(OCC=C(C)C)ccc2C=CC1=O,0
O=C1N2[C@@H](CCC2)C(=O)N[C@H]1Cc1c2c([nH]c1CC=C(C)C)cccc2,0
O=C1N2[C@H](CCC2)C(=O)N[C@H]1Cc1c2c([nH]c1CC=C(C)C)cccc2,0
O=C1N2[C@@H](CCC2)C(=O)N[C@@H]1Cc1c2c([nH]c1CC=C(C)C)cccc2,0
O=C1N2[C@H](CCC2)C(=O)N[C@@H]1Cc1c2c([nH]c1CC=C(C)C)cccc2,1
O=C(N[O-])\C=C\c1nnn(c1)C(\C=C\c1ccccc1)C(C)C,1
S(O[C@H]1CC[C@]2([C@@H](CCC3=C2CC[C@@]2(C)[C@]3(CC[C@@H]2[C@@H](CC(=O)CC(C)C)C)C)[C@@]1(COS(=O)(=O)[O-])C)C)(=O)(=O)[O-],0
S(O[C@H]1CC[C@@]23[C@@H](CC[C@@H]4[C@]2(CC[C@@]2(C)[C@]4(CC[C@@H]2[C@@H](CC(=O)CC(C)C)C)C)C3)[C@@]1(COS(=O)(=O)[O-])C)(=O)(=O)[O-],0
O1[C@H](CO)[C@@H](O)[C@H](O)[C@@H](OC(=O)\C=C/c2ccc(O)cc2)[C@@H]1OCC=1[C@@H]2[C@@H]([C@](O)(CC2)CO)[C@@H](OC=1)OC(=O)CC(C)C,1
O1c2c(C[C@H]3C[C@H]4C[C@@H]([C@@]13CO)C4(C)C)c(O)c(C=O)c(O)c2C(=O)CC(C)C,0
O1c2c(C[C@H]3C[C@H]4C[C@@H]([C@@]13CCO)C4(C)C)c(O)c(C(=O)CC(C)C)c(O)c2C=O,0
O1c2c(C[C@H]3C[C@H]4C[C@@H]([C@@]13CO)C4(C)C)c(O)c(C(=O)CC(C)C)c(O)c2C=O,0
O1c2c(C[C@H]3C[C@H]4C[C@@H]([C@@]13CO)C4(C)C)c(O)c(C(=O)CC(C)C)c(O)c2C(=O)CC(C)C,0
O=C1[C@@H]2[C@@H]([C@@H]3CC[C@]4([C@@H](CC[C@@H]4[C@@H](CCCC(C)C)C)C3=CC2)C)C(=O)C=C1,1
O=C1N2N([C@@H]3CC[C@]4([C@@H](CC[C@@H]4[C@@H](CCCC(C)C)C)C3=CC2)C)C(=O)C=C1,1
O1[C@H](CO)[C@@H](O)[C@H](O)[C@@H](O)[C@@H]1OC[C@@]12[C@@H]3[C@H]([C@@H]4CC[C@H]([C@@H](CCCC(C)C)C)[C@]4(CC3)C)CCC1=CC(=O)CC2,1
O1[C@H](CO)[C@@H](O)[C@H](O)[C@@H](O)[C@@H]1OC[C@@]12[C@@H]3[C@H]([C@@H]4CC[C@H]([C@@H](CCCC(C)C)C)[C@]4(CC3)C)CCC1=C[C@@H](O)CC2,0
Fc1cc(Nc2nc3N(CCC(C)C)C(C)C(=O)N(c3cn2)C)cc(F)c1O,1
O1c2c([C@@H](C[C@]13[C@H]1C[C@@H](CC3)C1(C)C)CC(C)C)c(O)c(C=O)c(O)c2C=O,0
O1CC(=CC1=O)[C@H]1CC[C@]2(O)[C@H]3[C@H](CC[C@]12C)[C@@]1([C@@H](C[C@@H](O[C@@H]2O[C@@H](CC(C)C)[C@H](O)CC2)CC1)CC3)C,1
S(O[C@H]1CC[C@@]23[C@@H](CC[C@@H]4[C@]2(CC[C@@]2(C)[C@]4(CC[C@@H]2[C@@H](C[C@@H](O)CC(C)C)C)C)C3)[C@@]1(COS(=O)(=O)[O-])C)(=O)(=O)[O-],0
O1c2c([C@H](C[C@@]13[C@H]1C[C@@H](CC3)C1(C)C)CC(C)C)c(O)c(C=O)c(O)c2C=O,0
S1C(=Cc2c(cccc2)C1=O)C(OC(C)C)=O,0
s1nc2c(n1)c1c(cc2SC(C)C)C(=O)c2c(cccc2)C1=O,1
[As](SCC(O)CO)(C(C)C)C(C)C,1
o1c2c(nc1[C@@H](n1nnc(c1)\C=C\C(=O)N[O-])C(C)C)cccc2,1
O1CC(=CC1=O)[C@H]1CC[C@]2(O)[C@H]3[C@H](CC[C@]12C)[C@@]1([C@@H](C[C@@H](O[C@@H]2O[C@@H](C(C)C)[C@H](O)CC2)CC1)CC3)C,1
S1S[C@@]23N([C@H]4Nc5c(cccc5)[C@]4([C@@H]2O)C24[C@H](N5[C@@]6(SS[C@](N(C)C6=O)(CO)C5=O)[C@H]2O)Nc2c4cccc2)C(=O)[C@]1(N(C)C3=O)C(C)C,1
o1c2c(nc1[C@H](n1nnc(c1)\C=C\C(=O)N[O-])C(C)C)cccc2,1
O1C[C@@H](NC(=O)c2nc3c(cc2)cccc3)C(=O)N2[C@@H](CCCC2)C(=O)NCC(=O)N(CC(=O)N(C)[C@@H](C(C)C)C(OC[C@@H](NC(=O)c2nc3c(cc2)cccc3)C(=O)N2[C@@H](CCCC2)C(=O)NCC(=O)N(CC(=O)N(C)[C@@H](C(C)C)C1=O)C)=O)C,1
O1C[C@@H](NC(=O)c2nc3c(cc2O)cccc3)C(=O)N2[C@@H](CCCC2)C(=O)NCC(=O)N(CC(=O)N(C)[C@@H](C(C)C)C(OC[C@@H](NC(=O)c2nc3c(cc2O)cccc3)C(=O)N2[C@@H](CCCC2)C(=O)NCC(=O)N(CC(=O)N(C)[C@@H](C(C)C)C1=O)C)=O)C,1
S(=O)(=O)(c1ccccc1C(C)(C)C)c1ccc(NC(=O)c2cc(Cc3ccccc3C(C)C)c(O)c(O)c2O)cc1,1
s1c2c(cc1C(O)C)C(=O)c1sccc1C2=O,1
s1c2c(cc1C(O)C)C(=O)c1c(scc1C(O)C)C2=O,1
s1c2c(cc1C(O)C)C(=O)c1c(scc1)C2=O,1
O(C)c1cc([nH]c1\C=C\1/N=C(C)C(C(=O)CCC(Oc2ccc(cc2)\C(=C(/CC)\c2ccccc2)\c2ccc(OCC[NH+](C)C)cc2)=O)=C/1C)-c1[nH]ccc1,1
O(C)c1cc([nH]c1\C=C\1/N=C(C)C(C(=O)CCCCC(Oc2ccc(cc2)\C(=C(/CC)\c2ccccc2)\c2ccc(OCC[NH+](C)C)cc2)=O)=C/1C)-c1[nH]ccc1,1
O(C)c1cc([nH]c1\C=C\1/N=C(C)C(C(=O)CCCCCCCCC(Oc2ccc(cc2)\C(=C(/CC)\c2ccccc2)\c2ccc(OCC[NH+](C)C)cc2)=O)=C/1C)-c1[nH]ccc1,1
Clc1ccc(cc1)C=1CCC(CC=1C[NH+]1CCN(CC1)c1ccc(cc1)C(=O)N=S(=O)([O-])c1cc(S(=O)(=O)C(F)(F)F)c(N[C@H](CC[NH+]2CCOCC2)CSc2ccccc2)cc1)(C)C,0
O=C1C[C@@H]2[C@@]3([C@@H](CC[C@]2([C@@H]2CC=C(C=O)[C@@H](C=O)[C@@]12C)C)C(CCC3)(C)C)C,0
O[C@@H]1C[C@@H]2[C@@]3([C@@H](CC[C@]2([C@@H]2CC=C(C=O)[C@@H](C=O)[C@@]12C)C)C(CCC3)(C)C)C,0
O=C1C[C@@H]2[C@@]3([C@@H](CC[C@]2([C@@H]2CC=C(C=O)[C@H](C=O)[C@@]12C)C)C(CCC3)(C)C)C,0
O[C@@H]1C[C@@H]2[C@@]3([C@@H](CC[C@]2([C@@H]2CC=C(C=O)[C@H](C=O)[C@@]12C)C)C(CCC3)(C)C)C,0
Br[C@@H]1[C@]23OC(=O)[C@]4([C@H]2CC(CC4)(C)C)CC[C@@]3(C)[C@]2([C@H](C1)[C@@]1([C@@H](CC2)C(C)(C)/C(=N/O)/CC1)C)C,1
O=C(Nc1cc2NCC(c2cc1)(C)C)c1cccnc1NCc1ccncc1,0
O=C1\C(\C[C@]2([C@@H](CC[C@@]3([C@@H]2CC=C2[C@@H]4CC(C[C@@H](O)[C@@]4(CC[C@]23C)C(=O)[O-])(C)C)C)C1(C)C)C)=C\C=C\c1ccccc1,1
BrCCN(CCCl)c1ccc(cc1)B1OC(C)(C)C(O1)(C)C,0
ClCCN(CCCl)c1ccc(cc1)B1OC(C)(C)C(O1)(C)C,0
ClCCN(CCOS(=O)(=O)C)c1ccc(cc1)B1OC(C)(C)C(O1)(C)C,0
O1c2c(cc(cc2O)\C=C\c2cc(O)c3c([nH]cc3)c2)C[C@H]2[C@]1(CC[C@@H](O)C2(C)C)C,1
O1c2c(C[C@H]3C[C@H]4C[C@@H]([C@@]13CO)C4(C)C)c(O)c(C=O)c(O)c2C=O,0
O=C1CC2(CCC1(C)C2(C)C)CN1c2c(cccc2)C(=O)C1=O,0
O=C([O-])\C=C(\C=C\C=C(\C=C\C=1C(CCCC=1C)(C)C)/C)/C,0
O=C([O-])C(CC\C=C(\CC\C=C(\CCC=1C(CCCC=1C)(C)C)/C)/C)CC(=O)[O-],1
[Se](CC(OC(=O)CCSC1=C(C)C(=O)c2c(cccc2)C1=O)C(=O)NCCCCCC(OCc1ccccc1)=O)C1=C(C)C(=O)c2c(cccc2)C1=O,1
[Se](CC(OC(=O)[C@H](NC(OC(C)(C)C)=O)CO)C(=O)NC(C)(C)C)C1=C(C)C(=O)c2c(cccc2)C1=O,1
[Se](CC(OC(=O)[C@H](NC(OC(C)(C)C)=O)CO)C(=O)NCCCCCC(OCc1ccccc1)=O)C1=C(C)C(=O)c2c(cccc2)C1=O,1
[Se](CC(OC(=O)[C@H](NC(=O)C(C)(C)C)CSSC(C)(C)C)C(=O)NCCCCCC(OCc1ccccc1)=O)C1=C(C)C(=O)c2c(cccc2)C1=O,1
O1[C@H]2[C@@]34[C@@H]([C@@]5([C@@H](C2)C(=CC(=O)[C@H]5O)C)C)[C@](OC3)(O)[C@H](O)[C@@H]([C@@H]4CC1=O)C,1
O1[C@H]2[C@]34[C@@H]([C@@H](O)C1=O)[C@@H](C)[C@@H](O)[C@](OC3)(O)[C@@H]4[C@@]1([C@@H](C2)C(=CC(=O)[C@H]1O)C)C,1
Clc1ccc(-n2nc(C(=O)N3N=C(CC3=O)C)c(O)c2)cc1,1
Clc1cc(N2N=C(C)\C(=C\C=C\c3ccccc3)\C2=O)ccc1,1
Clc1cc(N2N=C(C)\C(=C\c3c4c(ccc3O)cccc4)\C2=O)ccc1,0
FC1(F)CC1C(=O)Nc1cc2c([nH]nc2-c2[nH]c3cc(N4CC(OCC4)C)ccc3n2)cc1,1
SCCC1OC([NH2+]C(CC(=O)[O-])(C)C(=O)NC(C)C(=O)Nc2c(cccc2)C(=O)N1)C[NH3+],1
O1C([C@H]2[C@@H]([C@@]3([C@@H](C[C@@H]2O)[C@]2([C@H](C[C@H]3O)[C@@]3([C@@H](CC2)C(CCC3)(C)C)C)C)C)C1=O)C,0
O1C(c2c(cc(O)c(O)c2O)C1=O)C,0
O1c2cc(OCC#CCC)ccc2C=CC1=O,0
O1[C@H](CO)[C@@H](O)[C@H](O)[C@@H](OC(=O)\C=C\c2ccc(O)cc2)[C@@H]1OCC=1[C@@H]2[C@@H]([C@](O)(CC2)CO)[C@@H](OC=1)OC(=O)C(CC)C,1
Clc1ccc(Cl)cc1NC(=O)NC(CC)(C(F)(F)F)C(F)(F)F,0
s1c2c(nc1NC(=O)NC(CC)(C(F)(F)F)C(F)(F)F)cccc2,0
s1ccnc1NC(=O)NC(CC)(C(F)(F)F)C(F)(F)F,0
O1C2=C(C=3[C@@H](CC[C@](OCC)(C=3)C)C1(C)C)C(=O)C=C(CCCCC)C2=O,0
O1C2=C(c3c(ccc(c3)C)C1(C)C)C(=O)C=C(CCCCC)C2=O,0
S1C[C@H]([NH2+]C1c1ccccc1)C(=O)NCCCCCCCCCCCCCCCCCC,1
P(CCCCCCCCCCCCCCCCCC)CCCCCCCCCCCCCC,1
[PH2+](CCCCCCCCCCCCCCCCCC)CCCCCCCCCCCCCC,1
[P-](F)(F)(F)(C(F)(F)C(F)(F)F)(C(F)(F)C(F)(F)F)C(F)(F)C(F)(F)F,1
[n+]1(ccn(c1)C)CCCCCCCCCCCCCCCCCC,1
S1C[C@H]([NH2+]C1c1ccc(NC(=O)C)cc1)C(=O)NCCCCCCCCCCCCCCCC,1
[n+]1(ccn(c1)C)CCCCCCCCCCCCCCCC,1
O[C@@H]([C@@H]([NH2+]CCCCCCCCCCCCCC)C)c1ccccc1,1
OC[C@H]([NH2+]CCCCCCCCCCCCCC)Cc1ccccc1,1
O[C@H]([C@H]([NH2+]CCCCCCCCCCCCCC)C)c1ccccc1,1
OC[C@@H]([NH2+]CCCCCCCCCCCCCC)[C@H](O)c1ccc([N+](=O)[O-])cc1,1
OC[C@@H]([NH2+]CCCCCCCCCCCCCC)[C@H](O)c1ccccc1,1
O1[C@@H](C)[C@H](O)[C@@H](OC(=O)C)[C@@H](OC(=O)C)[C@@H]1O[C@@H]1[C@@H](OC(=O)C)[C@@H](O[C@@H](O[C@@H]2[C@@H](O)[C@@H](O)[C@@H](O[C@H]2C)OCCCCCCCCCCCC)[C@@H]1O)C,1
O1[C@@H](C)[C@H](OC(=O)C)[C@@H](OC(=O)C)[C@@H](OC(=O)C)[C@@H]1O[C@@H]1[C@@H](O)[C@@H](O[C@@H](O[C@@H]2[C@@H](OC(=O)C)[C@@H](O[C@@H](O[C@@H]3[C@@H](O)[C@@H](O)[C@@H](O[C@H]3C)OCCCCCCCCCCCC)[C@@H]2O)C)[C@@H]1OC(=O)C)C,1
O1[C@@H](C)[C@H](OC(=O)C)[C@@H](O)[C@@H](OC(=O)C)[C@@H]1O[C@@H]1[C@@H](OC(=O)C)[C@@H](O[C@@H](O[C@@H]2[C@@H](O)[C@@H](O)[C@@H](O[C@H]2C)OCCCCCCCCCCCC)[C@@H]1O)C,1
O1[C@@H](C)[C@H](OC(=O)C)[C@@H](O[C@@H]2O[C@@H](C)[C@H](O)[C@@H](O)[C@H]2OC(=O)C)[C@@H](OC(=O)C)[C@@H]1O[C@@H]1[C@@H](OC(=O)C)[C@@H](O[C@@H](O[C@@H]2[C@@H](O)[C@@H](O)[C@@H](O[C@H]2C)OCCCCCCCCCCCC)[C@@H]1O)C,1
O1[C@@H](C)[C@H](OC(=O)C)[C@@H](O[C@@H]2O[C@@H](C)[C@H](OC(=O)C)[C@@H](O)[C@H]2O)[C@@H](OC(=O)C)[C@@H]1O[C@@H]1[C@@H](OC(=O)C)[C@@H](O[C@@H](O[C@@H]2[C@@H](O)[C@@H](O)[C@@H](O[C@H]2C)OCCCCCCCCCCCC)[C@@H]1O)C,1
O1[C@@H](C)[C@H](OC(=O)C)[C@@H](O[C@@H]2O[C@@H](C)[C@H](OC(=O)C)[C@@H](O)[C@H]2OC(=O)C)[C@@H](OC(=O)C)[C@@H]1O[C@@H]1[C@@H](OC(=O)C)[C@@H](O[C@@H](O[C@@H]2[C@@H](O)[C@@H](O)[C@@H](O[C@H]2C)OCCCCCCCCCCCC)[C@@H]1O)C,1
O1[C@@H](C)[C@H](OC(=O)C)[C@@H](O[C@@H]2O[C@@H](C)[C@H](OC(=O)C)[C@@H](OC(=O)C)[C@H]2OC(=O)C)[C@@H](OC(=O)C)[C@@H]1O[C@@H]1[C@@H](OC(=O)C)[C@@H](O[C@@H](O[C@@H]2[C@@H](O)[C@@H](O)[C@@H](O[C@H]2C)OCCCCCCCCCCCC)[C@@H]1O)C,1
[n+]1(ccn(c1)C)CCCCCCCCCCCC,1
O1[C@H](C=C(CCCCCCCCC[NH+]2CCC(CC2)CC[C@H](O)COCCOC[C@@H](O)CCCCCCCCCC)C1=O)C,1
O1[C@H](C=C(CCCCCCCCCCCC[C@H](O)COCCOC[C@@H](O)CCCCCCCCCC)C1=O)C,1
O(CCCCCCCC)c1c2c(nccc2CC)c(NC(CCC[NH2+]C(CCC[NH3+])C)C)cc1OC,0
[N+](CCCCCCCC)(CCCCCCCC)(CCCCCCCC)C,1
O(CCCCC)c1c2c(nccc2CC)c(NC(CCC[NH2+]C(CCC[NH3+])C)C)cc1OC,0
O(CCCCC)c1c2c(nccc2CC)c(NC(CCC[NH2+]C(CCC[NH2+]C(CCC[NH3+])C)C)C)cc1OC,0
O(CCCCC)c1c2c(nccc2CC)c(NC(CCC[NH2+]C(CCC[NH2+]C(CCC[NH2+]C(CCC[NH3+])C)C)C)C)cc1OC,0
s1c2cc(SCCCCC)ccc2nc1NC(OCC)=O,1
S(Oc1cc(cc2OC([C@H]3[C@H](c12)[C@@H](O)C(=CC3)C)(C)C)CCCCC)(=O)(=O)c1ccc(cc1)C,0
S=C1N(c2ccccc2)C(=S)N(C=2N=C(NCCC[NH+](CCCC)CCCC)N(C(=N)C1=2)c1ccccc1)c1ccccc1,1
O=C1c2cc(NC(=O)C[NH2+]CCCC)ccc2-c2c1cc(NC(=O)C[NH2+]CCCC)cc2,1
O1[C@H](C(OCCCC)=O)[C@@H](O)[C@H](O[C@@H]2O[C@H](CO)[C@H](O)[C@H](O)[C@H]2O)[C@@H](O[C@@H]2O[C@H](CO)[C@@H](O)[C@H](O)[C@H]2O)[C@@H]1O[C@H]1CC[C@]2([C@@H](CC[C@@]3([C@@H]2CC=C2[C@@H]4CC(CC[C@@]4(CC[C@]23C)C(=O)[O-])(C)C)C)C1(C)C)C,0
O1[C@H](C(OCCCC)=O)[C@@H](O)[C@H](O)[C@@H](O)[C@@H]1O[C@H]1CC[C@]2([C@@H](CC[C@@]3([C@@H]2CC=C2[C@@H]4CC(CC[C@@]4(CC[C@]23C)C(O[C@@H]2O[C@H](CO)[C@@H](O)[C@H](O)[C@H]2O)=O)(C)C)C)C1(C)C)C,1
O(CCCC)c1c2c(nccc2CC)c(NC(CCC[NH2+]C(CCC[NH3+])C)C)cc1OC,0
O(CCCC)c1c2c(nccc2CC)c(NC(CCC[NH2+]C(CCC[NH2+]C(CCC[NH3+])C)C)C)cc1OC,0
O(CCCC)c1c2c(nccc2CC)c(NC(CCC[NH2+]C(CCC[NH2+]C(CCC[NH2+]C(CCC[NH3+])C)C)C)C)cc1OC,0
O(CCCC)c1ccc(NC(=O)n2nc(N)c3c2cccc3)cc1,0
O(CCCC)c1nc2c(cc1C1Nc3c(cccc3)C(=O)NC1)cccc2,1
Clc1cc(Nc2ncnc3c2cc(cc3)-c2cc(NS(=O)(=O)CCCC)c(OC)nc2)ccc1F,0
S(=O)(=O)(Nc1cc(cnc1OC)-c1cc2c(ncnc2Nc2cc(ccc2)C(OCC)=O)cc1)CCCC,0
s1c2cc(SCCCC)ccc2nc1NC(OCC)=O,1
s1c2cc(SCCCC)ccc2nc1NC(OCCC)=O,1
O1Cc2c(c(c3Oc4c(Oc3c2C)cccc4)CCCC)C1=O,0
s1c2cc(SCCC)ccc2nc1NC(OCCC)=O,1
o1c(cnc1-c1cccnc1)-c1ccc(OCCC)cc1,0
o1c(cnc1-c1cncnc1)-c1ccc(OCCC)cc1,0
Clc1cc2c([nH]cc2C(=O)c2c(F)c(NS(=O)(=O)CCC)ccc2F)nc1,0
s1c2cc(SCCC)ccc2nc1NC(OCC)=O,1
S(CCC)c1[nH]c2c3c(ccc2n1)C(=O)c1c(cccc1)C3=O,0
[As](SCC(O)CO)(CCC)CCC,1
O1c2c(C(=O)C=C1CCC)c(O)c1c(cc(O)cc1OC)c2,0
O1c2c(C(=O)C=C1CCC)c(OC)c1c(c2)c(Oc2c3c(c(OC)c4c(OC(=CC4=O)CCC)c3)c(OC)cc2O)c(O)cc1OC,1
O1c2c(C(=O)C=C1CCC)c(OC)c1c(cc(OC)cc1OC)c2,0
O(C)c1ccccc1C[NH2+]CCCN1C(=O)c2c3c(ccc4c3c(cc2)C(=O)N(CCC)C4=O)C1=O,1
S(SC(=S)N(CC)CC)(=O)(=O)c1ccc(NC(=O)C)cc1,0
S(SC(=S)N(CC)CC)(=O)(=O)c1ccc([N+](=O)[O-])cc1,0
S(SC(=S)N(CC)CC)(=O)(=O)c1ccccc1[N+](=O)[O-],0
[NH+](CCCCNc1c2c([n+](c3c1[nH]c1c3cccc1)C)cccc2)(CC)CC,1
O(C)c1cc(cc(OC)c1)-c1cc2c(nc1NC(=O)NC(C)(C)C)nc(nc2)NCCCC[NH+](CC)CC,0
O(C(=O)C[NH2+]CC[NH+](CC)CC)c1ccc(cc1OC)\C=C\C(=O)CC(=O)\C=C\c1cc(OC)c(OC(=O)C[NH2+]CC[NH+](CC)CC)cc1,0
o1c(cnc1-c1ncc(cc1)C[NH+](CC)CC)-c1ccc(OCC=C(C)C)cc1,1
FC(F)(F)c1[nH+]ccc(Nc2ccc(cc2)CC(=O)N\N=C\c2ccc(N(CC)CC)cc2O)c1,1
FC(F)(F)c1[nH+]ccc(Nc2ccc(cc2)C(=O)N\N=C\c2ccc(N(CC)CC)cc2O)c1,1
FC(F)(F)c1[nH+]ccc(Nc2cc(ccc2)C(=O)N\N=C\c2ccc(N(CC)CC)cc2O)c1,1
FC(F)(F)c1[nH+]ccc(Nc2ccccc2C(=O)N\N=C\c2ccc(N(CC)CC)cc2O)c1,1
O(C)c1c(OC)cc(cc1OC)C1N(N=C(C1)c1ccc(N(CC)CC)cc1)C(=O)C,1
O(C)c1c(OC)cc(cc1OC)C1=NNC(C1)c1ccc(N(CC)CC)cc1,1
S=C1N(CCN1\C=C(/C(=O)c1ccccc1)\C(OCC)=O)C(=O)c1occc1,1
O1[C@H](CO)[C@@H](OC(C)C)[C@@H](OC(C)C)[C@@H]1n1nnc(C(OCC)=O)c1C#CC(OCC)=O,1
O1c2c(cc(cc2)-c2cc(OC)cc(OC)c2)C(CC(OCC)=O)C(C(OCC)=O)=C1N,1
O(C(=O)C(NC(=O)c1ccc(Nc2nc3c(nc2-c2ccccc2)c(N)cc(N)c3)cc1)CCC(OCC)=O)CC,0
O(C(=O)CN(Cc1ccccc1)c1nc(ncc1[N+](=O)[O-])NCCc1ccccc1)CC,0
FC(F)(F)c1[nH+]ccc(Nc2ccccc2C(=O)NCC(OCC)=O)c1,0
[Si](O[C@@H]1[C@H](CC(OCC)=O)[C@H](O[C@H]1n1c2ncnc(NC(=O)Nc3ccccc3)c2nc1)COC(=O)NC)(C(C)(C)C)(C)C,1
s1c2cc(SCC)ccc2nc1NC(OCC)=O,0
O1c2c(OC1)cc1c(c2)[C@H]([C@@H](C(OCC)=O)[C@H](CO)[C@H]1O)c1cc(OC)c(O)c(OC)c1,1
O(c1nc2c(nc1-c1ccccc1)c(N)cc(N)c2)c1ccc(cc1)C(=O)N[C@@H](CCC(=O)[O-])C(OCC)=O,0
S(c1nc2c(nc1-c1ccccc1)c(N)cc(N)c2)c1ccc(cc1)C(=O)N[C@@H](CCC(=O)[O-])C(OCC)=O,1
O1c2c(OC1)cc1c(c2)C(=O)[C@@H](CO)[C@H](C(OCC)=O)[C@@H]1c1cc(OC)c(OC)c(OC)c1,1
S1c2c(N(c3c1cccc3)C(=O)c1n3c(C=CC=C3C)c(c1)C(OCC)=O)cccc2,1
S1c2n(ncn2)C(=O)C1CC(=O)Nc1ccc(cc1)C(OCC)=O,0
Clc1ccc(-n2nc(C(OCC)=O)c(c2)C(=O)c2nn(c(-c3ccccc3)c2C#N)-c2ccccc2)cc1,0
O(C(=O)c1nn(cc1C(=O)c1nn(c(-c2ccccc2)c1C#N)-c1ccccc1)-c1ccccc1)CC,0
O(CC)c1cc(ccc1O)\C=C\C(=O)CC(=O)\C=C\c1cc(OCC)c(O)cc1,0
ClCC[NH+](CC(Oc1ccc(cc1OCC)\C=C\C(=O)CC(=O)\C=C\c1cc(OCC)c(OC(=O)C[NH+](CCCl)CCCl)cc1)=O)CCCl,0
ClCC[NH2+]CC(Oc1ccc(cc1OCC)\C=C\C(=O)CC(=O)\C=C\c1cc(OCC)c(OC(=O)C[NH2+]CCCl)cc1)=O,1
O(C(=O)C[NH2+]CC[NH+](C)C)c1ccc(cc1OCC)\C=C\C(=O)CC(=O)\C=C\c1cc(OCC)c(OC(=O)C[NH2+]CC[NH+](C)C)cc1,0
O(C(=O)C[NH2+]CC[NH+](CC)CC)c1ccc(cc1OCC)\C=C\C(=O)CC(=O)\C=C\c1cc(OCC)c(OC(=O)C[NH2+]CC[NH+](CC)CC)cc1,1
s1c(nnc1NCC(Oc1ccc(cc1OCC)\C=C\C(=O)CC(=O)\C=C\c1cc(OCC)c(OC(=O)CNc2sc(nn2)C)cc1)=O)C,0
Clc1cc(ccc1OCC)C(=O)N1c2c(Sc3c1cccc3)cccc2,1
FC(F)(F)c1[nH+]ccc(Nc2ccc(cc2)CC(=O)N\N=C\c2cccc(OCC)c2O)c1,1
FC(F)(F)c1[nH+]ccc(Nc2ccc(cc2)C(=O)N\N=C\c2cccc(OCC)c2O)c1,1
FC(F)(F)c1[nH+]ccc(Nc2cc(ccc2)C(=O)N\N=C\c2cccc(OCC)c2O)c1,1
FC(F)(F)c1[nH+]ccc(Nc2ccccc2C(=O)N\N=C\c2cccc(OCC)c2O)c1,1
O(C)c1ccc(OC)cc1CC(=O)Nc1[nH+]c(OCC)c(C#N)c(N)c1,0
S(=O)(=O)(Nc1cc(cnc1OC)-c1cc2c(ncnc2Nc2cc(OC)c(cc2)C(OC)=O)cc1)CC,1
Clc1ccc(Nc2ncnc3c2cc(cc3)-c2cc(NS(=O)(=O)CC)c(OC)nc2)cc1C(OC)=O,1
S(=O)(=O)(Nc1cc(cnc1OC)-c1cc2c(ncnc2Nc2cc(C(OC)=O)c(F)cc2)cc1)CC,1
Clc1cc(Nc2ncnc3c2cc(cc3)-c2cc(NS(=O)(=O)CC)c(OC)nc2)ccc1F,1
S(=O)(=O)(Nc1cc(cnc1OC)-c1cc2c(ncnc2Nc2ccc(F)cc2)cc1)CC,1
S(=O)(=O)(Nc1cc(cnc1OC)-c1cc2c(ncnc2Nc2ccc(F)cc2F)cc1)CC,1
S(=O)(=O)(Nc1cc(cnc1OC)-c1cc2c(ncnc2Nc2ccc(F)nc2)cc1)CC,1
S(=O)(=O)(Nc1cc(cnc1OC)-c1cc2c(ncnc2Nc2ccc(OC(F)(F)F)cc2)cc1)CC,1
Clc1cc(Nc2ncnc3c2cc(cc3)-c2cc(NS(=O)(=O)CC)c(OC)nc2)ccc1OC,1
S(=O)(=O)(Nc1cc(cnc1OC)-c1cc2c(ncnc2Nc2cc(OC)c(OC)cc2)cc1)CC,1
S(=O)(=O)(Nc1cc(cnc1OC)-c1cc2c(ncnc2Nc2ccc(OC)cc2)cc1)CC,1
S(=O)(=O)(Nc1cc(cnc1OC)-c1cc2c(ncnc2Nc2ccc(OC)nc2)cc1)CC,1
Clc1cc(Nc2ncnc3c2cc(cc3)-c2cc(NS(=O)(=O)CC)c(OC)nc2)ccc1OCc1ccc(F)cc1,0
S(=O)(=O)(Nc1cc(cnc1OC)-c1cc2c(ncnc2Nc2cc(ccc2)C(OC)=O)cc1)CC,1
S(=O)(=O)(Nc1cc(cnc1OC)-c1cc2c(ncnc2Nc2cc(F)ccc2)cc1)CC,1
Clc1cc(Cl)ccc1\C=N/NC(=O)\C(=C(\SCC)/Nc1ccccc1)\C#N,1
S(\C(\Nc1ccccc1)=C(\C(=O)Nc1ccc(OC)cc1)/C#N)CC,1
S(C[C@H]1O[C@H](C[C@@](O)(C1)c1ccccc1)c1ccc(F)cc1)CC,1
Clc1ccc(cc1)[C@@H]1O[C@@H](C[C@@](O)([C@H]1c1ccccc1)c1ccccc1)CSCC,1
S(C[C@H]1O[C@H]([C@@H]([C@](O)(C1)c1ccccc1)c1ccccc1)c1ccc(F)cc1)CC,1
S(CC)c1[nH]c2c3c(ccc2n1)C(=O)c1c(cccc1)C3=O,1
[As](SCC(O)CO)(CC)CC,1
O1[C@H]2[C@]34[C@@H]([C@@H](OC(=O)[C@@H](CC)C)C1=O)[C@](OC3)(C)[C@@H](O)[C@H](O)[C@@H]4[C@@]1([C@@H](C2)C(=CC(=O)[C@H]1O)C)C,1
O1[C@H]2[C@]34[C@@H]([C@@H](OC(=O)[C@@H](CC)C)C1=O)[C@](OC3)(C)[C@H](O)[C@H](O)[C@@H]4[C@@]1([C@@H](C2)C(=C[C@H](O)[C@H]1O)C)C,1
O=C1C[NH+]2[C@@H](CCC2)C(=O)N[C@@H](C(C)C)C(=O)N2[C@@H](CCC2)C(=O)N[C@@H](CC(C)C)C(=O)N2[C@@H](CCC2)C(=O)N[C@@H]([C@@H](CC)C)C(=O)N[C@H]1Cc1ccccc1,1
O1[C@H]([C@@H](C[C@H](C)[C@H]1[C@@H](CC)C)C)C1=C([O-])C(=CN([O-])C1=O)c1ccccc1,1
O1CC2=C(C=C3N(Cc4c3nc3c(c4)cccc3)C2=O)[C@@](O)(CC)C1=O,1
OC[C@H](NC=1[NH+]=C(n2ncc(c2[NH+]=1)C(C)C)NCc1ccccc1)CC,1
O(C)c1cc2CC[NH+]3[C@@H](C[C@H](C[C@H]4[NH2+]CCc5cc(O)c(OC)cc45)[C@H](C3)CC)c2cc1OC,1
O(C)c1cc2N([C@@H]3[C@@]4([C@H]5[NH+](CC=C[C@@]5(CC)[C@@H](OC(=O)C)[C@]3(O)C(OC)=O)CC4)c2cc1[C@@]1(c2[nH]c3c(c2CC[NH+]2C[C@@](O)(C[C@@H](C1)C2)CC)cccc3)C(OC)=O)C,1
O(C)c1cc2N([C@@H]3[C@@]4([C@H]5[NH+](CC=C[C@@]5(CC)[C@@H](OC(=O)C)[C@]3(O)C(OC)=O)CC4)c2cc1[C@@]1(c2[nH]c3c(c2CC[NH+]2C[C@@](O)(C[C@H](C1)C2)CC)cccc3)C(OC)=O)C=O,1
O1CCOc2c1cc(cc2)-c1c([nH]nc1C)-c1cc(CC)c(O)cc1O,0
S(=O)(=O)(N)c1ccc(N2N=C(C=CC2=O)c2ccc(cc2)CC)cc1,1
S(=O)(=O)(C)c1ccc(N2N=C(CCC2=O)c2ccc(cc2)CC)cc1,1
O=C(N1CCN(CC1)c1ncc(cn1)CC)c1ccc(cc1)CNc1ncnc2c1cccc2,1
FC(F)(F)c1cc2nc([nH]c2cc1)C[NH+]1CCN(CC1)c1ncncc1CC,0
O=C1c2c(ccc3nc([nH]c23)CC)C(=O)c2c1cccc2,1
O(Cc1ccccc1)c1nc(nc2[nH]cnc12)\N=N\N(C(=O)N(\N=N\c1nc(OCc2ccccc2)c2nc[nH]c2n1)C)C,0
O(C(=O)N(\N=N\c1nc(OCc2ccccc2)c2nc[nH]c2n1)C)c1ccc([N+](=O)[O-])cc1,1
O=C(\C=C\N(C)C)c1nn(c(-c2ccccc2)c1C#N)-c1ccccc1,0
[NH2+]=C(N(C)C)NC(=[NH2+])N,0
Clc1cc(Nc2ncnc3c2cc(NC(=O)\C=C\C[NH+](C)C)c(O[C@H]2CCOC2)c3)ccc1F,1
O1[C@H]2[C@@H](CC\C(=C/CC[C@]3(O[C@H]23)C)\COC(=O)c2[nH]c3c(c2)cccc3)C(C[NH+](C)C)C1=O,1
S(CCC[NH+](C)C)c1[nH]c2c3c(ccc2n1)C(=O)c1c(cccc1)C3=O,1
S=C1N(c2ccccc2)C(=S)N(C=2N=C(NCC[NH+](C)C)N(C(=N)C1=2)c1ccccc1)c1ccccc1,1
o1c(cnc1-c1cncnc1)-c1ccc(OCC[NH+](C)C)cc1,0
O(CC[NH+](C)C)c1ccc(cc1)-c1[nH]c(c(n1)-c1ccncc1)-c1cc2c(cc1)/C(=N/O)/CC2,0
S1c2c(N(c3c1cccc3)C(=O)n1cc(c3c1cccc3)C[NH+](C)C)cccc2,1
S(=O)(=O)(N)c1ccc(cc1)\C=C\c1ccc(N(C)C)cc1,1
ClCCCCN(P(OCc1oc([N+](=O)[O-])cc1)(OC[C@H]1O[C@@H](N2C=CC(=NC2=O)N)C(F)(F)[C@@H]1O)=O)C,1
O(CCCN(C)c1ccccc1)c1ccc(O)cc1,1
S=C(N(NC(=O)CC(=O)NN(C(=S)c1ccccc1)C)C)c1ccccc1,1
Clc1ccc(cc1)Cn1cc(c2c1cccc2)C=C1C(=O)N(C)C(=O)N(C)C1=O,0
Fc1ccc(cc1)Cn1cc(c2c1cccc2)C=C1C(=O)N(C)C(=O)N(C)C1=O,0
Brc1ccccc1Cn1cc(c2c1cccc2)\C=C\1/N(C)C(=NC/1=O)N,1
O=C1Nc2c(nc(nc2)NCCc2ccccc2)N(C1)C,0
O=C1Nc2c(nc(nc2)NCc2ccccc2)N(C1)C,0
Clc1ccc(Nc2nc3N(CC(=O)Nc3cn2)C)cc1,0
s1c2c(N(c3n(nnc3-c3ccccc3)C2=O)CCC[NH+]2CC[NH+](CC2)C)c2cccnc12,0
O=C/1Nc2c(cccc2)\C\1=C/1\Nc2c(cccc2)\C\1=N/OCC[NH+]1CC[NH+](CC1)C,1
O=C1Nc2c(nc(nc2)NN2CC[NH+](CC2)C)N(C1)Cc1ccccc1,0
s1c2CCCCCCc2c2c1nc(nc2N1CC[NH+](CC1)C)-c1ccncc1,1
Clc1cccc(Cl)c1\C=C\C=1Oc2c(C(=O)C=1)c(O)cc(O)c2[C@H]1CC[NH+](C[C@H]1O)C,1
[Si](O[C@@H]1[C@H](CC(=O)N(OC)C)[C@H](O[C@H]1n1c2ncnc(NC(=O)Nc3ccccc3)c2nc1)CNC(=O)NC)(C(C)(C)C)(C)C,0
[Si](O[C@H]1[C@@H](O[Si](C(C)(C)C)(C)C)[C@@H](O[C@@H]1CNC(=O)NC)n1c2ncnc(NC(=O)Nc3ccccc3)c2nc1)(C(C)(C)C)(C)C,1
O=C(Nc1ccccc1)NC,0
Clc1ccc(NC(=O)Nc2ccc(Oc3cc(ncc3)C(=O)NC)cc2)cc1C(F)(F)F,1
S(c1ccccc1C(=O)NC)c1cc2[nH]nc(c2cc1)\C=C\c1ncccc1,1
O(C)c1ccccc1C[NH2+]CCCN1C(=O)c2c3c(ccc4c3c(cc2)C(=O)N(CCC[NH2+]CCCC[NH2+]CCC[NH2+]C)C4=O)C1=O,1
O(C)c1ccccc1C[NH2+]CCCN1C(=O)c2c3c(ccc4c3c(cc2)C(=O)N(CCC[NH2+]CCC[NH2+]C)C4=O)C1=O,1
Fc1cc2c3c(CCNC2=O)c([nH]c3c1)-c1ccc(cc1)C[NH2+]C,0
O1[C@H]2n3c4c(c5c(CNC5=O)c5c6c(n(c45)[C@]1(C)[C@H](OC)[C@H]([NH2+]C)C2)cccc6)c1c3cccc1,1
S=C1N(CCN1\C=C(\C(=O)C)/C(OC)=O)C(=O)c1occc1,1
S=C1N(CCN1\C=C(/C#N)\C(OC)=O)C(=O)c1occc1,1
O1[C@]23[C@@H](O[C@H]4OC=C([C@H]([C@@H]24)C=C3)C(OC)=O)\C(=C/c2ccc(O)cc2)\C1=O,1
O1[C@]23[C@]1(C1CC(OC(=O)[C@H](O)[C@@H](NC(OC)=O)c4ccncc4)C2(C)C1(C)C)c1c(cccc1)C(C3)C,0
s1cccc1C(=O)c1cc2[nH]c(nc2cc1)NC(OC)=O,1
o1c(cnc1-c1ncc(cc1)C[NH+]1CCC[C@H]1C(OC)=O)-c1ccc(OCC=C(C)C)cc1,0
O1c2c(OC1)cc1c(c2)[C@H]([C@@H](C(OC)=O)[C@H](CO)[C@H]1O)c1cc(OC)c(O)c(OC)c1,1
O1c2c(OC1)cc1c(c2)[C@H]([C@@H](C(OC)=O)[C@H](CO)[C@H]1O)c1cc(OC)c(OC)c(OC)c1,1
O1[C@H](C(OC)=O)[C@@H](O)[C@H](O[C@@H]2O[C@H](CO)[C@H](O)[C@H](O)[C@H]2O)[C@@H](O)[C@@H]1O[C@H]1CC[C@]2([C@@H](CC[C@@]3([C@@H]2CC=C2[C@@H]4CC(CC[C@@]4(CC[C@]23C)C(=O)[O-])(C)C)C)C1(C)C)C,1
O1c2c(OC1)cc1c(c2)C(=O)[C@@H](CO)[C@H](C(OC)=O)[C@@H]1c1cc(OC)c(OC)c(OC)c1,0
O(C(=O)[C@@]12[C@@H](CC(CC1)(C)C)C1=CC[C@H]3[C@](CC[C@@H]4[C@@]3(CC\C(=N/O)\C4(C)C)C)(C)[C@@]1(CC2)C)C,0
S1\C(=C\C(O\N=C\2/CC[C@]3([C@@H](CC[C@@]4([C@@H]3CC=C3[C@@H]5CC(CC[C@@]5(CC[C@]34C)C(OC)=O)(C)C)C)C/2(C)C)C)=O)\C(=O)[N-]C1=O,0
S=C1NC(=O)C(=Cc2c3c(n(Cc4ccc(cc4)C(OC)=O)c2C)cccc3)C(=O)N1,1
O=C/1N=C(N)N(C)\C\1=C/c1c2c(n(c1)Cc1ccc(cc1)C(OC)=O)cccc2,1
O=C/1NC(=O)N\C\1=C/c1c2c(n(c1)Cc1ccc(cc1)C#N)cc(cc2)C(OC)=O,1
O=C1Nc2c(C=C1c1nc3cc(ccc3n1-c1n[nH]c(c1)C(C)(C)C)C(OC)=O)cccc2,1
Clc1ccc(cc1)-c1nc2cc(ccc2n1-c1n[nH]c(c1)C(C)(C)C)C(OC)=O,1
S(=O)(=O)(Nc1cc(cnc1OC)-c1cc2c(ncnc2Nc2cc(ccc2)C(OC)=O)cc1)c1ccc(F)cc1F,0
O1[C@H](COC(=O)C)[C@@H](O)[C@H](O)[C@@H](O)[C@@H]1O[C@@H]1C[C@@H]2[C@@]([C@H]3CCC=4[C@](CCC=4[C@H](C[C@@H](O)[C@H](O)C(OC)(C)C)C)(C)[C@]13C)(CC[C@@H](OC(=O)C)C2(C)C)C,0
O1[C@H](COC(=O)C)[C@@H](O)[C@H](O)[C@@H](O)[C@@H]1O[C@@H]1C[C@@H]2[C@@]([C@H]3CC[C@H]4[C@](CC[C@]45O[C@H](C[C@@H]5C)[C@H](O)C(OC)(C)C)(C)[C@]13C)(CC[C@@H](OC(=O)C)C2(C)C)C,0
O1[C@@H]2O[C@@]3(OO[C@]24[C@@H](CC[C@H]([C@@H]4CC3)C)[C@@H](C)[C@H]1OC(CO[C@H]1O[C@@H]2O[C@@]3(OO[C@]24[C@@H](CC[C@H]([C@@H]4CC3)C)[C@H]1C)C)COC)C,1
Brc1cc2c([nH]cc2-c2scc(n2)-c2c3cccnc3n(c2)CCOC)cc1,1
s1cc(nc1-c1c2cc(F)ccc2[nH]c1)-c1c2cccnc2n(c1)CCOC,1
s1cc(nc1-c1c2c([nH]c1)cccc2)-c1c2cccnc2n(c1)CCOC,1
s1cc(nc1-c1c2cc(OC)ccc2n(c1)CCOC)-c1c2cccnc2[nH]c1,1
O1c2c(cc(cc2C=O)\C=C\c2cc(OCOC)c(C\C=C(\CCC=C(C)C)/C)c(OC)c2)C[C@H]2[C@]1(CC[C@@H](O)C2(C)C)C,1
O1c2c(cc(cc2CO)\C=C\c2cc(OCOC)c(C\C=C(\CCC=C(C)C)/C)c(OC)c2)C[C@H]2[C@]1(CC[C@@H](O)C2(C)C)C,1
ClCCN(CCCl)c1ccc(cc1)CCCN(OC)C1OC[C@@H](O)[C@@H]1O,0
O1[C@H](C)[C@@H](O)[C@H](O[C@@H]2O[C@H](C)[C@@H](O)[C@H](O)C2)C[C@@H]1Oc1cc2c(c(O)c1C)c(O)c1c(C[C@@H]([C@H](OC)[C@@H](O)C(=O)C)[C@H](O[C@@H]3O[C@H](C)[C@@H](O)[C@H](O[C@@H]4O[C@H](C)[C@@H](O)[C@H](O[C@@H]5O[C@H](C)[C@@H](O)[C@@H](O)C5)C4)C3)C1=O)c2,1
O1[C@H](C)[C@@H](O)[C@H](O[C@@H]2O[C@H](C)[C@@H](O)[C@H](O)C2)C[C@@H]1Oc1cc2c(c(O)c1C)c(O)c1c(C[C@@H]([C@H](OC)C(=O)C(=O)C)[C@H](O[C@@H]3O[C@H](C)[C@@H](O)[C@H](O[C@@H]4O[C@H](C)[C@@H](O)[C@H](O)C4)C3)C1=O)c2,1
O1[C@H](C)[C@@H](O)[C@H](O[C@@H]2O[C@H](C)[C@@H](O)[C@H](O)C2)C[C@@H]1Oc1cc2c(c(O)c1C)c(O)c1c(C[C@@H]([C@H](OC)C(=O)C(=O)C)[C@H](O[C@@H]3O[C@H](C)[C@@H](O)[C@H](O[C@@H]4O[C@H](C)[C@@H](O)[C@H](O[C@@H]5O[C@H](C)[C@@H](O)[C@@H](O)C5)C4)C3)C1=O)c2,1
O1[C@H](C)[C@@H](O)[C@H](O[C@@H]2O[C@H](C)[C@@H](O)[C@H](O)C2)C[C@@H]1Oc1cc2c(c(O)c1C)c(O)c1c(C[C@@H]([C@H](OC)C(=O)[C@@H](O)[C@H](O)C)[C@H](O[C@@H]3O[C@H](C)[C@@H](O)[C@H](O[C@@H]4O[C@H](C)[C@@H](O)[C@H](O[C@@H]5O[C@H](C)[C@@H](O)[C@@H](O)C5)C4)C3)C1=O)c2,1
O1[C@@H](CC(=O)[C@@H](\C=C(/C)\[C@@H](O)[C@@H](OC)C(=O)[C@@H](C[C@@H](\C=C\C=C\C=C(/C)\[C@@H](OC)C[C@H]2O[C@](O)([C@@H](CC2)C)C(=O)C(=O)N2[C@@H](CCCC2)C1=O)C)C)C)[C@@H](C[C@H]1C[C@@H](OC)[C@H](OC(=O)C(CO)(CO)C)CC1)C,1
O1c2cc(O)c3c4c(c5c6c(C(=O)C(OC)=C5C[C@H](O)C)c(O)cc(OC1)c6c24)C(C[C@H](O)C)=C(OC)C3=O,0
O1c2cc(O)c3c4c(c5c6c(C(=O)C(OC)=C5C[C@H](O)C)c(O)cc(OC1)c6c24)C(C[C@H](OC(=O)C)C)=C(OC)C3=O,1
O1c2cc(O)c3c4c(c5c6c(C(=O)C(OC)=C5C[C@H](OC(=O)C)C)c(O)cc(OC1)c6c24)C(C[C@H](OC(=O)C)C)=C(OC)C3=O,1
S1c2c(N(c3c1cccc3)C(=O)c1ccc(F)c(OC)c1F)cccc2,1
O(C)c1c2c(c3nccc4c3c1NC(=O)C4=O)cccc2,0
Clc1cc(ccc1Cl)C(=O)\C=C\c1[nH]nc(c1)-c1cc(OC)c(OC)c(OC)c1,1
Fc1cc(ccc1F)C(=O)\C=C\c1[nH]nc(c1)-c1cc(OC)c(OC)c(OC)c1,1
O(C)c1c(OC)cc(cc1OC)-c1n[nH]c(c1)\C=C\C(=O)c1ccc(N)cc1,1
O1c2cc(ccc2OC1)C(=O)\C=C\c1[nH]nc(c1)-c1cc(OC)c(OC)c(OC)c1,1
s1c2c(nc1NC(=O)C1=Nc3n(nc(c3)-c3ccccc3)C(=C1)c1cc(OC)c(OC)c(OC)c1)cccc2,1
O(C)c1cc([nH]c1\C=C\1/N=C(C)C(C(=O)CCC(Oc2cc3CC[C@H]4[C@@H]5CCC(=O)[C@]5(CC[C@@H]4c3cc2)C)=O)=C/1C)-c1[nH]ccc1,0
s1c2c(nc1-c1cc(OC)c(OCCCCCOc3cc4N=C[C@H]5N(CCC5)C(=O)c4cc3OC)cc1)cccc2,1
s1c2c(nc1-c1cc(OC)c(OCCCCOc3cc4N=C[C@H]5N(CCC5)C(=O)c4cc3OC)cc1)cccc2,1
Clc1ccc(cc1OC)-c1nn(cc1-c1ccncc1)-c1cc(NC(=O)Nc2cc(cc(c2)C(F)(F)F)C(F)(F)F)ccc1,1
Clc1ccc(NC(=O)Nc2cc(-n3nc(c(c3)-c3ccncc3)-c3cc(OC)c(Cl)cc3)ccc2)cc1C(F)(F)F,1
Clc1ccc(cc1OC)-c1nn(cc1-c1ccncc1)-c1cc(NC(=O)Nc2cc(Cl)c(Cl)cc2)ccc1,1
Clc1ccc(cc1OC)-c1nn(cc1-c1ccncc1)-c1cc(NC(=O)Nc2cc(ccc2)C(F)(F)F)ccc1,1
Clc1ccc(cc1C(F)(F)F)C(=O)Nc1cc(-n2nc(c(c2)-c2ccncc2)-c2cc(OC)c(Cl)cc2)ccc1,1
Clc1ccc(cc1OC)-c1nn(cc1-c1ccncc1)-c1cc(NC(=O)c2cc(C(F)(F)F)c(N3CCOCC3)cc2)ccc1,1
Clc1ccc(cc1OC)-c1nn(cc1-c1ccncc1)-c1cc(NC(=O)c2cc(ccc2)C(F)(F)F)ccc1,1
Clc1ccc(cc1OC)-c1nn(cc1-c1ccncc1)-c1cc(NC(=O)c2ccccc2)ccc1,1
O(C)c1c(OC)cc(cc1OC)-c1nncn1-c1ccc(N(C)C)cc1,0
O(C)c1c(OC)cc(cc1OC)-c1nncn1-c1cc2c(n(cc2)C)cc1,1
O1[C@H](COC1(C)C)[C@@H]1O\C(\[C@@H]2OC(O[C@H]12)(C)C)=C(/c1cc(OC)c(OC)c(OC)c1)\c1cc2c(cc1)cccc2,1
O(C)c1c(OC)cc(cc1OC)/C(=C/c1c2c([nH]c1)cccc2)/C#N,1
O(C)c1c(OC)cc(cc1OC)/C(=C/c1n(c2c(c1)cccc2)Cc1ccc(cc1)C#N)/C#N,1
o1c2c(cc1\C=C(/C#N)\c1cc(OC)c(OC)c(OC)c1)cccc2,1
o1cc(c2c1cccc2)\C=C(/C#N)\c1cc(OC)c(OC)c(OC)c1,1
s1c2c(nc1\C=C(/C#N)\c1cc(OC)c(OC)c(OC)c1)cccc2,0
O(C)c1cc(ccc1O)\C=C\C(=O)\C=C(/[O-])\C=C\c1cc(OC)c(O)cc1,0
O(C)c1c(OC)cc(cc1OC)\C=C\C(=O)\C=C\c1c2c([nH]c1)cccc2,1
O(C)c1cc(ccc1O)\C=C\C(=O)CC(=O)\C=C\c1cc(OC)c(O)cc1,0
O(C(=O)CC[NH2+]C12CC3CC(C1)CC(C2)C3)c1ccc(cc1OC)\C=C\C(=O)CC(=O)\C=C\c1cc(OC)c(OC(=O)CC[NH2+]C23CC4CC(C2)CC(C3)C4)cc1,0
ClCC[NH2+]CCC(Oc1ccc(cc1OC)\C=C\C(=O)CC(=O)\C=C\c1cc(OC)c(OC(=O)CC[NH2+]CCCl)cc1)=O,0
s1c(nnc1NCCC(Oc1ccc(cc1OC)\C=C\C(=O)CC(=O)\C=C\c1cc(OC)c(OC(=O)CCNc2sc(nn2)C)cc1)=O)C,1
ClCC(Oc1ccc(cc1OC)\C=C\C(=O)CC(=O)\C=C\c1cc(OC)c(OC(=O)CCl)cc1)=O,1
ClCC[NH+](CC(Oc1ccc(cc1OC)\C=C\C(=O)CC(=O)\C=C\c1cc(OC)c(OC(=O)C[NH+](CCCl)CCCl)cc1)=O)CCCl,1
O(C(=O)C[NH2+]C12CC3CC(C1)CC(C2)C3)c1ccc(cc1OC)\C=C\C(=O)CC(=O)\C=C\c1cc(OC)c(OC(=O)C[NH2+]C23CC4CC(C2)CC(C3)C4)cc1,0
O(C(=O)C[NH2+]CC[NH+](C)C)c1ccc(cc1OC)\C=C\C(=O)CC(=O)\C=C\c1cc(OC)c(OC(=O)C[NH2+]CC[NH+](C)C)cc1,0
S(=O)(=O)(N)c1ccc(NCC(Oc2ccc(cc2OC)\C=C\C(=O)CC(=O)\C=C\c2cc(OC)c(OC(=O)CNc3ccc(S(=O)(=O)N)cc3)cc2)=O)cc1,0
s1c(nnc1NCC(Oc1ccc(cc1OC)\C=C\C(=O)CC(=O)\C=C\c1cc(OC)c(OC(=O)CNc2sc(nn2)C)cc1)=O)C,1
O(C)c1c(OC)cc(cc1OC)C(=O)N1CCN(CC1)C(=O)\C=C\c1cc(OC)c(OCCCOc2cc3N=C[C@H]4N(CCC4)C(=O)c3cc2OC)cc1,1
O(C)c1cc(ccc1O)\C=C\C(=O)[O-],1
O(C\C=C(\CCC=C(C)C)/C)c1ccc(cc1OC)\C=C\C(=O)[O-],1
O(CC=C(C)C)c1ccc(cc1OC)\C=C\C(=O)[O-],0
Fc1cc2c(N(C=C(C(=O)[O-])C2=O)C2CC2)cc1N1CC[NH+](CC1)CC(=O)Nc1ccc(cc1)C(=O)\C=C\c1cc(OC)c(OC)c(OC)c1,1
O(C)c1c(OC)cc(cc1OC)C=1NC(=O)N(C=1)c1cc(ccc1)C(=O)\C=C\c1cc(OC)c(OC)c(OC)c1,1
Clc1ccc(cc1)C=1NC(=O)N(C=1)c1cc(ccc1)C(=O)\C=C\c1cc(OC)c(OC)c(OC)c1,0
Clc1ccc(cc1)C=1NC(=O)N(C=1)c1cc(ccc1)C(=O)\C=C\c1cc(OC)c(O)cc1,1
O(C)c1c(OC)cc(cc1OC)\C=C\C(=O)c1cc(N2C=C(NC2=O)c2ccccc2)ccc1,1
O(C)c1cc(ccc1O)\C=C\C(=O)c1cc(N2C=C(NC2=O)c2ccccc2)ccc1,1
O(CCCOc1cc2N=C[C@H]3N(CCC3)C(=O)c2cc1OC)c1ccc(cc1OC)\C=C\C(=O)c1ccccc1O,1
O(CC=C(C)C)c1ccc(cc1OC)\C=C\C=O,1
Fc1cc(cc2c1O[C@]1([C@H](C2)C(C)(C)[C@H](O)CC1)C)\C=C\c1cc(OC)c(C\C=C(\CCC=C(C)C)/C)c(O)c1,1
O1c2c(cc(cc2OC)\C=C\c2cc(O)c(C\C=C(\CCC=C(C)C)/C)c(O)c2)C[C@H]2[C@]1(C[C@@H](O)[C@@H](O)C2(C)C)C,0
O1c2c(cc(cc2OC)\C=C\c2cc(O)c(CC=C(C)C)c(O)c2)C[C@H]2[C@]1(C[C@@H](O)[C@@H](O)C2(C)C)C,1
O1c2c(cc(cc2OC)\C=C\c2cc(O)c(CCC(C)C)c(O)c2)C[C@H]2[C@]1(CC[C@@H](O)C2(C)C)C,1
O1c2c(cc(cc2OC)\C=C\c2cc(O)c3c([nH]cc3C\C=C(\CCC=C(C)C)/C)c2)C[C@H]2[C@]1(CC[C@@H](O)C2(C)C)C,1
O1c2c(cc(cc2OC)\C=C\c2cc(O)c3c([nH]cc3CC=C(C)C)c2)C[C@H]2[C@]1(CC[C@@H](O)C2(C)C)C,1
O1c2c(cc(cc2O)\C=C\c2cc(OC)c(C\C=C(\CCC=C(C)C)/C)c(O)c2)C[C@H]2[C@]1(CC[C@@H](O)C2(C)C)C,1
O1c2c(cc(cc2O)\C=C\c2cc(OC)c3c([nH]cc3CC=C(C)C)c2)C[C@H]2[C@]1(CC[C@@H](O)C2(C)C)C,1
O1c2c(cc(cc2O)\C=C\c2cc(OC)c3c(n(cc3)C)c2)C[C@H]2[C@]1(CC[C@@H](O)C2(C)C)C,1
O1c2c(cc(cc2OC)\C=C\c2cc(O)c3cc([nH]c3c2)CC=C(C)C)C[C@H]2[C@]1(CC[C@@H](O)C2(C)C)C,1
O1c2c(cc(cc2OC)\C=C\c2cc(O)c3c([nH]cc3)c2)C[C@H]2[C@]1(CC[C@@H](O)C2(C)C)C,1
O1c2c(cc(cc2OC)\C=C\c2cc(O)c3c(n(cc3)C)c2)C[C@H]2[C@]1(CC[C@@H](O)C2(C)C)C,1
O1c2c(cc(cc2OC)\C=C\c2cc(OC)c3c([nH]cc3C\C=C(\CCC=C(C)C)/C)c2)C[C@H]2[C@]1(CC[C@@H](O)C2(C)C)C,1
O1c2c(cc(cc2OC)\C=C\c2cc(OC)c3c([nH]cc3CC=C(C)C)c2)C[C@H]2[C@]1(CC[C@@H](O)C2(C)C)C,1
O1c2c(cc(cc2OC)\C=C\c2cc(OC)c3c([nH]cc3)c2)C[C@H]2[C@]1(CC[C@@H](O)C2(C)C)C,1
O1c2c(cc(cc2OC)\C=C\c2cc(OC)c3c(n(cc3)C)c2)C[C@H]2[C@]1(CC[C@@H](O)C2(C)C)C,1
O1c2c(cc(cc2OC)\C=C\c2cc(OC)c(C\C=C(\CCC=C(C)C)/C)c(O)c2)C[C@H]2[C@]1(CC[C@@H](O)C2(C)C)C,1
S(C)c1cc(cc2c1O[C@]1([C@H](C2)C(C)(C)[C@H](O)CC1)C)\C=C\c1cc(OC)c(C\C=C(\CCC=C(C)C)/C)c(O)c1,0
S(=O)(=O)(N)c1ccc(cc1)\C=C\c1cc(OC)cc(OC)c1,0
O1c2c(cc(cc2)\C=C\c2cc(OC)c(C\C=C(\CCC=C(C)C)/C)c(O)c2)C[C@H]2[C@]1(CC[C@@H](O)C2(C)C)C,1
S(C)C=1NC(=O)C2=C(N=1)NC\1=C(C[NH+](C/C/1=C\c1cc(OC)c(OC)c(OC)c1)C)C2c1cc(OC)c(OC)c(OC)c1,1
O(C)c1cc(ccc1OC)\C=C/c1cc(OC)cc(OC)c1,1
Clc1ccc(Nc2nc(ccc2C(=O)N\N=C\c2cc(OC)c(OC)c(OC)c2)C(F)(F)F)cc1,1
O(C)c1c(OC)cc(cc1OC)-c1n[nH]c(c1)\C=C\C(=O)c1cc(OC)c(OC)c(OC)c1,1
O1c2cc(ccc2OC1)-c1n[nH]c(c1)\C=C\C(=O)c1cc(OC)c(OC)c(OC)c1,1
Clc1cc2[nH+]ccc(Nc3cc(ccc3)\C=C\C(=O)c3cc(OC)c(OC)c(OC)c3)c2cc1,1
S=C1N(CCN1C(=O)c1cc(OC)c(OC)c(OC)c1)C(=O)c1cc(OC)c(OC)c(OC)c1,0
S=C1N(CCN1C=O)C(=O)c1cc(OC)c(OC)c(OC)c1,0
O(C)c1cc(cc2c1[nH]c1c2cccc1)C(=O)[O-],0
o1c2c(ccc(OC)c2O)c(C(=O)c2cc(OC)c(OC)c(OC)c2)c1C,1
Fc1cc(OC)c(cc1OC)C(=O)c1cc(OC)c(OC)c(OC)c1,1
O(C)c1cc(cc(c1)C)-c1n(ncc1-c1cc(ncc1)-c1ccc(cc1)C(=O)C)CC#N,1
O(C)c1cc(cc(c1)C)-c1n(ncc1-c1cc(ncc1)-c1ccc(N(C)C)cc1)CC#N,1
O(C)c1cc(cc(c1)C)-c1nn(cc1-c1ccc(nc1)-c1cc(ccc1)C(=O)C)CC#N,1
O(C)c1cc(cc(c1)C)-c1nn(cc1-c1cc(ncc1)-c1ccc(N(C)C)cc1)CC#N,1
O(C)c1c(OC)cc(cc1OC)C1N(N=C(C1)c1cc(OC)c(O)cc1)C(=O)C,1
O(C)c1c(OC)cc(cc1OC)C1=NNC(C1)c1ccc(N(C)C)cc1,1
O(C)c1c(OC)cc(cc1OC)C1N(N=C(C1)c1ccc(N(C)C)cc1)C(=O)C,1
Clc1cc2[nH+]ccc(Nc3ccc(cc3)C3=NN(C=O)C(C3)c3cc(OC)c(OC)c(OC)c3)c2cc1,1
Clc1cc2[nH+]ccc(Nc3cc(ccc3)C3=NN(C=O)C(C3)c3cc(OC)c(OC)c(OC)c3)c2cc1,1
O(C)c1c(OC)cc(cc1OC)C1N(N=C(C1)c1cc(O)ccc1)C(=O)C,1
O1N=C(CC1c1cc(OC)c(OC)c(OC)c1)c1cc(OC)c(OCCCCCOc2ccc(cc2OC)C2NC(=O)c3c(N2)cccc3)c(OC)c1,1
O(C)c1c(OC)cc(cc1OC)CC1Cc2c(nc(nc2N)N)CC1,0
O1c2c(cc(cc2OC)CCc2cc(O)c(C\C=C(\CC\C=C(\CO)/C)/C)c(O)c2)C[C@H]2[C@]1(CC[C@@H](O)C2(C)C)C,1
O(C)c1c(OC)c(cc(OC)c1OC)CCc1c2c(nc(nc2C)N)n(c1)Cc1ccccc1,1
O(C)c1cc(cc(OC)c1)CNc1nc2c(nc1-c1ccccc1)c(N)cc(N)c2,1
O(C)c1c(OC)cc(cc1OC)CNc1nc2c(nc1-c1ccccc1)c(N)cc(N)c2,1
o1nc(-c2nc3c(n2Cc2cc(OC)c(cc2)C)cccc3)c(n1)N,1
Ic1cc(F)c(Nc2c(NS(=O)(=O)C3(CC3)CC(O)CO)c(OC)cc(F)c2F)cc1,0
S(=O)(=O)(C(C)C)c1ccccc1Nc1cc([nH+]c2[nH]ccc12)Nc1ccc(N2CCC(O)CC2)cc1OC,1
S(=O)(=O)(C(C)C)c1ccccc1Nc1nc(nc2[nH]ccc12)Nc1ccc(N2CCC(O)CC2)cc1OC,1
O1CCN(CC1)c1cc(OC)c(Nc2nc(NC3CCCCC3)c3cc[nH]c3n2)cc1,1
S(=O)(=O)(C(C)C)c1ccccc1Nc1nc(nc2[nH]ccc12)Nc1ccc(N2CCOCC2)cc1OC,1
O(C)c1cc(NC(CCC[NH2+]C(CCC[NH3+])C)C)c2nc(ccc2c1)C(C)(C)C,0
O(C)c1cc(NC(CCC[NH2+]C(CCC[NH3+])C)C)c2ncccc2c1,0
O(C)c1cc(NC(CCC[NH2+]C(CCC[NH2+]C(CCC[NH3+])C)C)C)c2nc(ccc2c1)C(C)(C)C,0
O(C)c1cc(NC(CCC[NH2+]C(CCC[NH2+]C(CCC[NH3+])C)C)C)c2ncccc2c1,0
O(C)c1cc(NC(CCC[NH2+]C(CCC[NH2+]C(CCC[NH2+]C(CCC[NH3+])C)C)C)C)c2nc(ccc2c1)C(C)(C)C,0
O(C)c1cc(NC(CCC[NH2+]C(CCC[NH2+]C(CCC[NH2+]C(CCC[NH3+])C)C)C)C)c2ncccc2c1,0
Clc1cc(Cl)c(OC)cc1Nc1c2cc(OC)c(OCCC[NH+]3CC[NH+](CC3)C)cc2[nH+]cc1C#N,1
O(C)c1cc(Nc2nc3c(nc2-c2ccccc2)c(N)cc(N)c3)cc(OC)c1,1
O(C)c1c(OC)cc(Nc2nc3c(nc2-c2ccccc2)c(N)cc(N)c3)cc1OC,0
O(C)c1c(OC)cc(Nc2nc3N(CC(=O)Nc3cn2)C)cc1OC,0
O(C)c1c(OC)cc(Nc2nc3N(CC(=O)Nc3cn2)Cc2ccccc2)cc1OC,0
O(C)c1cc(cc(O)c1)C=1Nc2c(cc(N3CCCC3)cc2)C(=O)C=1,1
O1c2c(C(=O)C=C1C)c(O)c1c(cc(O)cc1OC)c2,0
O1c2c(C(=O)C=C1C)c(OC)c1c(cc(O)cc1OC)c2,0
O(C)c1cc(OC)cc(OC)c1\C=C\C(=O)\C=C\c1c2c([nH]c1)cccc2,0
FC(F)(F)c1ccc(cc1)Cn1cc(c2c1cccc2)\C=C\C(=O)\C=C\c1cc(OC)c(OC)cc1OC,0
Fc1ccc(cc1)Cn1cc(c2c1cccc2)\C=C\C(=O)\C=C\c1cc(OC)c(OC)cc1OC,0
O(C)c1cc(OC)c(OC)cc1\C=C\C(=O)\C=C\c1c2c(n(c1)Cc1ccccc1)cccc2,0
s1c(ccc1-c1cc(F)c(cc1)C(=[NH2+])N)-c1cc(OC)cc(OC)c1,1
s1c(ccc1-c1ccc(cc1)C(=[NH2+])N)-c1cc(OC)cc(OC)c1,1
O(C)c1cc(cc(OC)c1)/C(=C/c1c2c([nH]c1)cccc2)/C#N,1
s1c2c(nc1\C=C(/C#N)\c1cc(OC)cc(OC)c1)cccc2,1
O1CC=2Nc3c(ccc(OC)c3)C(C=2C1=O)c1cc(OC)cc(OC)c1,1
O(c1nc2c(nc1-c1ccccc1)c(N)cc(N)c2)c1cc(OC)cc(OC)c1,1
O(C)c1c(OC)cc(cc1OC)[C@H]1[C@@H]2[C@H](c3c([nH]c4c3cccc4)C1)C(=O)N(c1ccccc1)C2=O,0
O1C[C@H]2[C@@H]([C@@H](c3c(cc4OCOc4c3)[C@H]2NC(=O)C[NH+]2CC[NH+](CC2)CCCCCCCCCC[NH+]2CC[NH+](CC2)CC(=O)N[C@H]2[C@@H]3[C@@H]([C@@H](c4c2cc2OCOc2c4)c2cc(OC)c(O)c(OC)c2)C(OC3)=O)c2cc(OC)c(O)c(OC)c2)C1=O,1
O1C[C@H]2[C@@H]([C@@H](c3c(cc4OCOc4c3)[C@H]2NC(=O)C[NH+]2CC[NH+](CC2)CCCCCC[NH+]2CC[NH+](CC2)CC(=O)N[C@H]2[C@@H]3[C@@H]([C@@H](c4c2cc2OCOc2c4)c2cc(OC)c(O)c(OC)c2)C(OC3)=O)c2cc(OC)c(O)c(OC)c2)C1=O,1
O1C[C@H]2[C@@H]([C@@H](c3c(cc4OCOc4c3)[C@H]2O[C@@H]2O[C@H]3[C@@H](O[C@@H](OC3)C)[C@H](O)[C@H]2O)c2cc(OC)c(O)c(OC)c2)C1=O,1
O1C[C@H]2[C@@H]([C@@H](c3c(cc4OCOc4c3)[C@@H]2O)c2cc(OC)c(OC)c(OC)c2)C1=O,1
O1CC=2Nc3c(cc4OCOc4c3)[C@H](C=2C1=O)c1cc(OC)c2OCOc2c1,1
O1c2c(OC1)cc1c(c3N(CC[NH+](C)C)C(=O)c4cc(OC)c(OC)cc4-c3cc1)c2,1
O1CC[NH+](CC1)CCCOc1cc2ncnc(Nc3ccc(NC(=O)c4ccccc4)cc3)c2cc1OC,0
O(C)c1c(N)c2c(cc1OC)C\C(=C\c1cc(C)c(O)c(c1)C)\C2=O,1
O1Cc2c(-c3c(C1)cc1OCOc1c3)c(OC)c(OC)c(OC)c2,1
O(C)C1=CC=C2c3c(cc(OC)c(OC)c3OC)CC[C@H](NC(=O)C)C2=CC1=O,1
o1nc(C)c(-c2cc3[nH]c4nc(nc(c4c3cc2OC)-c2c3c(ncc2)cccc3)C)c1C,1
O1c2cc(ccc2OC1)-c1n[nH]c(c1)\C=C\1/Cc2c(cc(OC)c(OC)c2)C/1=O,1
O1[C@H]2c3cc(OC)c(OC)cc3[C@H]([C@@H](C1)[C@@H]2CO)c1cc(OC)c(OC)c(OC)c1,1
O(CCCC#Cc1ccccc1C#Cc1ccccc1)c1cc2N=C[C@H]3N(CCC3)C(=O)c2cc1OC,1
s1c2c(nc1-c1ccc(NC(=O)CCCCOc3cc4N=C[C@H]5N(CCC5)C(=O)c4cc3OC)cc1)cccc2,1
s1c2c(nc1-c1ccc(OCCCCCOc3cc4N=C[C@H]5N(CCC5)C(=O)c4cc3OC)cc1)cccc2,1
O(CCCCCOc1ccc(N2C(=Nc3c(cccc3)C2=O)C)cc1)c1cc2N=C[C@H]3N(CCC3)C(=O)c2cc1OC,1
s1c2c(nc1-c1ccc(OCCCCOc3cc4N=C[C@H]5N(CCC5)C(=O)c4cc3OC)cc1)cccc2,1
s1cccc1-c1nc2c(n1CCCCOc1cc3N=C[C@H]4N(CCC4)C(=O)c3cc1OC)cccc2,1
FC1(F)C[C@@H]2N(C1)C(=O)c1cc(OC)c(OCCC[NH+]3CC[NH+](CC3)CCCOc3cc4N=C[C@H]5N(CC(F)(F)C5)C(=O)c4cc3OC)cc1N=C2,1
FC1(F)C[C@@H]2N(C1)C(=O)c1cc(OC)c(OCCCOc3cc4N=C[C@H]5N(CC(F)(F)C5)C(=O)c4cc3OC)cc1N=C2,1
O(CCCOc1ccc(cc1)-c1c2c(c3c(c1)cccc3)cccc2)c1cc2N=C[C@H]3N(CCC3)C(=O)c2cc1OC,1
O(C)c1cc2c(cc1OC)c1cc(OC)c(OC)cc1cc2-c1[nH]c2c(n1)cc(cc2C)C,1
Fc1cc2[nH]c(nc2cc1)-c1c2cc(OC)c(OC)cc2c2cc(OC)c(OC)cc2c1,0
S1c2c(N(c3c1cccc3)C(=O)c1[nH]c3cc(OC)c(OC)cc3c1)cccc2,1
O(C)c1cc2c(cc1OC)c1cc(OC)c(OC)cc1cc2Cn1nnc(c1)CN1C(=O)c2c(ccc(c2)C)C1=O,1
O(C)c1cc2c(cc1OC)c1cc(OC)c(OC)cc1cc2Cn1nnc(c1)CN1C(=O)c2c3c(cccc3ccc2)C1=O,1
O(C)c1cc2c(cc1OC)c1cc(OC)c(OC)cc1cc2Cn1nnc(c1)CO,1
O(Cc1nnn(c1)Cc1c2cc(OC)c(OC)cc2c2cc(OC)c(OC)cc2c1)c1c(cc(cc1C)C)C,0
O(C)c1cc2c(cc1OC)c1cc(OC)c(OC)cc1cc2Cn1nnc(c1)COc1ccc(OCc2ccccc2)cc1,0
O1c2cc(OCc3nnn(c3)Cc3c4cc(OC)c(OC)cc4c4cc(OC)c(OC)cc4c3)ccc2OC1,0
FC(F)(F)c1cc(cc(NC(=O)Nc2ccc(Oc3cc4cc(OC)c(OC)cc4nc3C)cc2)c1)C(F)(F)F,1
Clc1ccc(NC(=O)Nc2ccc(Oc3cc4cc(OC)c(OC)cc4nc3C)cc2)cc1C(F)(F)F,1
Clc1cc(NC(=O)Nc2ccc(Oc3cc4cc(OC)c(OC)cc4nc3C)cc2)ccc1Cl,1
FC(F)(F)c1cc(NC(=O)Nc2ccc(Oc3cc4cc(OC)c(OC)cc4nc3C)cc2)ccc1,1
Clc1cc(Nc2ncnc3c2cc(OCCC[NH+]2CCOCC2)c(OC)c3)ccc1F,1
FC(F)(F)c1cc(NC(=O)Nc2c3c(cccc3)c(Oc3ncnc4c3cc(OC)c(OC)c4)cc2)ccc1C[NH+]1CCOCC1,1
O(C)c1cc2c(nnc3c4cccnc4[nH]c23)cc1OC,1
O(C)c1cc2-c3n(N=Nc2cc1OC)c1ncccc1c3N=O,1
o1nc(c(-c2ccc(OC)cc2)c1N)-c1cc(OC)c(OC)c(OC)c1,1
o1nc(c(-c2ccc(OC)cc2)c1N)-c1cc(OC)c2OCCOc2c1,1
o1nc(c(-c2ccc(OC)cc2)c1N)-c1cc(OC)c2OCOc2c1,1
o1nc(c(-c2ccc(OC)cc2)c1N)-c1cc2OCOc2c(OC)c1OC,1
O(C)c1ccc(cc1)-c1c(-c2[nH]c3cc(C)c(cc3n2)C)c(ncc1C#N)N,0
O(C)c1c(OC)cc(cc1OC)C(=O)\C=C\c1[nH]nc(c1)-c1cc(OC)c(OC)cc1,1
O(C)c1ccc(cc1)-c1n[nH]c(c1)\C=C\C(=O)c1ccc(N)cc1,1
O(C)c1cc(ccc1OC)-c1n[nH]c(c1)\C=C\C(=O)c1ccc(N)cc1,1
O(C)c1cc(ccc1OC)C(=O)\C=C\c1[nH]nc(c1)-c1ccc(OC)cc1,1
O1c2cc(ccc2OC1)C(=O)\C=C\c1[nH]nc(c1)-c1cc(OC)c(OC)cc1,1
s1c(ccc1-c1ccc(OC)cc1)-c1cc(F)c(cc1)C(=[NH2+])N,1
s1c(ccc1-c1ccc(OC)cc1)-c1ccc(cc1)C(=[NH2+])N,1
O1C[C@@H](N(CC1)c1nc(nc2nc(ccc12)-c1cc(CO)c(OC)cc1)N1CCOC[C@@H]1C)C,1
O(C)c1c(OC)cc(cc1OC)\C=C\C(=O)c1cc(N2C=C(NC2=O)c2ccc(OC)cc2)ccc1,1
O(C)c1cc(ccc1O)\C=C\C(=O)c1cc(N2C=C(NC2=O)c2ccc(OC)cc2)ccc1,1
o1c(cnc1-c1ccc(nc1)N1CCCC1)-c1ccc(OC)cc1,0
o1c(cnc1-c1cn[nH]c1C)-c1ccc(OC)cc1,0
O1c2c(OC1)cc(-n1nncc1-c1ccc(OC)cc1)cc2OC,1
S\1C=C(N(/C/1=N/NC(=O)c1ccc(O)cc1)c1ccc(OC)cc1OC)c1ccc(OC)cc1,0
Clc1ccc(cc1)C=1Sc2nc(nn2C=1)-c1ccc(OC)cc1,0
S1c2nc(cn2N=C1c1ccc(OC)cc1)-c1ccc(O)cc1O,1
S1c2nc(cn2N=C1c1ccc(OC)cc1)-c1cc(N)ccc1,1
O1c2c(OC1)cc(cc2OC)-c1[nH]nnc1-c1ccc(OC)cc1,1
O1c2c(OC1)c(OC)cc(-c1[nH]nnc1-c1ccc(OC)cc1)c2OC,1
S(CC(=O)Nc1ccc(cc1)/C(=N/O)/C)c1nnc(n1-c1ccccc1)-c1cc(OC)c(OC)cc1,0
o1nc(c(-c2cc(OC)c3OCOc3c2)c1N)-c1ccc(OC)cc1,1
o1nc(c(c1)-c1cc(OC)c(OC)c(OC)c1)-c1ccc(OC)cc1,1
o1nc(N)c(c1-c1ccc(OC)cc1)-c1cc(OC)c2OCOc2c1,1
O(C)c1c(OC)cc(cc1OC)-c1nncn1-c1ccc(OC)cc1,1
Fc1cc(-n2cnnc2-c2cc(OC)c(OC)c(OC)c2)ccc1OC,1
O(C)c1c(OC)cc(cc1OC)-c1nncn1-c1cc(O)c(OC)cc1,1
O(C)c1ccc(-n2nc(c3c2N(C)C2(CC4C5(N(c6n(nc(c6C(C(C5)C34C)C)C)-c3ccc(OC)cc3)C)C2)C)C)cc1,1
O1[C@H](COC1(C)C)[C@@H]1O\C(\[C@@H]2OC(O[C@H]12)(C)C)=C(/c1cc(OC)c(OC)c(OC)c1)\c1cc(O)c(OC)cc1,1
O(C)c1cc(ccc1OC)/C(=C/c1c2c([nH]c1)cccc2)/C#N,1
O(C)c1cc(ccc1OC)/C(=C/c1[nH]c2c(c1)cccc2)/C#N,1
o1c2c(cc1\C=C(/C#N)\c1cc(OC)c(OC)cc1)cccc2,1
O(C)c1c(OC)cc(cc1OC)/C(=C\c1cc(O)c(OC)cc1)/C(=O)C,1
O(C)c1c(OC)cc(cc1OC)/C(=C/c1cc(O)c(OC)cc1)/C(O)C,1
O(C)c1ccc(cc1)\C=C\C(=O)\C=C\c1c2c([nH]c1)cccc2,0
O(C)c1cc(ccc1OC)\C=C\C(=O)\C=C\c1c2c([nH]c1)cccc2,1
Clc1ccc(cc1)Cn1cc(c2c1cccc2)\C=C\C(=O)\C=C\c1ccc(OC)cc1,0
Fc1ccc(cc1)Cn1cc(c2c1cccc2)\C=C\C(=O)\C=C\c1cc(OC)c(OC)cc1,0
FC(F)(F)Oc1ccc(cc1)Cn1cc(c2c1cccc2)\C=C\C(=O)\C=C\c1cc(OC)c(OC)cc1,0
Fc1cc(ccc1)Cn1cc(c2c1cccc2)\C=C\C(=O)\C=C\c1ccc(OC)cc1,0
O(C)c1ccc(cc1)\C=C\C(=O)\C=C\c1c2c(n(c1)Cc1ccccc1)cccc2,0
OB(O)c1cc(ccc1OC)\C=C\C(=O)c1cc(OC)c(OC)c(OC)c1,1
s1c2cc(ccc2nc1NC(=O)COc1cc(ccc1OC)\C=C\C(=O)c1cc(OC)c(OC)c(OC)c1)C(F)(F)F,0
s1c2cc(F)ccc2nc1NC(=O)COc1cc(ccc1OC)\C=C\C(=O)c1cc(OC)c(OC)c(OC)c1,1
s1c2cc(OC(F)(F)F)ccc2nc1NC(=O)COc1cc(ccc1OC)\C=C\C(=O)c1cc(OC)c(OC)c(OC)c1,1
s1c2c(nc1NC(=O)COc1cc(ccc1OC)\C=C\C(=O)c1cc(OC)c(OC)c(OC)c1)cccc2,1
O(C)c1cc(cc(OC)c1)\C=C\c1ccc(OC)cc1,0
O(C)c1c(OC)cc(cc1OC)\C=C/c1cc(O)c(OC)cc1,1
s1c2cc(NC(=O)COc3cc(ccc3OC)\C=C/c3cc(OC)c(OC)c(OC)c3)ccc2nc1C,1
s1c2cc(ccc2nc1NC(=O)COc1cc(ccc1OC)\C=C/c1cc(OC)c(OC)c(OC)c1)C(F)(F)F,1
s1c2cc(F)ccc2nc1NC(=O)COc1cc(ccc1OC)\C=C/c1cc(OC)c(OC)c(OC)c1,0
s1c2cc(OC(F)(F)F)ccc2nc1NC(=O)COc1cc(ccc1OC)\C=C/c1cc(OC)c(OC)c(OC)c1,0
s1c2c(nc1NC(=O)COc1cc(ccc1OC)\C=C/c1cc(OC)c(OC)c(OC)c1)cccc2,1
S1C(C[NH+]2CC[NH+](CC2)C)C(=O)N(NS(=O)(=O)C=2C(=O)N3C(=NC=2\N=C\c2ccc(OC)cc2)NN=C3C)C1c1ccc(OC)cc1,0
S1C(C[NH+]2CC[NH+](CC2)C)C(=O)N(NS(=O)(=O)C=2C(=O)N3C(=NC=2\N=C\c2ccc(OC)cc2)NN=C3C)C1c1sccc1,0
S1C(C[NH+]2CCOCC2)C(=O)N(NS(=O)(=O)C=2C(=O)N3C(=NC=2\N=C\c2ccc(OC)cc2)NN=C3C)C1c1sccc1,0
O(C)c1c(OC)cc(cc1OC)-c1n[nH]c(c1)\C=C\C(=O)c1ccc(OC)cc1,1
O(C)c1c(OC)cc(cc1OC)-c1n[nH]c(c1)\C=C\C(=O)c1cc(OC)c(OC)cc1,1
O(C)c1cc(ccc1OC)-c1n[nH]c(c1)\C=C\C(=O)c1cc(OC)c(OC)cc1,1
O1c2cc(ccc2OC1)-c1n[nH]c(c1)\C=C\C(=O)c1cc(OC)c(OC)cc1,1
O(C)c1ccc(cc1)C(=O)\C=C\C1=Cc2c(NC1=O)cccc2,1
O(C)c1c(OC)cc(cc1OC)\C=C\c1ccc(cc1)\C=C\C(=O)c1ccc(OC)cc1,1
Clc1cc2[nH+]ccc(Nc3cc(ccc3)\C=C\C(=O)c3ccc(OC)cc3)c2cc1,1
FC(F)(F)c1[nH+]ccc(Nc2cc(ccc2OC)C(=O)N\N=C\c2ccc(O)cc2O)c1,1
O1c2cc(ccc2N(c2c1cccc2)C(=O)c1ccc(OC)cc1)C#N,1
O1c2cc(ccc2N(c2c1cccc2)C(=O)c1cc(O)c(OC)cc1)C#N,1
Clc1cc2N(c3c(Oc2cc1)cccc3)C(=O)c1ccc(OC)cc1,1
Clc1cc2N(c3c(Oc2cc1)cccc3)C(=O)c1cc(O)c(OC)cc1,1
O1c2c(N(c3c1cccc3)C(=O)c1ccc(OC)cc1)cccc2,1
S1c2c(N(c3c1cccc3)C(=O)c1cc(F)c(OC)cc1)cccc2,1
S1c2c(N(c3c1cccc3)C(=O)c1cc(N)c(OC)cc1)cccc2,1
O1C[C@@H](O)[C@H](O)[C@@H](OC(=O)c2ccc(OC)cc2)[C@@H]1O[C@@H]1[C@@H](OC(=O)C)[C@@H](OC[C@@H]1O)O[C@H]1C[C@H]2[C@H]3[C@H](CC[C@]2(C)[C@@]1(O)[C@@H](C(=O)CCC(C)C)C)[C@@]1(C(C[C@@H](O)CC1)=CC3)C,1
Fc1c(OC)c(F)c(F)cc1C(=O)c1ccc(OC)c(N)c1OC,0
Fc1c(OC)c(F)c(F)cc1C(=O)c1cc(O)c(OC)cc1,1
O1CC23C(Cc4c(cc(OC)c(OC)c4)C12c1cc(OC)c(OC)cc1)C3CO,1
O1CC23C4C2COC4c2c(cc(OC)c(OC)c2)C13c1cc(OC)c(OC)cc1,1
Clc1cc2[nH+]ccc(Nc3cc(ccc3)C3N(N=C(C3)c3ccc(OC)cc3)C=O)c2cc1,1
O1N=C(CC1c1cc(OC)c(OC)c(OC)c1)c1cc(OCCCCOc2cc3N=C[C@H]4N(CCC4)C(=O)c3cc2OC)c(OC)cc1,1
Clc1ccc(cc1)[C@H]1N(C(=O)N2CC(=O)NCC2)C(=N[C@H]1c1ccc(Cl)cc1)c1ccc(OC)cc1OC(C)C,0
Clc1cc(C2=NN(C(C2)c2ccc(OC)c(OC)c2OC)c2ccc(S(=O)(=O)N)cc2)c(O)cc1C,1
Clc1cc(C2=NN(C(C2)c2cc(OC)c(OC)cc2)c2ccc(S(=O)(=O)N)cc2)c(O)cc1C,1
O(C)c1c(OC)cc(cc1OC)C1=NNC(C1)c1ccc(OC)cc1,1
O1N=C(CC1c1cc(OCCCCOc2cc3N=C[C@H]4N(CCC4)C(=O)c3cc2OC)c(OC)cc1)c1cc(OC)c(OC)c(OC)c1,1
Clc1cc2[nH+]ccc(Nc3ccc(cc3)C3=NN(C=O)C(C3)c3ccc(OC)cc3)c2cc1,0
Brc1cc\2c(NC(=O)/C/2=C\2/SC(=NC/2=O)N2N=C(CC2c2ccc(OC)cc2)c2cc3c(cc2)cccc3)cc1,1
Clc1cc2[nH+]ccc(Nc3cc(ccc3)C3=NN(C=O)C(C3)c3ccc(OC)cc3)c2cc1,1
O(C)c1cc(ccc1OC)C1N(N=C(C1)c1[nH]c2c(n1)cccc2)c1ccccc1,0
O(C)c1cc(ccc1OC)CC1Cc2c(nc(nc2N)N)CC1,1
O1CC(Cc2ccc(OC)cc2)C(=O)c2c1cc(cc2)C,0
O1CC(Cc2ccc(OC)cc2OC)C(=O)c2c1cccc2,0
O1c2c(CC[C@]1(CC\C=C(\CC\C=C(\CCC=C(C)C)/C)/C)C)c1C[NH+](COc1cc2C)CCc1cc(OC)c(OC)cc1,1
O(C)c1cc(ccc1OC)CCNC1=CC2=NCCc3c2c([nH]c3)C1=O,1
Clc1cc2c(N(Cc3ccc(OC)cc3)C(=O)C2(O)C2N(C)C(NC2=O)=N)cc1,1
O(C)c1ccc(cc1)CN1c2c(cccc2)C(O)(C2N(C)C(NC2=O)=N)C1=O,1
O(C)c1ccc(cc1)CNc1nc2c(nc1-c1ccccc1)c(N)cc(N)c2,1
O(C)c1cc(ccc1OC)CNc1nc2c(nc1-c1ccccc1)c(N)cc(N)c2,0
O(C)c1ccc(cc1)Cn1cc(c2c1cccc2)C=C1C(=O)N(C)C(=O)N(C)C1=O,1
O(C)c1c(OC)cc(cc1OC)CCc1c2c(nc(nc2C)N)n(c1)Cc1ccc(OC)cc1,1
O(C)c1ccc(N(C)c2nc(nc3c2n(cc3Cc2ccccc2)C)C)cc1,1
O(C)c1ccc(N(C)c2nc(nc3CC(Cc23)C)C)cc1,1
O(C)c1ccc(N(C)c2nc(nc3NC(Cc23)C)C)cc1,1
O(C)c1ccc(N(C)c2nc(nc3c2CCC3)C)cc1,1
O(C)c1ccc(N(C)c2nc(nc3[nH]c4c(c23)cccc4)N)cc1,1
s1c2CCCCCCc2c2c1nc(nc2N1CCN(CC1)c1ccc(OC)cc1)-c1ncccc1,1
Clc1cc(\C=C\2/S\C(\NC/2=O)=N\c2sc3cc(ccc3n2)C)c(OCC(=O)Nc2ccc(OC)cc2)cc1,1
Clc1cc(\C=C\2/SC(=S)N(Nc3sc4c(n3)cccc4)C/2=O)c(OCC(=O)Nc2ccc(OC)cc2)cc1,1
O(CCCOc1ccccc1NC(=O)Nc1ccc(OC)cc1)c1ccccc1NC(=O)Nc1ccc(OC)cc1,1
O(C)c1cc(NC(=O)n2nc(N)c3c2cccc3)ccc1OC,0
O(C)c1ccc(Nc2nc3c(nc2-c2ccccc2)c(N)cc(N)c3)cc1,0
O(C)c1cc(Nc2nc3c(nc2-c2ccccc2)c(N)cc(N)c3)ccc1OC,0
Clc1cc2SC=3N(c2cc1)C(=N)C(C#N)=C(N=3)Nc1ccc(OC)cc1,1
O(C)c1ccc(Nc2nc3NCC(=O)Nc3cn2)cc1,0
Clc1ccc(cc1)-c1nc(sc1)NC(=O)CSc1nc(C)c(n1Nc1ccc(OC)cc1)C,1
O(C)c1ccc(OC)cc1\C=C\C(=O)\C=C\c1c2c([nH]c1)cccc2,1
Fc1ccc(cc1)Cn1cc(c2c1cccc2)\C=C\C(=O)\C=C\c1cc(OC)ccc1OC,0
Clc1ccc(cc1)\C=N\NC(=O)\C=C\c1cc(OC)ccc1OC,1
O(C)c1ccc(OC)cc1\C=C\C(=O)N\N=C\c1ccccc1,1
Clc1ccc(-n2c(nnc2S)\C=C\c2cc(OC)ccc2OC)cc1,1
O(C)c1ccc(OC)cc1CC1Cc2c(nc(nc2N)N)CC1,1
O(c1nc2c(nc1-c1ccccc1)c(N)cc(N)c2)c1ccc(OC)cc1,0
O(C)c1c(OC)cc(cc1OC)[C@H]1[C@@H](N(N=C1C)C(=O)C)c1cc(O)c(OC)cc1,1
s1c(ccc1-c1[nH]c2c(c1)cc(OC)cc2)-c1c2cc(OC)ccc2[nH]c1,0
Fc1cc(ccc1)C=1Nc2c(c(O)c(OC)cc2)C(=O)C=1,1
O(C)c1c(OC)cc(cc1OC)/C(=C/c1c2cc(OC)ccc2[nH]c1)/C#N,1
O(C)c1cc2c([nH]cc2CCNC(=O)C)cc1,0
O(C)c1cc2[nH]c(CC=C(C)C)c(c2cc1)C[C@@H]1NC(=O)[C@H]2N(CCC2)C1=O,0
O(C)c1cc2[nH]c(CC=C(C)C)c(c2cc1)C[C@H]1NC(=O)[C@H]2N(CCC2)C1=O,1
O1CC=2Nc3c(cc(OC)cc3)C(C=2C1=O)c1cc(OC)c2OCOc2c1,1
O(C)c1cc2CCCN(c2cc1)c1nc(nc2c1[nH]cc2Cc1ccccc1)C,1
O1Cc2c(-c3c(cc(OC)cc3)C1)c(OC)c(OC)c(OC)c2,1
O(C)c1cc2NC(=O)CN(c2cc1)c1nc(nc2c1cccc2)C,1
O1CC=2Nc3c(ccc(OC)c3)C(C=2C1=O)c1cc(OC)c2OCOc2c1,1
O1CC=2Oc3c(ccc(OC)c3)C(C=2C1=O)c1cc(OC)c(OC)c(OC)c1,1
O1CC=2Oc3c(ccc(OC)c3)C(C=2C1=O)c1cc(OC)c2OCCOc2c1,1
O1CC=2Oc3c(ccc(OC)c3)C(C=2C1=O)c1cc(OC)c2OCOc2c1,1
O1CC(Cc2ccc(O)cc2)C(=O)c2c1cc(OC)cc2,0
O1CC(Cc2cc(O)c(OC)cc2)C(=O)c2c1cc(OC)cc2,0
O(C)c1cc2NC(=O)c3n(-c2cc1)cc1c3cccc1,1
S(Oc1ccc2c([nH]c3cc(OC)ccc23)c1C)(=O)(=O)c1c2c(ccc1)c(N(C)C)ccc2,1
O(C)c1cc2c(-n3c4c(C2=O)c(NCCC[NH+]2CC[NH+](CC2)CCCN2C(=O)c5cc([N+](=O)[O-])cc6c5c(ccc6)C2=O)ccc4nc3)cc1,1
O(C)c1cc2nnc3c4cccnc4[nH]c3c2cc1,1
O(C)c1cc2N=Nn3c(-c2cc1)c(N=O)c1cccnc13,1
O1Cc2c(-c3c(cc(OC)c(OC)c3OC)C1)ccc(OC)c2O,1
P(Oc1c2c(-c3c(cc(OC)c(OC)c3OC)COC2)ccc1OC)(=O)([O-])[O-],1
Clc1cc2[nH]c(nc2cc1)-c1c2cc(OC)c(OC)cc2c2cc(OC)ccc2c1,0
Fc1cc2[nH]c(nc2cc1)-c1c2cc(OC)c(OC)cc2c2cc(OC)ccc2c1,0
O(C)c1cc2c(cc1OC)c1cc(OC)ccc1cc2-c1[nH]c2c(n1)cccc2,0
Brc1cc2[nH]c(nc2nc1)-c1c2cc(OC)c(OC)cc2c2cc(OC)ccc2c1,1
S1C(=Cc2c(c(OC)c(OC)cc2)C1=O)C(=O)Nc1cc(ccc1)C(F)(F)F,1
S(=O)(=O)(N1N=C(CC1c1ccccc1)c1c2OC(=O)C=Cc2ccc1OC)c1ccc(cc1)C,1
Clc1ccc(S(=O)(=O)N2N=C(CC2c2ccccc2)c2c3OC(=O)C=Cc3ccc2OC)cc1,1
S(=O)(=O)(N1N=C(CC1c1ccc(cc1)C)c1c2OC(=O)C=Cc2ccc1OC)c1ccccc1,1
O(C)c1cc2c(cc1OC)c1cc(OC)c(OC)cc1cc2-c1[nH]c2cc(OC)ccc2n1,0
s1c2cc(OC)ccc2nc1NC(=O)COc1cc(ccc1OC)\C=C\C(=O)c1cc(OC)c(OC)c(OC)c1,1
s1c2cc(OC)ccc2nc1NC(=O)COc1cc(ccc1OC)\C=C/c1cc(OC)c(OC)c(OC)c1,0
s1c2cc(OC)ccc2nc1NCC(Oc1ccc(cc1OC)\C=C\C(=O)CC(=O)\C=C\c1cc(OC)c(OC(=O)CNc2sc3cc(OC)ccc3n2)cc1)=O,0
s1c2cc(OC)ccc2nc1NCCC(Oc1ccc(cc1OC)\C=C\C(=O)CC(=O)\C=C\c1cc(OC)c(OC(=O)CCNc2sc3cc(OC)ccc3n2)cc1)=O,0
S(=O)(=O)(N)c1ccc(cc1)\C=C\c1cc(OC)ccc1,1
FC(F)(F)c1[nH+]ccc(Nc2ccccc2C(=O)N\N=C\c2cccc(OC)c2O)c1,1
O(C)c1cc(ccc1)CNc1nc2N(CC(=O)Nc2cn1)Cc1ccccc1,0
o1nc(-c2nc3c(n2Cc2cc(OC)ccc2)cccc3)c(n1)N,1
O(C)c1cc(Nc2nc3N(CC(=O)Nc3cn2)Cc2ccccc2)ccc1,0
FC(F)(F)c1[nH+]ccc(Nc2ccccc2C(Oc2cc(OC)ccc2)=O)c1,1
Brc1ccc(cc1)-c1nc2SC=C(n2c1)CC(=O)N\N=C\c1c(OC)cccc1OC,0
O1[C@@H](C)[C@@H](O)[C@@H]([NH3+])C[C@@H]1O[C@@H]1c2c(C[C@](O)(C1)C(=O)CO)c(O)c1c(C(=O)c3c(cccc3OC)C1=O)c2O,1
S(CC(=O)NCc1ccccc1OC)C=1N2N=C(c3ccccc3)C(=O)N=C2c2c(N=1)cccc2,1
O(C)c1ccccc1C[NH2+]CCCN1C(=O)c2c3c(ccc4c3c(cc2)C(=O)N(CCCC[NH2+]CCC[NH3+])C4=O)C1=O,1
O(C)c1ccccc1C[NH2+]CCCN1C(=O)c2c3c(ccc4c3c(cc2)C(=O)N(CCC[NH3+])C4=O)C1=O,1
O(C)c1ccccc1C[NH2+]CCCN1C(=O)c2c3c(ccc4c3c(cc2)C(=O)N(CCC[NH2+]CCCC[NH3+])C4=O)C1=O,1
O(C)c1ccccc1C[NH2+]CCCN1C(=O)c2c3c(ccc4c3c(cc2)C(=O)N(CCC[NH2+]CCCC[NH2+]CCC[NH3+])C4=O)C1=O,1
O(C)c1ccccc1C[NH2+]CCCN1C(=O)c2c3c(ccc4c3c(cc2)C(=O)N(CCC[NH2+]CCC[NH3+])C4=O)C1=O,1
O(C)c1ccccc1C[NH2+]CCCN1C(=O)c2c3c(ccc4c3c(cc2)C(=O)N(CCC[NH2+]CC[NH2+]CCC[NH3+])C4=O)C1=O,1
O(C)c1ccccc1C[NH2+]CCCN1C(=O)c2c3c(ccc4c3c(cc2)C(=O)N(CCCOCCCCOCCC[NH3+])C4=O)C1=O,1
O(C)c1ccccc1NC(=O)n1nc(N)c2c1cccc2,0
S(=O)(=O)(C(C)C)c1ccccc1Nc1nc(nc2[nH]ccc12)Nc1ccccc1OC,1
S(=O)(=O)(Nc1cc2CN(C)C(=O)Nc2cc1)c1ccccc1OC,0
O(C)c1c2c([nH]cc2-c2nc(ncc2)N)ncc1,1
O(C)C1=CN2C(=CC1=O)C(=O)c1c2c(ncc1)CC(C)C,1
O(C)C1=CN2C(=CC1=O)C(=O)c1c2c(ncc1)Cc1ccccc1,1
s1c2c(nc(nc2N2CCOCC2)-c2c3c([nH]nc3)ccc2)cc1C[NH+]1CCN(S(=O)(=O)C)CC1,0
Clc1ccc(NC(=O)c2ccc(S(=O)(=O)C)cc2Cl)cc1-c1ncccc1,0
ClCCCn1c2N=C(SC)N3CC(=O)N=C3c2c(C)c1-c1ccccc1,1
S(C)C=1N2C(=NC(=O)CC2C)c2c(n(CCC[NH+]3CCCCC3)c(-c3ccccc3)c2C)N=1,1
S(C)C=1NC(=O)C=2NC3=C(C(NC=2N=1)c1ccc(F)cc1)C(=O)c1c3cccc1,1
S(C)C=1NC(=O)C=2NC3=C(C(NC=2N=1)c1ccccc1)C(=O)c1c3cccc1,1
Clc1cc2SC=3N(c2cc1)C(=N)C(C#N)=C(SC)N=3,0
[As](SCC(OC(=O)C(Cl)c1ccccc1)COC(=O)C(Cl)c1ccccc1)(C)C,1
[As](SCC(O)CO)(C)C,1
O1[C@@H]2O[C@@]3(OO[C@]24[C@@H](CC[C@H]([C@@H]4CC3)C)[C@@H](C)[C@H]1OC[C@@H](O[C@H]1O[C@@H]2O[C@@]3(OO[C@]24[C@@H](CC[C@H]([C@@H]4CC3)C)[C@H]1C)C)C)C,1
O=C(N[C@@H]([C@@H](O)c1ccccc1)C)CCCCCCCCCCCCCCC[n+]1ccccc1,1
O=C(N[C@@H]([C@H](O)c1ccc([N+](=O)[O-])cc1)C)CCCCCCCCCCCCCCC[n+]1ccccc1,1
O1[C@@H]2CC[C@@H]3C[C@@H](C=C([C@]23O)C1=O)C,0
O1[C@@H]2O[C@@]3(OO[C@]24[C@@H](CC[C@H]([C@@H]4CC3)C)[C@@H](C)[C@H]1OCC(O)CO[C@H]1O[C@@H]2O[C@@]3(OO[C@@]24[C@@H](CC3)[C@@H](CC[C@H]4C1)C)C)C,1
O1[C@@H]2O[C@@]3(OO[C@]24[C@@H](CC[C@H]([C@@H]4CC3)C)[C@@H](C)[C@H]1OC\C=C/CO[C@H]1O[C@@H]2O[C@@]3(OO[C@]24[C@@H](CC[C@H]([C@@H]4CC3)C)[C@H]1C)C)C,1
O1[C@@H]2O[C@@]3(OO[C@]24[C@@H](CC[C@H]([C@@H]4CC3)C)[C@@H](C)[C@H]1OCC(=O)CO[C@H]1O[C@@H]2O[C@@]3(OO[C@]24[C@@H](CC[C@H]([C@@H]4CC3)C)[C@H]1C)C)C,1
O1[C@@H]2O[C@@]3(OO[C@]24[C@@H](CC[C@H]([C@@H]4CC3)C)[C@@H](C)[C@H]1OCC(OC(=O)CCC(=O)[O-])CO[C@H]1O[C@@H]2O[C@@]3(OO[C@]24[C@@H](CC[C@H]([C@@H]4CC3)C)[C@H]1C)C)C,1
O1[C@@H]2O[C@@]3(OO[C@]24[C@@H](CC[C@H]([C@@H]4CC3)C)[C@@H](C)[C@H]1OCC(O)CO[C@H]1O[C@@H]2O[C@@]3(OO[C@]24[C@@H](CC[C@H]([C@@H]4CC3)C)[C@H]1C)C)C,1
O1[C@@H]2O[C@@]3(OO[C@]24[C@@H](CC[C@H]([C@@H]4CC3)C)[C@@H](C)[C@@H]1OCCCCO[C@H]1O[C@@H]2O[C@@]3(OO[C@]24[C@@H](CC[C@H]([C@@H]4CC3)C)[C@H]1C)C)C,1
O1[C@@H]2O[C@@]3(OO[C@]24[C@@H](CC[C@H]([C@@H]4CC3)C)[C@@H](C)[C@H]1OCCCO[C@H]1O[C@@H]2O[C@@]3(OO[C@]24[C@@H](CC[C@H]([C@@H]4CC3)C)[C@H]1C)C)C,1
O1[C@@H]2O[C@@]3(OO[C@]24[C@@H](CC[C@H]([C@@H]4CC3)C)[C@@H](C)[C@@H]1OCCO[C@H]1O[C@@H]2O[C@@]3(OO[C@]24[C@@H](CC[C@H]([C@@H]4CC3)C)[C@H]1C)C)C,1
O1[C@@H]2O[C@@]3(OO[C@]24[C@@H](CC[C@H]([C@@H]4CC3)C)[C@@H](C)[C@H]1OCCO[C@H]1O[C@@H]2O[C@@]3(OO[C@]24[C@@H](CC[C@H]([C@@H]4CC3)C)[C@H]1C)C)C,0
O1[C@@H]2O[C@@]3(OO[C@]24[C@@H](CC[C@H]([C@@H]4CC3)C)[C@@H](C)[C@H]1OCC[C@H](O[C@H]1O[C@@H]2O[C@@]3(OO[C@]24[C@@H](CC[C@H]([C@@H]4CC3)C)[C@H]1C)C)CO[C@H]1O[C@@H]2O[C@@]3(OO[C@]24[C@@H](CC[C@H]([C@@H]4CC3)C)[C@H]1C)C)C,1
O1[C@@H]2O[C@@]3(OO[C@]24[C@@H](CC[C@H]([C@@H]4CC3)C)[C@@H](C)[C@H]1OCC[C@H](O)CO[C@H]1O[C@@H]2O[C@@]3(OO[C@]24[C@@H](CC[C@H]([C@@H]4CC3)C)[C@H]1C)C)C,1
O1[C@@H](CO[C@H]2O[C@@H]3O[C@@]4(OO[C@]35[C@@H](CC[C@H]([C@@H]5CC4)C)[C@H]2C)C)[C@H]1CO[C@H]1O[C@@H]2O[C@@]3(OO[C@]24[C@@H](CC[C@H]([C@@H]4CC3)C)[C@H]1C)C,1
O1[C@@H]2O[C@]3(OO[C@]24[C@@H](CC[C@H]([C@@H]4CC3)C)[C@@H](C)[C@@H]1O[C@H]1O[C@@H]2O[C@]3(OO[C@]24[C@@H](CC[C@H]([C@@H]4CC3)C)[C@H]1C)C)C,1
O1[C@@H]2O[C@@]3(OO[C@]24[C@@H](CC[C@H]([C@@H]4CC3)C)[C@@H](C)[C@H]1OC1CCC(O[C@H]2O[C@@H]3O[C@@]4(OO[C@]35[C@@H](CC[C@H]([C@@H]5CC4)C)[C@H]2C)C)CC1)C,1
O1[C@@H]2O[C@]3(OO[C@]24[C@@H](CC[C@H]([C@@H]4CC3)C)[C@@H](C)[C@@H]1O[C@@H]1O[C@@H]2O[C@]3(OO[C@]24[C@@H](CC[C@H]([C@@H]4CC3)C)[C@H]1C)C)C,1
Brc1ccc(cc1)C=1N[C@@H](C)C(=O)c2n3c(nc2N=1)C=CC=C3,1
O[C@@H]1CC[C@H]([NH2+][C@H]1C)CCCCCCCCCCC=1C[NH+]2[C@@H](CCC2)[C@@H](C=1)CCCCCCCCCC[C@H]1[NH2+][C@@H](C)[C@H](O)CC1,1
O[C@H]1CC[C@H]([NH2+][C@@H]1C)CCCCCCCCCCc1cc(c[n+]2c1CCC2)CCCCCCCCCC[C@H]1[NH2+][C@@H](C)[C@H](O)CC1,0
O[C@@H]1CC[C@H]([NH2+][C@H]1C)CCCCCCCCCCc1cc(c[n+]2c1CCC2)CCCCCCCCCC[C@@H]1[NH2+][C@H](C)[C@H](O)CC1,0
O1[C@@H](C)[C@H](C)[C@H](O)[C@H](\C=C\C=C\C=C\C=C\C=C\C=C\C=C\[C@H](O[C@@H]2O[C@H](C)[C@@H](O)[C@H]([NH3+])[C@@H]2O)C[C@@H]2O[C@@](O)(C[C@H](O)[C@H]2C(=O)[O-])C[C@@H](O)C[C@@H](O)[C@H](O)CC[C@@H](O)C[C@@H](O)CC1=O)C,1
O1CC(=CC1=O)[C@H]1CC[C@]2(O)[C@H]3[C@H](CC[C@]12C)[C@@]1([C@@H](C[C@@H](O[C@@H]2O[C@@H](C)[C@H](O)CC2)CC1)CC3)C,1
O1[C@@]2(OC[C@@]34[C@H](CC=C3[C@H]3[C@H](CC4=O)[C@@]4([C@H](Cc5nc6C[C@]7([C@H](Cc6nc5C4)CC[C@@H]4[C@@H]7C[C@@H](O)[C@]5(C4=C[C@@H]4O[C@]6(O[C@@](C[C@H]6O)(CO)C)[C@@H](C)[C@@]45O)C)C)CC3)C)[C@@H]2C)[C@H](O)CC1(C)C,1
O1CC=2C(=CC1=O)[C@@]1(C3[C@H](OC(=O)[C@]3(CC=C1)C)C=2)C,0
O1CC=2C(=CC1=O)[C@@]1(C3[C@H](OC(=O)[C@@]3(C)[C@@H](O)C=C1)C=2)C,1
O1CC=2C(=CC1=O)[C@@]1(C3[C@H](OC(=O)[C@]3(C[C@@H](O)C1)C)C=2)C,0
O1C[C@@]23O[C@@H]2[C@H]2OC(=O)[C@@]4(C2[C@](C[C@H](O)C4)(C3=CC1=O)C)C,0
O=C(N[C@H]([C@H](O)c1ccccc1)C)CCCCCCCCCCCCCCC[n+]1ccccc1,1
O[C@@H]1CC[C@@H]([NH2+][C@@H]1C)CCCCCCCCCCC=1C[NH+]2[C@@H](CCC2)[C@@H](C=1)CCCCCCCCCC[C@@H]1[NH2+][C@H](C)[C@H](O)CC1,1
O[C@@H]1CC[C@@H]([NH2+][C@@H]1C)CCCCCCCCCCC=1C[NH+]2[C@@H](CCC2)[C@@H](C=1)CCCCCCCCCC[C@H]1[NH2+][C@H](C)[C@@H](O)CC1,1
O1C[C@]2(O)[C@H](CC1=O)[C@@]1([C@@H](C=C2)[C@](CCC1)(C(=O)[O-])C)C,0
O=C(N)c1c2[nH]c(nc2ccc1)[C@@]1([NH2+]CCC1)C,0
O1C[C@@]23O[C@@H]2[C@H]2OC(=O)[C@@]4(C2[C@@](C3=CC1=O)(C=C[C@@H]4O)C)C,0
Brc1cc(S(=O)(=O)N[C@H]2CC[C@H]3[C@H]4[C@H](CC[C@]23C)c2c(CC4)c([N+](=O)[O-])c(O)cc2)ccc1,1
S(=O)(=O)(N[C@H]1CC[C@H]2[C@H]3[C@H](CC[C@]12C)c1c(CC3)c([N+](=O)[O-])c(O)cc1)c1cc(ccc1)C(F)(F)F,1
Brc1cc(S(=O)(=O)N[C@H]2CC[C@H]3[C@H]4[C@H](CC[C@]23C)c2c(cc(O)cc2)CC4)ccc1,1
S(=O)(=O)(N[C@H]1CC[C@H]2[C@H]3[C@H](CC[C@]12C)c1c(cc(O)cc1)CC3)c1cc(ccc1)C(F)(F)F,1
O1[C@H]2n3c4c(c5c(CNC5=O)c5c6c(n(c45)[C@]1(C)[C@](O)(C2)CO)cccc6)c1c3cccc1,1
[NH2+]1CCC(Nc2c3c([n+](c4c2[nH]c2c4cccc2)C)cccc3)CC1,1
[n+]1(c2c([nH]c3c2cccc3)c(Nc2ccc(N3CCCCC3)cc2)c2c1cccc2)C,1
S(c1c2c([nH]c1C)N=C(NC2=O)N)c1cc(F)c(cc1)C(=O)N[C@@H](CCC(=O)[O-])C(=O)[O-],1
s1c2N=C(N(\N=C\3/SC=C(N/3Cc3ccccc3)c3ccccc3)C(=O)c2c(C)c1C(=O)N)C,1
S=C1NC(=O)C(=Cc2c3c(n(Cc4ccc(cc4)C#N)c2C)cccc3)C(=O)N1,1
S=C1NC(=O)C(=Cc2c3c(n(Cc4ccccc4)c2C)cccc3)C(=O)N1,1
Clc1cc2c(nc3c(c2C)C(=O)CC(C3)C(F)(F)F)cc1,0
Clc1ccc(-n2nc(C(=O)n3nc-4c(CCc5c-4cccc5)c3C)c(O)c2)cc1,1
s1c2cc(O)ccc2nc1-c1cc(C)c(N)cc1,0
s1c2c(nc1-c1cc(C)c(N)cc1)cccc2,0
Oc1c(cc(cc1C)\C=C\1/CCc2c([nH]c3c2cccc3)C/1=O)C,1
Oc1c(cc(cc1C)\C=C\1/CCc2c(n(c3c2cccc3)C)C/1=O)C,1
S1CC(=O)N(C1c1ccccc1)c1cc2NC(=O)C=C(c2cc1)C,0
S1CC(=O)N(C1c1sccc1)c1cc2NC(=O)C=C(c2cc1)C,0
Clc1ccc(N2N=C(N(CCOc3cc4OC(=O)C=C(c4cc3)C)C2=O)C)cc1,1
Clc1ccc(-n2nc(C(=O)n3nc(cc3C)C)c(O)c2)cc1,1
Clc1cccc(Cl)c1\C=N\NC(=O)c1ccc(nc1Nc1ccc(Cl)cc1C)C(F)(F)F,1
Clc1cc(C2=NN(C(C2)\C=C\c2ccccc2)c2ccc(S(=O)(=O)N)cc2)c(O)cc1C,1
Clc1c(C)c(C2=NN(C(C2)c2ccc(Cl)cc2)c2ccc(S(=O)(=O)N)cc2)c(O)cc1C,0
Clc1c(C)c(C2=NN(C(C2)c2ccc(N(C)C)cc2)c2ccc(S(=O)(=O)N)cc2)c(O)cc1C,1
Clc1ccccc1C1N(N=C(C1)c1cc(Cl)c(cc1O)C)c1ccc(S(=O)(=O)N)cc1,1
Clc1cc(C2=NN(C(C2)c2ccccc2O)c2ccc(S(=O)(=O)N)cc2)c(O)cc1C,1
Oc1cc(cc(c1)C)-c1nn(cc1-c1cc(ncc1)-c1ccc(N(C)C)cc1)CC#N,1
O(c1ccc(cc1)-c1nccc(c1)-c1cn(nc1-c1cc(cc(O)c1)C)CC#N)c1ccccc1,1
S(=O)(=O)(C)c1ccc(N2N=C(CCC2=O)c2ccc(O)cc2C)cc1,1
Clc1cc(SCc2ccc(cc2)C(F)(F)F)c(S(=O)(=O)NC(NCc2ccc(S(=O)(=O)N)cc2)=N)cc1C,1
Clc1cc(SCc2ccc(cc2)C(F)(F)F)c(S(=O)(=O)NC(Nc2ccc(S(=O)(=O)N)cc2)=N)cc1C,1
Clc1cc(S)c(S(=O)(=O)NC2=Nc3c(cccc3)C(=O)N2Cc2occc2)cc1C,0
O1CCN(CC1)C=1N=C2N(C=C(C=C2[C@H](Nc2ccccc2C(=O)[O-])C)C)C(=O)C=1,1
O=C1Nc2cc(C)c(cc2-n2c1c1c(cccc1)c2)C,0
Clc1ccc(cc1)-c1c(-c2[nH]c3cc(C)c(cc3n2)C)c(ncc1C#N)N,0
[se]1c(ccc1C)C=1Nc2c(cc3OCOc3c2)C(=O)C=1,1
S\1C=C(N(/C/1=N/NC(=O)c1ccc(O)cc1)c1c(cccc1C)C)c1ccc(cc1)C,0
Clc1cc2c(N=C(N(\N=C\c3ccccc3)C2=O)c2ccc(cc2)C)cc1,0
O=C(c1cn(nc1C(=O)c1nn(c(-c2ccccc2)c1C#N)-c1ccccc1)-c1ccc(cc1)C)c1nn(c(-c2ccccc2)c1C#N)-c1ccccc1,1
O1CC[NH+](CC1)CCOc1c2c(cccc2)c(NC(=O)Nc2n(nc(c2)C(C)(C)C)-c2ccc(cc2)C)cc1,0
ClCC(=O)Nc1ccc2c(c1NC(=O)c1ccc(cc1)C)C(=O)c1c(cccc1)C2=O,1
Clc1ccc(NC(=O)c2cc(NC(=O)C3(CC3)c3ncnc(NCC4CC[NH+](CC4)C)c3)c(cc2)C)cc1C(F)(F)F,1
S(=O)(=O)(N(C)c1ccc(NC(=O)c2cc3OCOc3cc2)cc1OCc1cc(ccc1C)C)C,1
Clc1ccc(cc1)C1=NOC=2C(SC=C3C=2C=CC=C3)=C1c1ccc(cc1)C,1
S(=O)(=O)(C)c1ccc(N2N=C(CCC2=O)c2ccc(cc2)C)cc1,1
Oc1ccc(cc1C1NN=C(C1)c1ccc(cc1)C)Cc1cc(C2NN=C(C2)c2ccc(cc2)C)c(O)cc1,1
Clc1cc2[nH+]ccc(Nc3ccc(cc3)C3=NN(C=O)C(C3)c3ccc(cc3)C)c2cc1,1
O1CC(Cc2ccc(cc2)C)C(=O)c2c1cccc2,0
O=C1N(C)C(=O)N(C)C(=O)C1=Cc1c2c(n(c1)Cc1ccc(cc1)C)cccc2,0
O=C(N)c1cc(ccc1NC(=O)\C=C\c1ccccc1)C,1
s1cc(nc1NC(=O)CSc1nc(C)c(n1Nc1ccc(cc1)C)C)-c1ccccc1,1
O1CC(Cc2ccc(O)cc2)C(=O)c2c1cc(cc2)C,0
Clc1cc2Sc3n(S(=O)(=O)c2cc1C(=O)Nc1c2nc(ccc2ccc1)C)ccn3,0
O=C1Nc2c(-n3c1c1c(cccc1)c3)cccc2C,0
FC(F)(F)c1cc(NC(=O)c2cc(Nc3nc(ccn3)-c3cccnc3)c(cc2)C)cc(-n2cc(nc2)C)c1,0
Clc1ccc(cc1)-c1nc(sc1)NC(=O)CSc1nc(C)c(n1Nc1ccccc1)C,1
Clc1cc(NC(=O)Nc2ccc(Oc3cc4cc(O)c(O)cc4nc3C)cc2)ccc1Cl,1
n1n(c(-c2ccccc2)c(C#N)c1-c1nnc(c2nn(cc12)-c1ccccc1)C)-c1ccccc1,0
S1c2n(N=C1c1ccc(N)cc1)c(nn2)C,0
o1nc(C)c(-c2cc(cc(O)c2)C(O)c2ccccc2)c1C,0
Clc1c2c(cccc2)c(c2c1cccc2)-c1noc(C)c1C(=O)Nc1cc(n(c1)C)C(=O)NCCC[NH+](CCCNC(=O)c1n(cc(NC(=O)c2c(noc2C)-c2c3c(cccc3)c(Cl)c3c2cccc3)c1)C)C,1
BrC=1Sc2n(C=1)c(\C=N/NC(=[NH2+])N)c(n2)-c1ccc([N+](=O)[O-])cc1,1
Clc1nc(Cl)nc2n(cnc12)Cc1ccc(cc1)CCl,0
Clc1ncnc2n(cnc12)Cc1ccc(cc1)CCl,1
Clc1nc(Cl)nc2ncn(c12)Cc1ccc(cc1)CCl,1
Clc1ncnc2ncn(c12)Cc1ccc(cc1)CCl,1
Clc1nc(Cl)nc2n(cnc12)Cc1cc(ccc1)CCl,1
Clc1ncnc2n(cnc12)Cc1cc(ccc1)CCl,0
Clc1nc(Cl)nc2ncn(c12)Cc1cc(ccc1)CCl,1
Clc1ncnc2ncn(c12)Cc1cc(ccc1)CCl,0
Clc1nc(Cl)nc2n(cnc12)Cc1ccccc1CCl,1
Clc1ncnc2n(cnc12)Cc1ccccc1CCl,1
Clc1nc(Cl)nc2ncn(c12)Cc1ccccc1CCl,1
Clc1ncnc2ncn(c12)Cc1ccccc1CCl,1
Brc1n2N=C(Sc2nc1-c1ccc(Cl)cc1)C1CC1,1
Clc1ccc(OCc2n3N=C(Sc3nn2)SSC=2Sc3n(N=2)c(nn3)COc2ccc(Cl)cc2)cc1,0
Clc1cccc(Cl)c1Nc1sc2c(n1)cccc2Cl,1
Clc1nc(Cl)nc2n(cnc12)Cc1cc(ccc1)Cn1c2nc(Cl)nc(Cl)c2nc1,1
Clc1nc(Cl)nc2n(cnc12)Cc1ccccc1Cn1c2nc(Cl)nc(Cl)c2nc1,1
O=C1N(c2c3cc(ccc3[nH+]cc2N1C)-c1cc2c(nc1)cccc2)c1ccc(cc1)C(C#N)(C)C,1
O=C1N(c2n(nnc2-c2ccccc2)-c2n(c3c(c12)cccc3)C)CCCC(=O)N(C(=O)NC1CCCCC1)C1CCCCC1,0
O=C1N(c2n(nnc2-c2ccccc2)-c2n(c3c(c12)cccc3)C)CCCC(=O)NCC(=O)N(C(=O)NC1CCCCC1)C1CCCCC1,0
O=C1NC(=Nc2c1c1c3c(n(c1c1n(c4c(c12)cccc4)C)C)cccc3)N,0
Clc1cc2c(n(cc2-c2n[nH]c(c2)-c2c3cc(Cl)ccc3n(c2)C)C)cc1,1
[nH]1nc(cc1-c1c2c(n(c1)C)cccc2)-c1c2c(n(c1)C)cccc2,0
O=C/1Nc2c(nccc2)\C\1=C\c1c2c(n(c1)C)cccc2,1
Clc1cc(Cl)ccc1C1=C(c2c3c(n(c2)C)cccc3)C(=O)NC1=O,1
O=C1NC(=O)C(=C1c1c2c(n(c1)C)cccc2)c1c2cccnc2n(c1)C,1
Brc1ccc(cc1)C=1NC(=O)C(C#N)=C(C=1)c1n(ccc1)C,0
Brc1cc(Cl)c(Nc2c(cc3n(cnc3c2F)C)C(=O)NOCCO)cc1,0
Clc1cc(Cl)c(F)cc1-c1n2N=C(CSc2nn1)c1ccc(Cl)cc1,1
Clc1ccc(NC(=O)\C(=C\N2CCN(C(=O)c3occc3)C2=S)\C#N)cc1,1
S=C1N(CCN1\C=C(\C(=O)c1ccccc1)/C#N)C(=O)c1occc1,1
S=C1N(CCN1\C=C(\C(=O)N)/C#N)C(=O)c1occc1,0
S=C1N(CCN1C=C(C#N)C#N)C(=O)c1ccccc1,0
S=C1N(CCN1C=C(C#N)C#N)C(=O)c1occc1,1
O=C1N([O-])C(=O)C(=C1c1c2c(n(c1)CCCCCC#N)cccc2)c1c2c(n(c1)CCCCCC#N)cccc2,1
Clc1ccc(cc1)[C@@H]1O[C@@H](C[C@](O)(C1)c1ccccc1)CSC#N,1
S(C[C@H]1O[C@H](C[C@@](O)(C1)c1ccccc1)c1ccc(F)cc1)C#N,1
Clc1ccc(cc1)[C@@H]1O[C@@H](C[C@@](O)([C@H]1c1ccccc1)c1ccccc1)CSC#N,1
S(C[C@H]1O[C@H]([C@@H]([C@](O)(C1)c1ccccc1)c1ccccc1)c1ccc(F)cc1)C#N,1
S(CC1OC1)c1nc(-c2ccccc2)c(C#N)c(n1)N1CCOCC1,1
Clc1ccc(-n2nc3c(c2)c(nnc3-c2ccccc2)-c2nn(c(-c3ccccc3)c2C#N)-c2ccccc2)cc1,0
n1n(c(-c2ccccc2)c(C#N)c1-c1nnc(c2nn(cc12)-c1ccccc1)-c1ccccc1)-c1ccccc1,0
Clc1ccc(-n2nc3c(c2)c(nnc3-c2nn(c(-c3ccccc3)c2C#N)-c2ccccc2)-c2nn(c(-c3ccccc3)c2C#N)-c2ccccc2)cc1,1
n1n(c(-c2ccccc2)c(C#N)c1-c1nnc(c2nn(cc12)-c1ccccc1)-c1nn(c(-c2ccccc2)c1C#N)-c1ccccc1)-c1ccccc1,0
Oc1nnc(c2c1nn(c2)-c1ccccc1)-c1nn(c(-c2ccccc2)c1C#N)-c1ccccc1,0
O1CCN(CC1)\C=C\C(=O)c1nn(c(-c2ccccc2)c1C#N)-c1ccccc1,0
Clc1ccc(-n2nc(C(=O)Nc3ccccc3)c(c2)C(=O)c2nn(c(-c3ccccc3)c2C#N)-c2ccccc2)cc1,0
O=C(c1cn(nc1-c1ccccc1)-c1ccccc1)c1nn(c(-c2ccccc2)c1C#N)-c1ccccc1,1
Clc1ccc(NC=2N=C3Sc4cc(Cl)ccc4N3C(=N)C=2C#N)cc1,0
n12-c3c(N=Nc1c1c(cccc1)c2C#N)cccc3,0
s1c2c(nc1-c1cc(C#N)c(N)cc1)cc(F)cc2,1
n1cn(nc1)C(c1ccc(cc1)C#N)c1ccc(cc1)C#N,1
s1c2cc(OC(F)(F)F)ccc2nc1NC(=O)Nc1ccc(cc1)C#N,1
Clc1ccc(-n2nc(C(=O)n3ncc(C#N)c3N)c(O)c2)cc1,1
Clc1cc(cc(Cl)c1)-c1sc(cc1)-c1ccc(cc1)C(=[NH2+])N,1
Clc1ccc(cc1)-c1sc(cc1)-c1ccc(cc1)C(=[NH2+])N,1
Clc1ccc(cc1)-c1sc(cc1)-c1cc(F)c(cc1)C(=[NH2+])N,1
s1c(ccc1-c1ccc(F)cc1)-c1ccc(cc1)C(=[NH2+])N,1
s1c(ccc1-c1ccccc1)-c1cc(F)c(cc1)C(=[NH2+])N,0
Clc1cc(SCc2ccccc2)c(S(=O)(=O)NC(NO)=N)cc1-c1onc(n1)-c1ccccc1,1
Clc1cc(SCc2cc3OCOc3cc2)c(S(=O)(=O)NC(NO)=N)cc1-c1sc(nn1)-c1ccccc1,1
Clc1cc2c(n(cc2\C=C\2/SC(NC/2=O)=N)Cc2ccc(F)cc2)cc1,0
O=C1c2n3CCCCc3nc2C(=N)c2n3CCCCc3nc12,1
s1c(cc(NC(=O)N)c1C(=O)N[C@H]1CCC[NH2+]C1)-c1cc(F)ccc1,1
Clc1ccc(Nc2ncnc3c2cc(NC(=O)N)cc3)cc1,0
Clc1ccc(S(=O)(=O)N([C@H](CCC(F)(F)F)C(=O)N)Cc2ccc(cc2F)-c2ncon2)cc1,0
Brc1cc(C(=O)N)c(NC(=O)\C=C\c2ccccc2)cc1,1
Clc1cc(C(=O)N)c(NC(=O)\C=C\c2ccccc2)cc1,1
Ic1cc(C(=O)N)c(NC(=O)\C=C\c2ccccc2)cc1,1
Ic1cc(C(=O)N)c(NC(=O)\C=C\c2ccccc2Cl)cc1,1
Fc1cc(F)ccc1-c1nc(N(C(=O)N)c2c(F)cccc2F)ccc1C(=O)N,0
P(OC[C@H]1O[C@@H](n2cnc(C(=O)N)c2N)[C@H](O)[C@@H]1O)(=O)([O-])[O-],0
O=C1N2C(=N[N-]1)c1cc(c(nc1C=C2)-c1ccc(cc1)C1([NH3+])CCC1)-c1ccccc1,0
s1c2CCCCCCc2c2c1nc(nc2NN)-c1ncccc1,1
s1cccc1-c1n(nc-2c1Cc1c-2cccc1)-c1ccc(S(=O)(=O)N)cc1,0
S(=O)(=O)(N)c1ccc(cc1)\C=C\c1ccc(F)cc1,1
S(=O)(=O)(N)c1ccc(cc1)\C=C\c1cc(O)c(O)cc1,1
s1cccc1C1N(N=C2C1Cc1c2cccc1)c1ccc(S(=O)(=O)N)cc1,0
Clc1ccc(cc1)-c1nn(c(N)c1)C1=NC(=O)C(=NN1)\C=C\c1occc1,1
Brc1cc(N)cc(Br)c1-c1oc(nn1)CCC(=O)c1[nH]c2c(n1)cccc2,1
Fc1ccc(cc1)CNc1nc2c(nc1-c1ccccc1)c(N)cc(N)c2,1
Fc1ccc(Nc2nc3c(nc2-c2ccccc2)c(N)cc(N)c3)cc1,0
Fc1ccc(Oc2nc3c(nc2-c2ccccc2)c(N)cc(N)c3)cc1,0
S(c1nc2c(nc1-c1ccccc1)c(N)cc(N)c2)c1ccc(F)cc1,0
Brc1cc(ccc1N)-c1sc2c(n1)cccc2,0
O=C(n1nc(N)c2cc(N)ccc12)Nc1ccc(cc1)Cc1ccccc1,0
O=C1NC(=O)CCC1N1Cc2c(cccc2N)C1=O,1
FC(F)(F)c1ccccc1C#C\C=C/C#Cc1ccccc1N,1
FC1(F)[C@H](O)[C@H](O[C@H]1N1C=CC(=NC1=O)N)CO,1
O1[C@H](CO)[C@@H](O)[C@H](O)[C@@H]1N1C=CC(=NC1=O)N,1
Oc1ccc(\N=N\c2c(n[nH]c2N)N)cc1,0
Clc1nc(nc2n(cnc12)Cc1ccc(cc1)CCl)N,1
Clc1nc(nc2n(cnc12)Cc1cc(ccc1)CCl)N,1
Clc1nc(nc2n(cnc12)Cc1ccccc1CCl)N,1
Clc1nc(N)c2ncn(c2n1)[C@@H]1O[C@H](CO)[C@@H](O)[C@@H]1F,1
Clc1nc(N)c2ncn(c2n1)[C@@H]1O[C@H](CO)[C@@H](O)C1,1
Clc1ccc(cc1)C1Nc2nc(nc(N)c2N=C2C1CCc1c2cccc1)N,1
Fc1ccc(cc1)C1Nc2nc(nc(N)c2N=C2C1CCc1c2cccc1)N,1
n1c(N)c2N=C3C(CCc4c3cccc4)C(Nc2nc1N)c1ccccc1,1
S=C1NC(=Nc2[nH]cnc12)N,1
Clc1ccc(Nc2nc(nc3c2-c2c(C3)cccc2)N)cc1,1
Fc1ccc(cc1)-c1cc2c([nH]cc2-c2nc(ncc2)N)nc1,1
[nH]1cc(c2cccnc12)-c1nc(ncc1)N,1
O1c2cc(ccc2OC1)C1=Nc2c(ncnc2N)NC(C1)c1ccc([N+](=O)[O-])cc1,1
O1[C@H](CO)[C@@H](O)[C@@H](O)[C@@H]1n1cc(c2c1ncnc2N)-c1cc[nH]c1,1
O1[C@H](CO)[C@@H](O)[C@@H](O)[C@@H]1n1cc(c2c1ncnc2N)-c1[nH]ccc1,1
s1cccc1-c1c2c(ncnc2N)n(c1)[C@@H]1O[C@H](CO)[C@@H](O)[C@H]1O,1
O1[C@H](CO)[C@@H](O)[C@@H](O)[C@@H]1n1cc(c2c1ncnc2N)-c1ccoc1,1
s1cc(cc1)-c1c2c(ncnc2N)n(c1)[C@@H]1O[C@H](CO)[C@@H](O)[C@H]1O,1
O1[C@H](CO)[C@@H](O)[C@@H](O)[C@@H]1n1cc(c2c1ncnc2N)-c1cn[nH]c1,1
Fc1cccc(F)c1NC(=O)n1nc(N)c2c1cccc2,0
Clc1cc2c(n(nc2N)C(=O)Nc2ccc(cc2)Cc2ccccc2)cc1,1
O=C(n1nc(N)c2c1cccc2)Nc1ccc(cc1)Cc1ccccc1,0
Clc1ccccc1NC(=O)Cn1c2c(nc1-c1nonc1N)cccc2,1
Brc1cc(ccc1)Cn1c2c(nc1-c1nonc1N)cccc2,1
FC(F)(F)c1cc(ccc1)Cn1c2c(nc1-c1nonc1N)cccc2,1
O=C1Nc2c(C=C1\C=C\C(=O)\C=C\C1=Cc3c(NC1=O)cccc3)cccc2,1
Clc1ccc(cc1)C(=O)\C=C\C1=Cc2c(NC1=O)cccc2,1
Oc1ccc(cc1)C(=O)\C=C\C1=Cc2c(NC1=O)cccc2,1
OCC[NH+](Cc1ccc(cc1)\C=C\C(=O)N[O-])CCc1c2c([nH]c1)cccc2,1
Clc1ccc(cc1)\C=C\C(=O)\C=C\c1c2c([nH]c1)cccc2,0
Oc1cc(ccc1O)CCOC(=O)\C=C\c1cc(O)c(O)cc1,1
Clc1ccc(cc1)C=1NC(=O)N(C=1)c1cc(ccc1)C(=O)\C=C\c1cc(O)ccc1,1
Oc1cc(ccc1)\C=C\C(=O)c1cc(N2C=C(NC2=O)c2ccccc2)ccc1,1
Clc1ccc(cc1)C(=O)\C=C\c1cn(nc1-c1ccc([N+](=O)[O-])cc1)-c1ccccc1,1
O=C(N[O-])\C=C\c1nnn(c1)C(\C=C\c1ccccc1)Cc1ccccc1,1
S=C1N(CCN1C=C(C(=O)c1ccccc1)C(=O)c1ccccc1)C(=O)c1occc1,1
Clc1ccc(NC(=O)CC2Sc3n(ncn3)C2=O)cc1,0
S1c2n(ncn2)C(=O)C1CC(=O)Nc1ccccc1,1
O=C/1Nc2c(cc(NC(=O)CCCCCCC(=O)N[O-])cc2)\C\1=C\c1[nH]ccc1,1
O=C(Nc1ccccc1)CCCCCCC(=O)N[O-],1
O=C(Nc1ccccc1-c1ccccc1)CCCCCCCn1nnc(c1)-c1cccnc1,1
ClCCN(CCCl)c1ccc(cc1)CCCC(=O)NCCC[P+](c1ccccc1)(c1ccccc1)c1ccccc1,1
s1c2c(-n3nnc(c3N(CCCC(=O)NCCc3nc[nH]c3)C2=O)-c2ccccc2)c2c1cccc2,0
s1c2c(N(c3n(nnc3-c3ccccc3)C2=O)CCCC(=O)NCCc2nc[nH]c2)c2c1cccc2,1
Clc1cc(Cl)ccc1-c1oc(nn1)CCC(=O)c1[nH]c2c(n1)cccc2,1
Clc1cc(Cl)ccc1C=1Sc2n(N=1)c(nn2)CCC(=O)c1[nH]c2c(n1)cccc2,1
Fc1cc2c(N(C=C(C(=O)[O-])C2=O)C2CC2)cc1N1CC[NH+](CC1)CC(=O)Nc1ccc(cc1)C(=O)\C=C\c1ccccc1,1
Clc1ccc(cc1)\C=C\C(=O)c1ccc(NC(=O)CO[N+](=O)[O-])cc1,1
S(CC(=O)NCc1ccccc1)C=1N2N=C(c3ccccc3)C(=O)N=C2c2c(N=1)cccc2,1
FC(F)(F)c1[nH+]ccc(Nc2ccc(cc2)CC(=O)N\N=C\c2ccccc2O)c1,1
Brc1ccc(cc1)-c1nc2SC=C(n2c1)CC(=O)N\N=C\c1ccc(Cl)cc1Cl,0
Brc1ccc(cc1)-c1nc2SC=C(n2c1)CC(=O)N\N=C\c1ccc(O)cc1,0
Brc1ccc(cc1)-c1nc2SC=C(n2c1)CC(=O)N\N=C\c1ccccc1,0
Brc1ccc(cc1)-c1nc2SC=C(n2c1)CC(=O)N\N=C\c1ccccc1O,1
Clc1cc(\C=N\NC(=O)c2ccccc2Nc2cc([nH+]cc2)C(F)(F)F)c(O)cc1,1
FC(F)(F)c1[nH+]ccc(Nc2ccc(cc2)C(=O)N\N=C\c2ccc(O)cc2O)c1,1
FC(F)(F)c1[nH+]ccc(Nc2cc(ccc2)C(=O)N\N=C\c2ccc(O)cc2O)c1,1
FC(F)(F)c1[nH+]ccc(Nc2ccccc2C(=O)N\N=C\c2ccccc2O)c1,1
s1cccc1C1N(N=C2C1Cc1c2cccc1)c1ccc(S(=O)([O-])=NC(=S)NC(=O)c2ccccc2)cc1,0
s1cccc1-c1n(nc-2c1Cc1c-2cccc1)-c1ccc(S(=O)([O-])=NC(=O)NC2CCCCC2)cc1,0
Ic1cnc(nc1NCCCNC(=O)c1sccc1)Nc1cc(NC(=O)N2CCCC2)ccc1,1
S1C=Cn2c1nc(c2-c1nc(ncc1)NCCNC(=O)c1ccccc1O)-c1cc(O)ccc1,1
Clc1cc(Cl)ccc1S(=O)(=O)NNC(=O)c1cccnc1Nc1ccc(Cl)cc1,0
Clc1cc(Cl)ccc1Nc1ncccc1C(=O)NNS(=O)(=O)c1ccc(F)cc1,0
Ic1cc(Cl)c(Nc2c(F)c(F)ccc2C(=O)NOCC2CC2)cc1,0
Ic1cc(F)c(Nc2c(F)c(F)ccc2C(=O)NOC[C@H](O)CO)cc1,1
Clc1cc(Cl)ccc1NC1=NS(=O)(=O)c2c1cc(NC(=O)Nc1ccc(Cl)cc1)cc2,1
Clc1ccc(NC(=O)Nc2ccccc2SCCCSc2ccccc2NC(=O)Nc2ccc(Cl)cc2)cc1,1
s1c2cc(OC(F)(F)F)ccc2nc1NC(=O)Nc1ccc(F)cc1,1
FC1(F)CC1C(=O)Nc1cc2c([nH]nc2-c2[nH]c3cc(N4CCOCC4)ccc3n2)cc1,1
Clc1ccc(cc1O)-c1nn(cc1-c1ccncc1)-c1cc(NC(=O)Nc2cc(cc(c2)C(F)(F)F)C(F)(F)F)ccc1,1
Clc1ccc(NC(=O)Nc2cc(-n3nc(c(c3)-c3ccncc3)-c3cc(O)c(Cl)cc3)ccc2)cc1C(F)(F)F,1
Clc1ccc(cc1O)-c1nn(cc1-c1ccncc1)-c1cc(NC(=O)Nc2cc(Cl)c(Cl)cc2)ccc1,1
Clc1ccc(cc1O)-c1nn(cc1-c1ccncc1)-c1cc(NC(=O)Nc2cc(ccc2)C(F)(F)F)ccc1,1
Clc1ccc(cc1O)-c1nn(cc1-c1ccncc1)-c1cc(NC(=O)c2cc(C(F)(F)F)c(N3CCOCC3)cc2)ccc1,0
Clc1cc2Sc3n(S(=O)(=O)c2cc1C(=O)Nc1c2nsnc2ccc1)ccn3,0
s1cccc1-c1n(nc-2c1Cc1c-2cccc1)-c1ccc(S(=O)([O-])=NC(=O)Nc2ccccc2)cc1,0
S(=O)([O-])(=NC(=O)Nc1ccccc1)c1ccc(N2N=C3C(Cc4c3cccc4)C2c2cccnc2)cc1,0
FC(F)(F)Oc1ccccc1NC(=O)Nc1n[nH]c2c1cccc2,0
s1c2c(nc1NC(=O)NC(C(F)(F)F)C(F)(F)F)cccc2,0
s1c2c(nc1NC(=O)C1=Nc3n(nc(c3)-c3ccccc3)C(=C1)c1ccc(F)cc1)cccc2,1
s1ccnc1NC(=O)NC(C(F)(F)F)C(F)(F)F,0
Clc1cc2Sc3n(S(=O)(=O)c2cc1C(=O)Nc1sccn1)ccn3,0
Clc1ccc(cc1)-c1nonc1[N-]C(=O)c1ccc(cc1)C(F)(F)F,1
Oc1ccc(cc1)\C=C\C(=O)[O-],1
Oc1cc2c3c([nH]c2cc1)c(nc(c3)C(=O)[O-])C(=O)c1nc[nH]c1,0
Clc1cc(Cl)cc(Cl)c1OC(=O)c1ccccc1Nc1cc([nH+]cc1)C(F)(F)F,1
Clc1ccc(OC(=O)c2ccccc2Nc2cc([nH+]cc2)C(F)(F)F)cc1,0
Clc1cc(Cl)ccc1OC(=O)c1ccccc1Nc1cc([nH+]cc1)C(F)(F)F,1
Clc1cc(OC(=O)c2ccccc2Nc2cc([nH+]cc2)C(F)(F)F)ccc1,1
Clc1ccccc1OC(=O)c1ccccc1Nc1cc([nH+]cc1)C(F)(F)F,1
FC(F)(F)c1[nH+]ccc(Nc2ccccc2C(Oc2cccnc2)=O)c1,1
Clc1cc(cc(Cl)c1)C(=O)N1CCN(C(=O)c2cc(Cl)cc(Cl)c2)C1=S,0
Clc1cc(ccc1Cl)C(=O)N1CCN(C(=O)c2cc(Cl)c(Cl)cc2)C1=S,0
Clc1cc(Cl)ccc1C(=O)N1CCN(C(=O)c2ccc(Cl)cc2Cl)C1=S,0
Clc1cccc(Cl)c1C=1SC(=S)N(N=1)C(=O)c1ccc(O)cc1,0
S1c2cc(ccc2Nc2c1cccc2)C(=O)c1c2c([nH]c1)cccc2,1
O=C(N1CCN(CC1)c1ncc(cn1)Cc1ccccc1)c1cc(Nc2ncnc3c2cccc3)ccc1,1
s1cccc1C1N(N=C2C1Cc1c2cccc1)c1ccc(S(=O)(=O)\N=C/2\SC=C(N\2C(=O)c2ccccc2)c2ccccc2)cc1,0
S=C1N(CCN1C(=O)c1occc1)C(=O)c1occc1,1
s1cccc1C(=O)N1CCN(C(=O)c2sccc2)C1=S,1
Clc1ccc(-n2nc(C(=O)n3nc(cc3C(F)(F)F)-c3occc3)c(O)c2)cc1,1
s1cccc1\C=C\1/CC\C(=C/c2sccc2)\C/1=O,0
Clc1cccc(Cl)c1C(=O)N1c2c(cccc2)\C(=C\c2c3c([nH]c2)cccc3)\C1=O,1
Clc1cccc(Cl)c1N1c2c(cccc2)\C(=C\c2ncccc2)\C1=O,1
Clc1cccc(Cl)c1N1c2c(cccc2)\C(=C\C2=COc3c(cccc3)C2=O)\C1=O,1
O1c2cc(ccc2OC1)CCNC1=CC2=NCCc3c2c([nH]c3)C1=O,1
Fc1ccc(cc1)CNC1=CC2=NCCc3c2c([nH]c3)C1=O,1
O=C1c2[nH]cc3CCN=C(C=C1NCc1ccccc1)c23,1
Clc1ccc(-n2nc(C(=O)N3NC(=O)CC3=O)c(O)c2)cc1,1
Brc1cc(Br)cc2c1nc1CC(CC(=O)c1c2)C(F)(F)F,1
Brc1cc2c(nc3c(c2-c2ccccc2F)C(=O)CC(C3)C(F)(F)F)cc1,0
Clc1cc2c(nc3c(c2-c2ccccc2)C(=O)CC(C3)C(F)(F)F)cc1,0
Clc1ccccc1-c1c2c(nc3c1cc(Cl)cc3)CC(CC2=O)C(F)(F)F,0
s1cccc1C1N(N=C2C1Cc1c2cccc1)c1ccc(S(=O)(=O)\N=C\2/SCCC(=O)N/2C(=O)c2ccccc2)cc1,1
s1cccc1C1N(N=C2C1Cc1c2cccc1)c1ccc(S(=O)(=O)\N=C\2/SCCC(=O)N/2c2ccccc2)cc1,0
O=C1Nc2c(nc(nc2)NCCc2ccccc2)N(C1)Cc1ccccc1,0
O=C1Nc2c(nc(nc2)Nc2ccccc2)N(C1)Cc1ccccc1,0
Clc1ccc(Nc2nc3NCC(=O)Nc3cn2)cc1,0
Fc1ccc(Nc2nc3NCC(=O)Nc3cn2)cc1,0
s1cccc1C1N(N=C2C1Cc1c2cccc1)c1ccc(S(=O)(=O)\N=C\2/SCC(=O)CN/2c2ccccc2)cc1,0
s1cccc1C1N(N=C2C1Cc1c2cccc1)c1ccc(S(=O)(=O)\N=C\2/SCC(=O)N/2C(=O)c2ccccc2)cc1,0
S1\C(=C/c2cc3c(nccc3)cc2)\C(=O)N=C1NCc1sccc1,0
Clc1ccc(cc1)C1N(N=C(C1)c1cc2c(cc1)cccc2)C(=O)\C=C\1/SC(=O)[N-]C/1=O,1
Clc1ccccc1-c1c2c(c3c4cc(O)ccc4[nH]c3c1)C(=O)NC2=O,0
Clc1cccc(Cl)c1C(=O)n1cc(c2c1cccc2)\C=C/1\c2c(NC\1=O)cccc2,1
Fc1ccccc1-c1nc(c2n1C=CC=C2)\C=C\1/c2c(NC/1=O)cccc2,1
O=C/1Nc2ncccc2\C\1=C/1\Nc2c(cccc2)\C\1=N/O,1
O=C/1c2cccnc2N\C\1=C/1\c2cccnc2NC\1=O,1
Brc1cc2-[n+]3c(c4[nH]c5c(c4cc3)cccc5)C(=O)c2cc1,1
O=C1c2c(-c3nccc4c3c1ncc4)cccc2,0
s1nc2c(n1)c1c(cc2SCc2ccccc2)C(=O)c2c(cccc2)C1=O,0
s1nc2c(n1)c1c(cc2Sc2ccc(F)cc2F)C(=O)c2c(cccc2)C1=O,1
Clc1cc(Sc2c3nsnc3c3c(c2)C(=O)c2c(cccc2)C3=O)ccc1,1
Brc1ccccc1Sc1c2nsnc2c2c(c1)C(=O)c1c(cccc1)C2=O,0
S(CC[NH+]1CCCC1)c1[nH]c2c3c(ccc2n1)C(=O)c1c(cccc1)C3=O,0
O=C1c2c(ccc3nccnc23)C(=O)c2c1cccc2,0
s1nc2c3c(ccc2n1)C(=O)c1c(cccc1)C3=O,1
Clc1ccc(cc1)CC1COc2c(cccc2)C1=O,0
O1CC(Cc2ccc(O)cc2)C(=O)c2c1cccc2,0
S=C1N(CCN1C=O)C(=O)c1occc1,1
Clc1cc(N2CCN(C=O)C2=S)cc(Cl)c1,0
Clc1cc(N2CCN(C=O)C2=S)ccc1Cl,0
Clc1ccc(N2CCN(C=O)C2=S)cc1,0
Clc1ccc(cc1)C1=NN(C=O)C(C1)c1cc(Nc2c3c([nH+]cc2)cc(Cl)cc3)ccc1,1
Clc1ccc(cc1)C1N(N=C(C1)c1ccc(Nc2c3c([nH+]cc2)cc(Cl)cc3)cc1)C=O,1
Clc1cc2[nH+]ccc(Nc3ccc(cc3)C3=NN(C=O)C(C3)c3ccccc3)c2cc1,1
Clc1ccc(cc1)C1N(N=C(C1)c1cc(Nc2c3c([nH+]cc2)cc(Cl)cc3)ccc1)C=O,1
Clc1cc2[nH+]ccc(Nc3cc(ccc3)C3=NN(C=O)C(C3)c3ccccc3)c2cc1,1
Clc1cc2-c3n(N=Nc2cc1)c1ncccc1c3N=O,1
s1cccc1C1N(N=C2C1Cc1c2cccc1)c1ccc(S(=O)(=O)\N=C\2/SC=C(N/2c2ccccc2)c2ccccc2)cc1,0
s1cccc1C1N(N=C2C1Cc1c2cccc1)c1ccc(S(=O)([O-])=NC(=S)Nc2ccccc2)cc1,0
S(=O)(=O)(Nc1ncccc1)c1cc2nc(c(nc2cc1)-c1ccccc1)-c1ccccc1,1
S\1c2n(ncn2)C(=O)/C/1=C/c1ccc(F)cc1,0
s1c2CCCCCCc2c2c1N=C(NC2=O)c1ncccc1,1
FC1=CN([C@@H]2O[C@H](CO)[C@@H](O)C2)C(=O)NC1=O,1
Clc1cc2NC(=O)c3n(-c2cc1Cl)cc1c3cccc1,0
O=C1Nc2c(-n3c1c1c(cccc1)c3)cccc2,0
FC1=CNC(=O)NC1=O,0
Clc1ccccc1\C=N\N1C(=Nc2c(cccc2)C1=O)c1occc1,1
Clc1ccc(cc1)CN1C(=Nc2c(cccc2)C1=O)\C=C\c1cccnc1,1
O=C1N(Cc2ccccc2)C(=Nc2c1cccc2)\C=C\c1cccnc1,0
S1c2c(Sc3c1cccc3)cccc2C=1OC(N2CCOCC2)=CC(=O)C=1,0
S(CCCCCOC1=COC(=CC1=O)C[NH+]1CCOCC1)c1c2c(ncc1)cc(cc2)C(F)(F)F,0
s1c2c(c3c1cccc3)cccc2-c1c2OC(N3CCOCC3)=CC(=O)c2ccc1,0
O1c2cc(O)ccc2C=CC1=O,0
O1c2cc(O\C=C\c3ccccc3)ccc2C=CC1=O,0
O1c2cc(OCc3ccccc3)ccc2C=CC1=O,1
s1cc(nc1N\N=C\c1c2c([nH]c1)cccc2)C1=Cc2c(OC1=O)cccc2,1
O1c2c(N(CCCCCC[NH+]3CC[NH+](CC3)CCCCCCN3c4c(OC3=O)cccc4)C1=O)cccc2,0
O1c2c(N(CCCCCC[NH+]3CC[NH+](CC3)CCCCCN3c4c(OC3=O)cccc4)C1=O)cccc2,0
S1c2c(N(CCCCCC[NH+]3CC[NH+](CC3)CCCCCCN3c4c(SC3=O)cccc4)C1=O)cccc2,0
S1c2c(N(CCCCCC[NH+]3CC[NH+](CC3)CCCCCN3c4c(SC3=O)cccc4)C1=O)cccc2,0
S1c2c(N(CCCCCC[NH+]3CC[NH+](CC3)CCCCN3c4c(SC3=O)cccc4)C1=O)cccc2,0
S1c2c(N(CCCCCC[NH+]3CC[NH+](CC3)CCCN3c4c(SC3=O)cccc4)C1=O)cccc2,0
S1c2c(N(CCCCCC[NH+]3CC[NH+](CC3)CCN3c4c(SC3=O)cccc4)C1=O)cccc2,0
S1c2c(N(CCCCC[NH+]3CC[NH+](CC3)CCCCCN3c4c(SC3=O)cccc4)C1=O)cccc2,0
S1c2c(N(CCCCC[NH+]3CC[NH+](CC3)CCCCN3c4c(SC3=O)cccc4)C1=O)cccc2,0
S1c2c(N(CCCCC[NH+]3CC[NH+](CC3)CCCN3c4c(SC3=O)cccc4)C1=O)cccc2,0
ClCCN(CCCl)c1ccc(cc1)B(O)O,1
Clc1ccc(cc1)[C@@]1(O)C[C@@H](O[C@@H]1c1ccc(Cl)cc1)CO,0
Clc1ccccc1[C@@]1(O)C[C@@H](O[C@@H]1c1ccccc1Cl)CO,0
Fc1c2c(ncnc2-c2occc2)n(c1)[C@@H]1O[C@H](CO)[C@@H](O)[C@H]1O,1
s1cccc1-c1ncnc2n(cc(F)c12)[C@@H]1O[C@H](CO)[C@@H](O)[C@H]1O,1
o1cccc1-c1ncnc2n(ccc12)[C@@H]1O[C@H](CO)[C@@H](O)[C@H]1O,1
s1cccc1-c1ncnc2n(ccc12)[C@@H]1O[C@H](CO)[C@@H](O)[C@H]1O,1
O1[C@H](CO)[C@@H](O)[C@@H](O)[C@@H]1n1c2ncnc(c2cc1)-c1ccoc1,1
[se]1c2c(n(nc2-c2oc(cc2)CO)Cc2ccccc2)cc1,0
o1c(ccc1CO)Cn1c2cc(oc2c2c1cccc2)CO,1
Clc1ccc(cc1)-c1oc(nn1)-c1sc2nnc(c(c2c1O)-c1ccccc1)-c1ccccc1,1
Clc1ccc(cc1)C1=NNC(C1)c1cc(ccc1O)Cc1cc(C2NN=C(C2)c2ccc(Cl)cc2)c(O)cc1,1
O(CCN(CCOc1ccc(O)cc1)c1ccccc1)c1ccc(O)cc1,1
Clc1ccc(OCc2n3N=C(Sc3nn2)S)cc1,0
s1c2CCCCCCc2c2c1nc(nc2N1CCOCC1)-c1ncccc1,1
[nH]1cc(c2c1cccc2)CCNc1nc(nc2c1cccc2)-c1ccccc1,1
n1cnc2c(cccc2)c1N1CCN(CC1)c1ncc(cn1)Cc1ccccc1,1
[nH]1c2c(nc1-c1ccc(cc1)-c1nccc3c1[nH]c1c3cccc1)cccc2,1
[nH+]1ccc(Nc2ccc(NCCc3c4c([nH]c3)cccc4)cc2)cc1,1
[nH]1cc(c2c1cccc2)CCNc1ncnc2c1cccc2,0
[NH2+]1CCc2c([nH]c3c2cccc3)C1c1ccc(cc1)C1[NH2+]CCc2c1[nH]c1c2cccc1,1
S(CCCC[NH+]1CC[NH+](CC1)CCCCSc1oc2c(n1)cccc2)c1oc2c(n1)cccc2,0
